ano,codigo,material,mes,indice,ficheiro
2015,M01,Britas,JAN,104.4,cife2015_MATERIAIS.xls
2015,M01,Britas,FEV,104.7,cife2015_MATERIAIS.xls
2015,M01,Britas,MAR,105.0,cife2015_MATERIAIS.xls
2015,M01,Britas,ABR,104.8,cife2015_MATERIAIS.xls
2015,M01,Britas,MAI,104.5,cife2015_MATERIAIS.xls
2015,M01,Britas,JUN,104.4,cife2015_MATERIAIS.xls
2015,M01,Britas,JUL,104.4,cife2015_MATERIAIS.xls
2015,M01,Britas,AGO,105.0,cife2015_MATERIAIS.xls
2015,M01,Britas,SET,105.7,cife2015_MATERIAIS.xls
2015,M01,Britas,OUT,104.03422156856071,cife2015_MATERIAIS.xls
2015,M01,Britas,NOV,104.63825216080792,cife2015_MATERIAIS.xls
2015,M01,Britas,DEZ,104.63825216080792,cife2015_MATERIAIS.xls
2015,M02,Areias,JAN,87.9,cife2015_MATERIAIS.xls
2015,M02,Areias,FEV,87.9,cife2015_MATERIAIS.xls
2015,M02,Areias,MAR,87.9,cife2015_MATERIAIS.xls
2015,M02,Areias,ABR,87.9,cife2015_MATERIAIS.xls
2015,M02,Areias,MAI,87.9,cife2015_MATERIAIS.xls
2015,M02,Areias,JUN,87.9,cife2015_MATERIAIS.xls
2015,M02,Areias,JUL,87.9,cife2015_MATERIAIS.xls
2015,M02,Areias,AGO,87.9,cife2015_MATERIAIS.xls
2015,M02,Areias,SET,87.9,cife2015_MATERIAIS.xls
2015,M02,Areias,OUT,87.91151642838571,cife2015_MATERIAIS.xls
2015,M02,Areias,NOV,87.91151642838571,cife2015_MATERIAIS.xls
2015,M02,Areias,DEZ,87.91151642838571,cife2015_MATERIAIS.xls
2015,M03,Inertes,JAN,98.4,cife2015_MATERIAIS.xls
2015,M03,Inertes,FEV,98.5,cife2015_MATERIAIS.xls
2015,M03,Inertes,MAR,98.7,cife2015_MATERIAIS.xls
2015,M03,Inertes,ABR,98.6,cife2015_MATERIAIS.xls
2015,M03,Inertes,MAI,98.5,cife2015_MATERIAIS.xls
2015,M03,Inertes,JUN,98.4,cife2015_MATERIAIS.xls
2015,M03,Inertes,JUL,98.4,cife2015_MATERIAIS.xls
2015,M03,Inertes,AGO,98.7,cife2015_MATERIAIS.xls
2015,M03,Inertes,SET,99.0,cife2015_MATERIAIS.xls
2015,M03,Inertes,OUT,98.2089193300086,cife2015_MATERIAIS.xls
2015,M03,Inertes,NOV,98.48723702707929,cife2015_MATERIAIS.xls
2015,M03,Inertes,DEZ,98.48723702707929,cife2015_MATERIAIS.xls
2015,M04,Ladrilhos de calcário e granito,JAN,96.1,cife2015_MATERIAIS.xls
2015,M04,Ladrilhos de calcário e granito,FEV,96.1,cife2015_MATERIAIS.xls
2015,M04,Ladrilhos de calcário e granito,MAR,96.1,cife2015_MATERIAIS.xls
2015,M04,Ladrilhos de calcário e granito,ABR,96.1,cife2015_MATERIAIS.xls
2015,M04,Ladrilhos de calcário e granito,MAI,96.1,cife2015_MATERIAIS.xls
2015,M04,Ladrilhos de calcário e granito,JUN,96.1,cife2015_MATERIAIS.xls
2015,M04,Ladrilhos de calcário e granito,JUL,96.1,cife2015_MATERIAIS.xls
2015,M04,Ladrilhos de calcário e granito,AGO,96.1,cife2015_MATERIAIS.xls
2015,M04,Ladrilhos de calcário e granito,SET,96.1,cife2015_MATERIAIS.xls
2015,M04,Ladrilhos de calcário e granito,OUT,96.09689915477985,cife2015_MATERIAIS.xls
2015,M04,Ladrilhos de calcário e granito,NOV,96.09689915477985,cife2015_MATERIAIS.xls
2015,M04,Ladrilhos de calcário e granito,DEZ,96.09689915477985,cife2015_MATERIAIS.xls
2015,M05,Cantarias de calcário e granito,JAN,110.6,cife2015_MATERIAIS.xls
2015,M05,Cantarias de calcário e granito,FEV,110.6,cife2015_MATERIAIS.xls
2015,M05,Cantarias de calcário e granito,MAR,110.6,cife2015_MATERIAIS.xls
2015,M05,Cantarias de calcário e granito,ABR,110.6,cife2015_MATERIAIS.xls
2015,M05,Cantarias de calcário e granito,MAI,110.6,cife2015_MATERIAIS.xls
2015,M05,Cantarias de calcário e granito,JUN,110.6,cife2015_MATERIAIS.xls
2015,M05,Cantarias de calcário e granito,JUL,110.6,cife2015_MATERIAIS.xls
2015,M05,Cantarias de calcário e granito,AGO,110.6,cife2015_MATERIAIS.xls
2015,M05,Cantarias de calcário e granito,SET,110.6,cife2015_MATERIAIS.xls
2015,M05,Cantarias de calcário e granito,OUT,110.64053236099295,cife2015_MATERIAIS.xls
2015,M05,Cantarias de calcário e granito,NOV,110.64053236099295,cife2015_MATERIAIS.xls
2015,M05,Cantarias de calcário e granito,DEZ,110.64053236099295,cife2015_MATERIAIS.xls
2015,M06,Ladr. e cant. de calcário e granito,JAN,96.4,cife2015_MATERIAIS.xls
2015,M06,Ladr. e cant. de calcário e granito,FEV,96.4,cife2015_MATERIAIS.xls
2015,M06,Ladr. e cant. de calcário e granito,MAR,96.4,cife2015_MATERIAIS.xls
2015,M06,Ladr. e cant. de calcário e granito,ABR,96.4,cife2015_MATERIAIS.xls
2015,M06,Ladr. e cant. de calcário e granito,MAI,96.4,cife2015_MATERIAIS.xls
2015,M06,Ladr. e cant. de calcário e granito,JUN,96.4,cife2015_MATERIAIS.xls
2015,M06,Ladr. e cant. de calcário e granito,JUL,96.4,cife2015_MATERIAIS.xls
2015,M06,Ladr. e cant. de calcário e granito,AGO,96.4,cife2015_MATERIAIS.xls
2015,M06,Ladr. e cant. de calcário e granito,SET,96.4,cife2015_MATERIAIS.xls
2015,M06,Ladr. e cant. de calcário e granito,OUT,96.36377811672742,cife2015_MATERIAIS.xls
2015,M06,Ladr. e cant. de calcário e granito,NOV,96.36377811672742,cife2015_MATERIAIS.xls
2015,M06,Ladr. e cant. de calcário e granito,DEZ,96.36377811672742,cife2015_MATERIAIS.xls
2015,M07,Telhas cerâmicas,JAN,121.4,cife2015_MATERIAIS.xls
2015,M07,Telhas cerâmicas,FEV,118.8,cife2015_MATERIAIS.xls
2015,M07,Telhas cerâmicas,MAR,119.6,cife2015_MATERIAIS.xls
2015,M07,Telhas cerâmicas,ABR,120.3,cife2015_MATERIAIS.xls
2015,M07,Telhas cerâmicas,MAI,123.0,cife2015_MATERIAIS.xls
2015,M07,Telhas cerâmicas,JUN,121.4,cife2015_MATERIAIS.xls
2015,M07,Telhas cerâmicas,JUL,122.8,cife2015_MATERIAIS.xls
2015,M07,Telhas cerâmicas,AGO,121.0,cife2015_MATERIAIS.xls
2015,M07,Telhas cerâmicas,SET,121.6,cife2015_MATERIAIS.xls
2015,M07,Telhas cerâmicas,OUT,121.1553477421111,cife2015_MATERIAIS.xls
2015,M07,Telhas cerâmicas,NOV,121.96811451577656,cife2015_MATERIAIS.xls
2015,M07,Telhas cerâmicas,DEZ,121.36240239547831,cife2015_MATERIAIS.xls
2015,M08,Tijolos cerâmicos,JAN,92.6,cife2015_MATERIAIS.xls
2015,M08,Tijolos cerâmicos,FEV,92.5,cife2015_MATERIAIS.xls
2015,M08,Tijolos cerâmicos,MAR,92.7,cife2015_MATERIAIS.xls
2015,M08,Tijolos cerâmicos,ABR,92.8,cife2015_MATERIAIS.xls
2015,M08,Tijolos cerâmicos,MAI,92.7,cife2015_MATERIAIS.xls
2015,M08,Tijolos cerâmicos,JUN,92.8,cife2015_MATERIAIS.xls
2015,M08,Tijolos cerâmicos,JUL,92.7,cife2015_MATERIAIS.xls
2015,M08,Tijolos cerâmicos,AGO,92.7,cife2015_MATERIAIS.xls
2015,M08,Tijolos cerâmicos,SET,92.7,cife2015_MATERIAIS.xls
2015,M08,Tijolos cerâmicos,OUT,92.69718253627539,cife2015_MATERIAIS.xls
2015,M08,Tijolos cerâmicos,NOV,92.71129973928723,cife2015_MATERIAIS.xls
2015,M08,Tijolos cerâmicos,DEZ,92.8173205138003,cife2015_MATERIAIS.xls
2015,M09,Produtos Cerâmicos Vermelhos,JAN,101.0,cife2015_MATERIAIS.xls
2015,M09,Produtos Cerâmicos Vermelhos,FEV,100.2,cife2015_MATERIAIS.xls
2015,M09,Produtos Cerâmicos Vermelhos,MAR,100.5,cife2015_MATERIAIS.xls
2015,M09,Produtos Cerâmicos Vermelhos,ABR,100.8,cife2015_MATERIAIS.xls
2015,M09,Produtos Cerâmicos Vermelhos,MAI,101.6,cife2015_MATERIAIS.xls
2015,M09,Produtos Cerâmicos Vermelhos,JUN,101.1,cife2015_MATERIAIS.xls
2015,M09,Produtos Cerâmicos Vermelhos,JUL,101.5,cife2015_MATERIAIS.xls
2015,M09,Produtos Cerâmicos Vermelhos,AGO,101.0,cife2015_MATERIAIS.xls
2015,M09,Produtos Cerâmicos Vermelhos,SET,101.1,cife2015_MATERIAIS.xls
2015,M09,Produtos Cerâmicos Vermelhos,OUT,100.98342758243261,cife2015_MATERIAIS.xls
2015,M09,Produtos Cerâmicos Vermelhos,NOV,101.24393487388184,cife2015_MATERIAIS.xls
2015,M09,Produtos Cerâmicos Vermelhos,DEZ,101.12974543742003,cife2015_MATERIAIS.xls
2015,M10,Azulejos e Mosaicos,JAN,95.9,cife2015_MATERIAIS.xls
2015,M10,Azulejos e Mosaicos,FEV,95.9,cife2015_MATERIAIS.xls
2015,M10,Azulejos e Mosaicos,MAR,95.9,cife2015_MATERIAIS.xls
2015,M10,Azulejos e Mosaicos,ABR,95.9,cife2015_MATERIAIS.xls
2015,M10,Azulejos e Mosaicos,MAI,94.6,cife2015_MATERIAIS.xls
2015,M10,Azulejos e Mosaicos,JUN,93.7,cife2015_MATERIAIS.xls
2015,M10,Azulejos e Mosaicos,JUL,93.7,cife2015_MATERIAIS.xls
2015,M10,Azulejos e Mosaicos,AGO,93.7,cife2015_MATERIAIS.xls
2015,M10,Azulejos e Mosaicos,SET,93.4,cife2015_MATERIAIS.xls
2015,M10,Azulejos e Mosaicos,OUT,93.76607010767434,cife2015_MATERIAIS.xls
2015,M10,Azulejos e Mosaicos,NOV,93.76607010767434,cife2015_MATERIAIS.xls
2015,M10,Azulejos e Mosaicos,DEZ,93.76607010767434,cife2015_MATERIAIS.xls
2015,M12,Aço em Varão e Perfilados,JAN,270.0,cife2015_MATERIAIS.xls
2015,M12,Aço em Varão e Perfilados,FEV,269.5,cife2015_MATERIAIS.xls
2015,M12,Aço em Varão e Perfilados,MAR,269.4,cife2015_MATERIAIS.xls
2015,M12,Aço em Varão e Perfilados,ABR,269.9,cife2015_MATERIAIS.xls
2015,M12,Aço em Varão e Perfilados,MAI,269.3,cife2015_MATERIAIS.xls
2015,M12,Aço em Varão e Perfilados,JUN,270.2,cife2015_MATERIAIS.xls
2015,M12,Aço em Varão e Perfilados,JUL,269.7,cife2015_MATERIAIS.xls
2015,M12,Aço em Varão e Perfilados,AGO,269.4,cife2015_MATERIAIS.xls
2015,M12,Aço em Varão e Perfilados,SET,268.2,cife2015_MATERIAIS.xls
2015,M12,Aço em Varão e Perfilados,OUT,266.2834068840225,cife2015_MATERIAIS.xls
2015,M12,Aço em Varão e Perfilados,NOV,265.98207389626526,cife2015_MATERIAIS.xls
2015,M12,Aço em Varão e Perfilados,DEZ,266.2981819481504,cife2015_MATERIAIS.xls
2015,M13,Chapa de Aço Macio,JAN,147.5,cife2015_MATERIAIS.xls
2015,M13,Chapa de Aço Macio,FEV,147.5,cife2015_MATERIAIS.xls
2015,M13,Chapa de Aço Macio,MAR,147.5,cife2015_MATERIAIS.xls
2015,M13,Chapa de Aço Macio,ABR,147.5,cife2015_MATERIAIS.xls
2015,M13,Chapa de Aço Macio,MAI,147.5,cife2015_MATERIAIS.xls
2015,M13,Chapa de Aço Macio,JUN,147.5,cife2015_MATERIAIS.xls
2015,M13,Chapa de Aço Macio,JUL,147.5,cife2015_MATERIAIS.xls
2015,M13,Chapa de Aço Macio,AGO,147.4,cife2015_MATERIAIS.xls
2015,M13,Chapa de Aço Macio,SET,147.4,cife2015_MATERIAIS.xls
2015,M13,Chapa de Aço Macio,OUT,147.44195968406044,cife2015_MATERIAIS.xls
2015,M13,Chapa de Aço Macio,NOV,147.44195968406044,cife2015_MATERIAIS.xls
2015,M13,Chapa de Aço Macio,DEZ,147.41546979219837,cife2015_MATERIAIS.xls
2015,M14,Rede electrossoldada,JAN,183.6,cife2015_MATERIAIS.xls
2015,M14,Rede electrossoldada,FEV,183.6,cife2015_MATERIAIS.xls
2015,M14,Rede electrossoldada,MAR,183.6,cife2015_MATERIAIS.xls
2015,M14,Rede electrossoldada,ABR,183.6,cife2015_MATERIAIS.xls
2015,M14,Rede electrossoldada,MAI,183.6,cife2015_MATERIAIS.xls
2015,M14,Rede electrossoldada,JUN,183.3,cife2015_MATERIAIS.xls
2015,M14,Rede electrossoldada,JUL,183.3,cife2015_MATERIAIS.xls
2015,M14,Rede electrossoldada,AGO,183.3,cife2015_MATERIAIS.xls
2015,M14,Rede electrossoldada,SET,183.3,cife2015_MATERIAIS.xls
2015,M14,Rede electrossoldada,OUT,182.96694937647828,cife2015_MATERIAIS.xls
2015,M14,Rede electrossoldada,NOV,182.9222481201255,cife2015_MATERIAIS.xls
2015,M14,Rede electrossoldada,DEZ,182.58900004666395,cife2015_MATERIAIS.xls
2015,M15,Chapa de aço galvanizada,JAN,145.2,cife2015_MATERIAIS.xls
2015,M15,Chapa de aço galvanizada,FEV,145.3,cife2015_MATERIAIS.xls
2015,M15,Chapa de aço galvanizada,MAR,145.3,cife2015_MATERIAIS.xls
2015,M15,Chapa de aço galvanizada,ABR,145.6,cife2015_MATERIAIS.xls
2015,M15,Chapa de aço galvanizada,MAI,145.6,cife2015_MATERIAIS.xls
2015,M15,Chapa de aço galvanizada,JUN,145.6,cife2015_MATERIAIS.xls
2015,M15,Chapa de aço galvanizada,JUL,145.6,cife2015_MATERIAIS.xls
2015,M15,Chapa de aço galvanizada,AGO,145.6,cife2015_MATERIAIS.xls
2015,M15,Chapa de aço galvanizada,SET,145.4,cife2015_MATERIAIS.xls
2015,M15,Chapa de aço galvanizada,OUT,145.27764112359236,cife2015_MATERIAIS.xls
2015,M15,Chapa de aço galvanizada,NOV,145.29278848797588,cife2015_MATERIAIS.xls
2015,M15,Chapa de aço galvanizada,DEZ,145.2151709904276,cife2015_MATERIAIS.xls
2015,M16,Fio de Cobre Nu,JAN,264.8,cife2015_MATERIAIS.xls
2015,M16,Fio de Cobre Nu,FEV,260.8,cife2015_MATERIAIS.xls
2015,M16,Fio de Cobre Nu,MAR,271.7,cife2015_MATERIAIS.xls
2015,M16,Fio de Cobre Nu,ABR,270.6,cife2015_MATERIAIS.xls
2015,M16,Fio de Cobre Nu,MAI,274.3,cife2015_MATERIAIS.xls
2015,M16,Fio de Cobre Nu,JUN,270.2,cife2015_MATERIAIS.xls
2015,M16,Fio de Cobre Nu,JUL,262.9,cife2015_MATERIAIS.xls
2015,M16,Fio de Cobre Nu,AGO,259.5,cife2015_MATERIAIS.xls
2015,M16,Fio de Cobre Nu,SET,252.5,cife2015_MATERIAIS.xls
2015,M16,Fio de Cobre Nu,OUT,252.97331257052255,cife2015_MATERIAIS.xls
2015,M16,Fio de Cobre Nu,NOV,254.74220349227585,cife2015_MATERIAIS.xls
2015,M16,Fio de Cobre Nu,DEZ,249.33956769754818,cife2015_MATERIAIS.xls
2015,M17,Fio de cobre revestido,JAN,219.4,cife2015_MATERIAIS.xls
2015,M17,Fio de cobre revestido,FEV,216.1,cife2015_MATERIAIS.xls
2015,M17,Fio de cobre revestido,MAR,225.1,cife2015_MATERIAIS.xls
2015,M17,Fio de cobre revestido,ABR,224.2,cife2015_MATERIAIS.xls
2015,M17,Fio de cobre revestido,MAI,227.2,cife2015_MATERIAIS.xls
2015,M17,Fio de cobre revestido,JUN,223.8,cife2015_MATERIAIS.xls
2015,M17,Fio de cobre revestido,JUL,217.8,cife2015_MATERIAIS.xls
2015,M17,Fio de cobre revestido,AGO,215.0,cife2015_MATERIAIS.xls
2015,M17,Fio de cobre revestido,SET,209.2,cife2015_MATERIAIS.xls
2015,M17,Fio de cobre revestido,OUT,209.5537711816787,cife2015_MATERIAIS.xls
2015,M17,Fio de cobre revestido,NOV,211.019055245424,cife2015_MATERIAIS.xls
2015,M17,Fio de cobre revestido,DEZ,206.54371081639178,cife2015_MATERIAIS.xls
2015,M18,Betumes a Granel,JAN,322.4,cife2015_MATERIAIS.xls
2015,M18,Betumes a Granel,FEV,278.4,cife2015_MATERIAIS.xls
2015,M18,Betumes a Granel,MAR,333.0,cife2015_MATERIAIS.xls
2015,M18,Betumes a Granel,ABR,332.8,cife2015_MATERIAIS.xls
2015,M18,Betumes a Granel,MAI,353.6,cife2015_MATERIAIS.xls
2015,M18,Betumes a Granel,JUN,360.2,cife2015_MATERIAIS.xls
2015,M18,Betumes a Granel,JUL,350.4,cife2015_MATERIAIS.xls
2015,M18,Betumes a Granel,AGO,323.8,cife2015_MATERIAIS.xls
2015,M18,Betumes a Granel,SET,262.9,cife2015_MATERIAIS.xls
2015,M18,Betumes a Granel,OUT,249.9347806382738,cife2015_MATERIAIS.xls
2015,M18,Betumes a Granel,NOV,249.9347806382738,cife2015_MATERIAIS.xls
2015,M18,Betumes a Granel,DEZ,228.86301082686307,cife2015_MATERIAIS.xls
2015,M19,Betumes em Tambores,JAN,455.2,cife2015_MATERIAIS.xls
2015,M19,Betumes em Tambores,FEV,433.0,cife2015_MATERIAIS.xls
2015,M19,Betumes em Tambores,MAR,452.7,cife2015_MATERIAIS.xls
2015,M19,Betumes em Tambores,ABR,456.8,cife2015_MATERIAIS.xls
2015,M19,Betumes em Tambores,MAI,459.5,cife2015_MATERIAIS.xls
2015,M19,Betumes em Tambores,JUN,461.3,cife2015_MATERIAIS.xls
2015,M19,Betumes em Tambores,JUL,463.7,cife2015_MATERIAIS.xls
2015,M19,Betumes em Tambores,AGO,454.4,cife2015_MATERIAIS.xls
2015,M19,Betumes em Tambores,SET,426.9,cife2015_MATERIAIS.xls
2015,M19,Betumes em Tambores,OUT,420.8690839808878,cife2015_MATERIAIS.xls
2015,M19,Betumes em Tambores,NOV,420.8690839808878,cife2015_MATERIAIS.xls
2015,M19,Betumes em Tambores,DEZ,414.27521676913176,cife2015_MATERIAIS.xls
2015,M20,Cimento em saco,JAN,151.2,cife2015_MATERIAIS.xls
2015,M20,Cimento em saco,FEV,151.2,cife2015_MATERIAIS.xls
2015,M20,Cimento em saco,MAR,151.2,cife2015_MATERIAIS.xls
2015,M20,Cimento em saco,ABR,151.2,cife2015_MATERIAIS.xls
2015,M20,Cimento em saco,MAI,152.2,cife2015_MATERIAIS.xls
2015,M20,Cimento em saco,JUN,152.2,cife2015_MATERIAIS.xls
2015,M20,Cimento em saco,JUL,152.2,cife2015_MATERIAIS.xls
2015,M20,Cimento em saco,AGO,152.2,cife2015_MATERIAIS.xls
2015,M20,Cimento em saco,SET,152.2,cife2015_MATERIAIS.xls
2015,M20,Cimento em saco,OUT,152.1887822671247,cife2015_MATERIAIS.xls
2015,M20,Cimento em saco,NOV,152.1887822671247,cife2015_MATERIAIS.xls
2015,M20,Cimento em saco,DEZ,151.41500497633203,cife2015_MATERIAIS.xls
2015,M21,Explosivos,JAN,154.3,cife2015_MATERIAIS.xls
2015,M21,Explosivos,FEV,154.3,cife2015_MATERIAIS.xls
2015,M21,Explosivos,MAR,154.3,cife2015_MATERIAIS.xls
2015,M21,Explosivos,ABR,154.3,cife2015_MATERIAIS.xls
2015,M21,Explosivos,MAI,154.3,cife2015_MATERIAIS.xls
2015,M21,Explosivos,JUN,154.3,cife2015_MATERIAIS.xls
2015,M21,Explosivos,JUL,154.3,cife2015_MATERIAIS.xls
2015,M21,Explosivos,AGO,154.3,cife2015_MATERIAIS.xls
2015,M21,Explosivos,SET,154.3,cife2015_MATERIAIS.xls
2015,M21,Explosivos,OUT,154.55115418242565,cife2015_MATERIAIS.xls
2015,M21,Explosivos,NOV,154.55115418242565,cife2015_MATERIAIS.xls
2015,M21,Explosivos,DEZ,154.55115418242565,cife2015_MATERIAIS.xls
2015,M22,Gasóleo,JAN,244.6,cife2015_MATERIAIS.xls
2015,M22,Gasóleo,FEV,256.7,cife2015_MATERIAIS.xls
2015,M22,Gasóleo,MAR,264.0,cife2015_MATERIAIS.xls
2015,M22,Gasóleo,ABR,263.6,cife2015_MATERIAIS.xls
2015,M22,Gasóleo,MAI,275.7,cife2015_MATERIAIS.xls
2015,M22,Gasóleo,JUN,274.6,cife2015_MATERIAIS.xls
2015,M22,Gasóleo,JUL,269.4,cife2015_MATERIAIS.xls
2015,M22,Gasóleo,AGO,257.9,cife2015_MATERIAIS.xls
2015,M22,Gasóleo,SET,252.3,cife2015_MATERIAIS.xls
2015,M22,Gasóleo,OUT,251.5756892658907,cife2015_MATERIAIS.xls
2015,M22,Gasóleo,NOV,251.35156396889016,cife2015_MATERIAIS.xls
2015,M22,Gasóleo,DEZ,239.5707625402093,cife2015_MATERIAIS.xls
2015,M23,Vidro,JAN,92.0,cife2015_MATERIAIS.xls
2015,M23,Vidro,FEV,92.0,cife2015_MATERIAIS.xls
2015,M23,Vidro,MAR,92.0,cife2015_MATERIAIS.xls
2015,M23,Vidro,ABR,92.0,cife2015_MATERIAIS.xls
2015,M23,Vidro,MAI,92.0,cife2015_MATERIAIS.xls
2015,M23,Vidro,JUN,92.0,cife2015_MATERIAIS.xls
2015,M23,Vidro,JUL,92.0,cife2015_MATERIAIS.xls
2015,M23,Vidro,AGO,92.0,cife2015_MATERIAIS.xls
2015,M23,Vidro,SET,92.0,cife2015_MATERIAIS.xls
2015,M23,Vidro,OUT,92.02862902505598,cife2015_MATERIAIS.xls
2015,M23,Vidro,NOV,92.02862902505598,cife2015_MATERIAIS.xls
2015,M23,Vidro,DEZ,92.02862902505598,cife2015_MATERIAIS.xls
2015,M24,Madeiras de Pinho,JAN,143.0,cife2015_MATERIAIS.xls
2015,M24,Madeiras de Pinho,FEV,143.0,cife2015_MATERIAIS.xls
2015,M24,Madeiras de Pinho,MAR,143.0,cife2015_MATERIAIS.xls
2015,M24,Madeiras de Pinho,ABR,145.3,cife2015_MATERIAIS.xls
2015,M24,Madeiras de Pinho,MAI,146.8,cife2015_MATERIAIS.xls
2015,M24,Madeiras de Pinho,JUN,146.8,cife2015_MATERIAIS.xls
2015,M24,Madeiras de Pinho,JUL,146.6,cife2015_MATERIAIS.xls
2015,M24,Madeiras de Pinho,AGO,146.6,cife2015_MATERIAIS.xls
2015,M24,Madeiras de Pinho,SET,146.6,cife2015_MATERIAIS.xls
2015,M24,Madeiras de Pinho,OUT,146.6278041693907,cife2015_MATERIAIS.xls
2015,M24,Madeiras de Pinho,NOV,148.39835628562557,cife2015_MATERIAIS.xls
2015,M24,Madeiras de Pinho,DEZ,148.39835628562557,cife2015_MATERIAIS.xls
2015,M25,Madeiras Especiais ou Exóticas,JAN,142.4,cife2015_MATERIAIS.xls
2015,M25,Madeiras Especiais ou Exóticas,FEV,142.4,cife2015_MATERIAIS.xls
2015,M25,Madeiras Especiais ou Exóticas,MAR,142.4,cife2015_MATERIAIS.xls
2015,M25,Madeiras Especiais ou Exóticas,ABR,146.8,cife2015_MATERIAIS.xls
2015,M25,Madeiras Especiais ou Exóticas,MAI,146.8,cife2015_MATERIAIS.xls
2015,M25,Madeiras Especiais ou Exóticas,JUN,146.8,cife2015_MATERIAIS.xls
2015,M25,Madeiras Especiais ou Exóticas,JUL,146.8,cife2015_MATERIAIS.xls
2015,M25,Madeiras Especiais ou Exóticas,AGO,146.8,cife2015_MATERIAIS.xls
2015,M25,Madeiras Especiais ou Exóticas,SET,146.8,cife2015_MATERIAIS.xls
2015,M25,Madeiras Especiais ou Exóticas,OUT,146.83431029029677,cife2015_MATERIAIS.xls
2015,M25,Madeiras Especiais ou Exóticas,NOV,146.83431029029677,cife2015_MATERIAIS.xls
2015,M25,Madeiras Especiais ou Exóticas,DEZ,146.83431029029677,cife2015_MATERIAIS.xls
2015,M26,Derivados de madeira,JAN,129.5,cife2015_MATERIAIS.xls
2015,M26,Derivados de madeira,FEV,129.7,cife2015_MATERIAIS.xls
2015,M26,Derivados de madeira,MAR,128.4,cife2015_MATERIAIS.xls
2015,M26,Derivados de madeira,ABR,128.5,cife2015_MATERIAIS.xls
2015,M26,Derivados de madeira,MAI,129.7,cife2015_MATERIAIS.xls
2015,M26,Derivados de madeira,JUN,129.7,cife2015_MATERIAIS.xls
2015,M26,Derivados de madeira,JUL,129.7,cife2015_MATERIAIS.xls
2015,M26,Derivados de madeira,AGO,129.7,cife2015_MATERIAIS.xls
2015,M26,Derivados de madeira,SET,129.7,cife2015_MATERIAIS.xls
2015,M26,Derivados de madeira,OUT,127.08842580629943,cife2015_MATERIAIS.xls
2015,M26,Derivados de madeira,NOV,127.55846454052931,cife2015_MATERIAIS.xls
2015,M26,Derivados de madeira,DEZ,127.67597422408676,cife2015_MATERIAIS.xls
2015,M27,Aglomerado negro de cortiça,JAN,174.1,cife2015_MATERIAIS.xls
2015,M27,Aglomerado negro de cortiça,FEV,174.1,cife2015_MATERIAIS.xls
2015,M27,Aglomerado negro de cortiça,MAR,174.1,cife2015_MATERIAIS.xls
2015,M27,Aglomerado negro de cortiça,ABR,174.1,cife2015_MATERIAIS.xls
2015,M27,Aglomerado negro de cortiça,MAI,174.1,cife2015_MATERIAIS.xls
2015,M27,Aglomerado negro de cortiça,JUN,174.1,cife2015_MATERIAIS.xls
2015,M27,Aglomerado negro de cortiça,JUL,174.1,cife2015_MATERIAIS.xls
2015,M27,Aglomerado negro de cortiça,AGO,174.1,cife2015_MATERIAIS.xls
2015,M27,Aglomerado negro de cortiça,SET,174.1,cife2015_MATERIAIS.xls
2015,M27,Aglomerado negro de cortiça,OUT,173.94609198166572,cife2015_MATERIAIS.xls
2015,M27,Aglomerado negro de cortiça,NOV,173.94609198166572,cife2015_MATERIAIS.xls
2015,M27,Aglomerado negro de cortiça,DEZ,173.94609198166572,cife2015_MATERIAIS.xls
2015,M28,Ladrilho de cortiça,JAN,108.6,cife2015_MATERIAIS.xls
2015,M28,Ladrilho de cortiça,FEV,108.6,cife2015_MATERIAIS.xls
2015,M28,Ladrilho de cortiça,MAR,108.6,cife2015_MATERIAIS.xls
2015,M28,Ladrilho de cortiça,ABR,108.6,cife2015_MATERIAIS.xls
2015,M28,Ladrilho de cortiça,MAI,108.6,cife2015_MATERIAIS.xls
2015,M28,Ladrilho de cortiça,JUN,108.6,cife2015_MATERIAIS.xls
2015,M28,Ladrilho de cortiça,JUL,108.6,cife2015_MATERIAIS.xls
2015,M28,Ladrilho de cortiça,AGO,108.6,cife2015_MATERIAIS.xls
2015,M28,Ladrilho de cortiça,SET,108.6,cife2015_MATERIAIS.xls
2015,M28,Ladrilho de cortiça,OUT,108.59463002846593,cife2015_MATERIAIS.xls
2015,M28,Ladrilho de cortiça,NOV,108.59463002846593,cife2015_MATERIAIS.xls
2015,M28,Ladrilho de cortiça,DEZ,108.59463002846593,cife2015_MATERIAIS.xls
2015,M29,Tintas para construção civil,JAN,289.9,cife2015_MATERIAIS.xls
2015,M29,Tintas para construção civil,FEV,289.9,cife2015_MATERIAIS.xls
2015,M29,Tintas para construção civil,MAR,289.9,cife2015_MATERIAIS.xls
2015,M29,Tintas para construção civil,ABR,289.9,cife2015_MATERIAIS.xls
2015,M29,Tintas para construção civil,MAI,289.9,cife2015_MATERIAIS.xls
2015,M29,Tintas para construção civil,JUN,289.9,cife2015_MATERIAIS.xls
2015,M29,Tintas para construção civil,JUL,289.9,cife2015_MATERIAIS.xls
2015,M29,Tintas para construção civil,AGO,289.9,cife2015_MATERIAIS.xls
2015,M29,Tintas para construção civil,SET,289.9,cife2015_MATERIAIS.xls
2015,M29,Tintas para construção civil,OUT,289.9345683308938,cife2015_MATERIAIS.xls
2015,M29,Tintas para construção civil,NOV,289.9345683308938,cife2015_MATERIAIS.xls
2015,M29,Tintas para construção civil,DEZ,289.9345683308938,cife2015_MATERIAIS.xls
2015,M30,Tintas para estradas,JAN,284.7,cife2015_MATERIAIS.xls
2015,M30,Tintas para estradas,FEV,284.7,cife2015_MATERIAIS.xls
2015,M30,Tintas para estradas,MAR,284.7,cife2015_MATERIAIS.xls
2015,M30,Tintas para estradas,ABR,284.7,cife2015_MATERIAIS.xls
2015,M30,Tintas para estradas,MAI,284.7,cife2015_MATERIAIS.xls
2015,M30,Tintas para estradas,JUN,284.7,cife2015_MATERIAIS.xls
2015,M30,Tintas para estradas,JUL,284.7,cife2015_MATERIAIS.xls
2015,M30,Tintas para estradas,AGO,284.7,cife2015_MATERIAIS.xls
2015,M30,Tintas para estradas,SET,284.7,cife2015_MATERIAIS.xls
2015,M30,Tintas para estradas,OUT,284.68845983431487,cife2015_MATERIAIS.xls
2015,M30,Tintas para estradas,NOV,284.68845983431487,cife2015_MATERIAIS.xls
2015,M30,Tintas para estradas,DEZ,284.68845983431487,cife2015_MATERIAIS.xls
2015,M31,Membrana betuminosa,JAN,212.5,cife2015_MATERIAIS.xls
2015,M31,Membrana betuminosa,FEV,212.5,cife2015_MATERIAIS.xls
2015,M31,Membrana betuminosa,MAR,212.5,cife2015_MATERIAIS.xls
2015,M31,Membrana betuminosa,ABR,212.5,cife2015_MATERIAIS.xls
2015,M31,Membrana betuminosa,MAI,212.5,cife2015_MATERIAIS.xls
2015,M31,Membrana betuminosa,JUN,212.5,cife2015_MATERIAIS.xls
2015,M31,Membrana betuminosa,JUL,212.5,cife2015_MATERIAIS.xls
2015,M31,Membrana betuminosa,AGO,212.5,cife2015_MATERIAIS.xls
2015,M31,Membrana betuminosa,SET,212.5,cife2015_MATERIAIS.xls
2015,M31,Membrana betuminosa,OUT,212.42161354267552,cife2015_MATERIAIS.xls
2015,M31,Membrana betuminosa,NOV,212.42161354267552,cife2015_MATERIAIS.xls
2015,M31,Membrana betuminosa,DEZ,212.42161354267552,cife2015_MATERIAIS.xls
2015,M32,Tubo de PVC,JAN,115.4,cife2015_MATERIAIS.xls
2015,M32,Tubo de PVC,FEV,113.7,cife2015_MATERIAIS.xls
2015,M32,Tubo de PVC,MAR,112.1,cife2015_MATERIAIS.xls
2015,M32,Tubo de PVC,ABR,113.7,cife2015_MATERIAIS.xls
2015,M32,Tubo de PVC,MAI,112.1,cife2015_MATERIAIS.xls
2015,M32,Tubo de PVC,JUN,112.1,cife2015_MATERIAIS.xls
2015,M32,Tubo de PVC,JUL,120.4,cife2015_MATERIAIS.xls
2015,M32,Tubo de PVC,AGO,118.7,cife2015_MATERIAIS.xls
2015,M32,Tubo de PVC,SET,117.1,cife2015_MATERIAIS.xls
2015,M32,Tubo de PVC,OUT,114.81947610380959,cife2015_MATERIAIS.xls
2015,M32,Tubo de PVC,NOV,111.98713420870935,cife2015_MATERIAIS.xls
2015,M32,Tubo de PVC,DEZ,111.98713420870935,cife2015_MATERIAIS.xls
2015,M33,Tubo de PVC p/ instalações elétricas,JAN,181.5,cife2015_MATERIAIS.xls
2015,M33,Tubo de PVC p/ instalações elétricas,FEV,177.2,cife2015_MATERIAIS.xls
2015,M33,Tubo de PVC p/ instalações elétricas,MAR,177.2,cife2015_MATERIAIS.xls
2015,M33,Tubo de PVC p/ instalações elétricas,ABR,177.2,cife2015_MATERIAIS.xls
2015,M33,Tubo de PVC p/ instalações elétricas,MAI,181.5,cife2015_MATERIAIS.xls
2015,M33,Tubo de PVC p/ instalações elétricas,JUN,181.5,cife2015_MATERIAIS.xls
2015,M33,Tubo de PVC p/ instalações elétricas,JUL,181.5,cife2015_MATERIAIS.xls
2015,M33,Tubo de PVC p/ instalações elétricas,AGO,181.5,cife2015_MATERIAIS.xls
2015,M33,Tubo de PVC p/ instalações elétricas,SET,181.5,cife2015_MATERIAIS.xls
2015,M33,Tubo de PVC p/ instalações elétricas,OUT,181.4510284688388,cife2015_MATERIAIS.xls
2015,M33,Tubo de PVC p/ instalações elétricas,NOV,181.4510284688388,cife2015_MATERIAIS.xls
2015,M33,Tubo de PVC p/ instalações elétricas,DEZ,181.4510284688388,cife2015_MATERIAIS.xls
2015,M34,Blocos de betão normal,JAN,111.7,cife2015_MATERIAIS.xls
2015,M34,Blocos de betão normal,FEV,111.7,cife2015_MATERIAIS.xls
2015,M34,Blocos de betão normal,MAR,111.7,cife2015_MATERIAIS.xls
2015,M34,Blocos de betão normal,ABR,111.7,cife2015_MATERIAIS.xls
2015,M34,Blocos de betão normal,MAI,111.7,cife2015_MATERIAIS.xls
2015,M34,Blocos de betão normal,JUN,111.7,cife2015_MATERIAIS.xls
2015,M34,Blocos de betão normal,JUL,111.7,cife2015_MATERIAIS.xls
2015,M34,Blocos de betão normal,AGO,111.7,cife2015_MATERIAIS.xls
2015,M34,Blocos de betão normal,SET,111.7,cife2015_MATERIAIS.xls
2015,M34,Blocos de betão normal,OUT,111.71743558481907,cife2015_MATERIAIS.xls
2015,M34,Blocos de betão normal,NOV,111.71743558481907,cife2015_MATERIAIS.xls
2015,M34,Blocos de betão normal,DEZ,111.71743558481907,cife2015_MATERIAIS.xls
2015,M35,Manilhas de betão,JAN,146.6,cife2015_MATERIAIS.xls
2015,M35,Manilhas de betão,FEV,146.6,cife2015_MATERIAIS.xls
2015,M35,Manilhas de betão,MAR,146.6,cife2015_MATERIAIS.xls
2015,M35,Manilhas de betão,ABR,152.6,cife2015_MATERIAIS.xls
2015,M35,Manilhas de betão,MAI,152.6,cife2015_MATERIAIS.xls
2015,M35,Manilhas de betão,JUN,152.6,cife2015_MATERIAIS.xls
2015,M35,Manilhas de betão,JUL,152.6,cife2015_MATERIAIS.xls
2015,M35,Manilhas de betão,AGO,152.6,cife2015_MATERIAIS.xls
2015,M35,Manilhas de betão,SET,152.6,cife2015_MATERIAIS.xls
2015,M35,Manilhas de betão,OUT,152.52139208392052,cife2015_MATERIAIS.xls
2015,M35,Manilhas de betão,NOV,152.52139208392052,cife2015_MATERIAIS.xls
2015,M35,Manilhas de betão,DEZ,152.52139208392052,cife2015_MATERIAIS.xls
2015,M36,Tubagem de fibrocimento,JAN,157.9,cife2015_MATERIAIS.xls
2015,M36,Tubagem de fibrocimento,FEV,157.9,cife2015_MATERIAIS.xls
2015,M36,Tubagem de fibrocimento,MAR,157.9,cife2015_MATERIAIS.xls
2015,M36,Tubagem de fibrocimento,ABR,157.9,cife2015_MATERIAIS.xls
2015,M36,Tubagem de fibrocimento,MAI,157.9,cife2015_MATERIAIS.xls
2015,M36,Tubagem de fibrocimento,JUN,157.9,cife2015_MATERIAIS.xls
2015,M36,Tubagem de fibrocimento,JUL,157.9,cife2015_MATERIAIS.xls
2015,M36,Tubagem de fibrocimento,AGO,157.9,cife2015_MATERIAIS.xls
2015,M36,Tubagem de fibrocimento,SET,157.9,cife2015_MATERIAIS.xls
2015,M36,Tubagem de fibrocimento,OUT,157.92195238334753,cife2015_MATERIAIS.xls
2015,M36,Tubagem de fibrocimento,NOV,157.92195238334753,cife2015_MATERIAIS.xls
2015,M36,Tubagem de fibrocimento,DEZ,157.92195238334753,cife2015_MATERIAIS.xls
2015,M37,Chapa de fibrocimento (1),JAN,236.3,cife2015_MATERIAIS.xls
2015,M37,Chapa de fibrocimento (1),FEV,236.3,cife2015_MATERIAIS.xls
2015,M37,Chapa de fibrocimento (1),MAR,236.3,cife2015_MATERIAIS.xls
2015,M37,Chapa de fibrocimento (1),ABR,236.3,cife2015_MATERIAIS.xls
2015,M37,Chapa de fibrocimento (1),MAI,236.3,cife2015_MATERIAIS.xls
2015,M37,Chapa de fibrocimento (1),JUN,236.3,cife2015_MATERIAIS.xls
2015,M37,Chapa de fibrocimento (1),JUL,236.3,cife2015_MATERIAIS.xls
2015,M37,Chapa de fibrocimento (1),AGO,236.3,cife2015_MATERIAIS.xls
2015,M37,Chapa de fibrocimento (1),SET,236.3,cife2015_MATERIAIS.xls
2015,M37,Chapa de fibrocimento (1),OUT,236.34038545732648,cife2015_MATERIAIS.xls
2015,M37,Chapa de fibrocimento (1),NOV,236.34038545732648,cife2015_MATERIAIS.xls
2015,M37,Chapa de fibrocimento (1),DEZ,236.34038545732648,cife2015_MATERIAIS.xls
2015,M39,Caixilharias em alumínio anodizado,JAN,143.2,cife2015_MATERIAIS.xls
2015,M39,Caixilharias em alumínio anodizado,FEV,143.6,cife2015_MATERIAIS.xls
2015,M39,Caixilharias em alumínio anodizado,MAR,143.6,cife2015_MATERIAIS.xls
2015,M39,Caixilharias em alumínio anodizado,ABR,143.6,cife2015_MATERIAIS.xls
2015,M39,Caixilharias em alumínio anodizado,MAI,143.6,cife2015_MATERIAIS.xls
2015,M39,Caixilharias em alumínio anodizado,JUN,146.4,cife2015_MATERIAIS.xls
2015,M39,Caixilharias em alumínio anodizado,JUL,145.8,cife2015_MATERIAIS.xls
2015,M39,Caixilharias em alumínio anodizado,AGO,145.8,cife2015_MATERIAIS.xls
2015,M39,Caixilharias em alumínio anodizado,SET,145.8,cife2015_MATERIAIS.xls
2015,M39,Caixilharias em alumínio anodizado,OUT,145.6738327488011,cife2015_MATERIAIS.xls
2015,M39,Caixilharias em alumínio anodizado,NOV,145.6738327488011,cife2015_MATERIAIS.xls
2015,M39,Caixilharias em alumínio anodizado,DEZ,145.6738327488011,cife2015_MATERIAIS.xls
2015,M40,Caixilharias em alumínio termolacado,JAN,132.3,cife2015_MATERIAIS.xls
2015,M40,Caixilharias em alumínio termolacado,FEV,132.6,cife2015_MATERIAIS.xls
2015,M40,Caixilharias em alumínio termolacado,MAR,132.6,cife2015_MATERIAIS.xls
2015,M40,Caixilharias em alumínio termolacado,ABR,132.6,cife2015_MATERIAIS.xls
2015,M40,Caixilharias em alumínio termolacado,MAI,132.6,cife2015_MATERIAIS.xls
2015,M40,Caixilharias em alumínio termolacado,JUN,137.3,cife2015_MATERIAIS.xls
2015,M40,Caixilharias em alumínio termolacado,JUL,137.3,cife2015_MATERIAIS.xls
2015,M40,Caixilharias em alumínio termolacado,AGO,136.7,cife2015_MATERIAIS.xls
2015,M40,Caixilharias em alumínio termolacado,SET,136.7,cife2015_MATERIAIS.xls
2015,M40,Caixilharias em alumínio termolacado,OUT,136.70749266286128,cife2015_MATERIAIS.xls
2015,M40,Caixilharias em alumínio termolacado,NOV,136.70749266286128,cife2015_MATERIAIS.xls
2015,M40,Caixilharias em alumínio termolacado,DEZ,136.70749266286128,cife2015_MATERIAIS.xls
2015,M41,Pavimentos aligeirados de vigotas pré-esforçadas e blocos cerâmicos,JAN,148.2,cife2015_MATERIAIS.xls
2015,M41,Pavimentos aligeirados de vigotas pré-esforçadas e blocos cerâmicos,FEV,147.3,cife2015_MATERIAIS.xls
2015,M41,Pavimentos aligeirados de vigotas pré-esforçadas e blocos cerâmicos,MAR,146.5,cife2015_MATERIAIS.xls
2015,M41,Pavimentos aligeirados de vigotas pré-esforçadas e blocos cerâmicos,ABR,146.9,cife2015_MATERIAIS.xls
2015,M41,Pavimentos aligeirados de vigotas pré-esforçadas e blocos cerâmicos,MAI,148.5,cife2015_MATERIAIS.xls
2015,M41,Pavimentos aligeirados de vigotas pré-esforçadas e blocos cerâmicos,JUN,146.8,cife2015_MATERIAIS.xls
2015,M41,Pavimentos aligeirados de vigotas pré-esforçadas e blocos cerâmicos,JUL,143.7,cife2015_MATERIAIS.xls
2015,M41,Pavimentos aligeirados de vigotas pré-esforçadas e blocos cerâmicos,AGO,144.3,cife2015_MATERIAIS.xls
2015,M41,Pavimentos aligeirados de vigotas pré-esforçadas e blocos cerâmicos,SET,143.7,cife2015_MATERIAIS.xls
2015,M41,Pavimentos aligeirados de vigotas pré-esforçadas e blocos cerâmicos,OUT,144.58172402254706,cife2015_MATERIAIS.xls
2015,M41,Pavimentos aligeirados de vigotas pré-esforçadas e blocos cerâmicos,NOV,144.56982415750232,cife2015_MATERIAIS.xls
2015,M41,Pavimentos aligeirados de vigotas pré-esforçadas e blocos cerâmicos,DEZ,144.0583142626689,cife2015_MATERIAIS.xls
2015,M42,Tubagem de aço e aparelhos para canalizações,JAN,100.1,cife2015_MATERIAIS.xls
2015,M42,Tubagem de aço e aparelhos para canalizações,FEV,100.1,cife2015_MATERIAIS.xls
2015,M42,Tubagem de aço e aparelhos para canalizações,MAR,100.1,cife2015_MATERIAIS.xls
2015,M42,Tubagem de aço e aparelhos para canalizações,ABR,100.1,cife2015_MATERIAIS.xls
2015,M42,Tubagem de aço e aparelhos para canalizações,MAI,100.1,cife2015_MATERIAIS.xls
2015,M42,Tubagem de aço e aparelhos para canalizações,JUN,100.1,cife2015_MATERIAIS.xls
2015,M42,Tubagem de aço e aparelhos para canalizações,JUL,100.1,cife2015_MATERIAIS.xls
2015,M42,Tubagem de aço e aparelhos para canalizações,AGO,100.1,cife2015_MATERIAIS.xls
2015,M42,Tubagem de aço e aparelhos para canalizações,SET,100.1,cife2015_MATERIAIS.xls
2015,M42,Tubagem de aço e aparelhos para canalizações,OUT,100.10172454891169,cife2015_MATERIAIS.xls
2015,M42,Tubagem de aço e aparelhos para canalizações,NOV,100.10172454891169,cife2015_MATERIAIS.xls
2015,M42,Tubagem de aço e aparelhos para canalizações,DEZ,100.10129787945854,cife2015_MATERIAIS.xls
2015,M43,Aço para betão armado,JAN,178.0,cife2015_MATERIAIS.xls
2015,M43,Aço para betão armado,FEV,178.1,cife2015_MATERIAIS.xls
2015,M43,Aço para betão armado,MAR,178.0,cife2015_MATERIAIS.xls
2015,M43,Aço para betão armado,ABR,178.0,cife2015_MATERIAIS.xls
2015,M43,Aço para betão armado,MAI,177.7,cife2015_MATERIAIS.xls
2015,M43,Aço para betão armado,JUN,178.0,cife2015_MATERIAIS.xls
2015,M43,Aço para betão armado,JUL,174.8,cife2015_MATERIAIS.xls
2015,M43,Aço para betão armado,AGO,176.5,cife2015_MATERIAIS.xls
2015,M43,Aço para betão armado,SET,174.8,cife2015_MATERIAIS.xls
2015,M43,Aço para betão armado,OUT,170.6633737282851,cife2015_MATERIAIS.xls
2015,M43,Aço para betão armado,NOV,169.8307696026076,cife2015_MATERIAIS.xls
2015,M43,Aço para betão armado,DEZ,169.084692335518,cife2015_MATERIAIS.xls
2015,M44,Aço para betão pré-esforçado,JAN,170.6,cife2015_MATERIAIS.xls
2015,M44,Aço para betão pré-esforçado,FEV,170.6,cife2015_MATERIAIS.xls
2015,M44,Aço para betão pré-esforçado,MAR,170.6,cife2015_MATERIAIS.xls
2015,M44,Aço para betão pré-esforçado,ABR,170.6,cife2015_MATERIAIS.xls
2015,M44,Aço para betão pré-esforçado,MAI,170.6,cife2015_MATERIAIS.xls
2015,M44,Aço para betão pré-esforçado,JUN,170.6,cife2015_MATERIAIS.xls
2015,M44,Aço para betão pré-esforçado,JUL,170.6,cife2015_MATERIAIS.xls
2015,M44,Aço para betão pré-esforçado,AGO,170.6,cife2015_MATERIAIS.xls
2015,M44,Aço para betão pré-esforçado,SET,170.6,cife2015_MATERIAIS.xls
2015,M44,Aço para betão pré-esforçado,OUT,170.57055645260627,cife2015_MATERIAIS.xls
2015,M44,Aço para betão pré-esforçado,NOV,170.5704728015907,cife2015_MATERIAIS.xls
2015,M44,Aço para betão pré-esforçado,DEZ,170.5703951217302,cife2015_MATERIAIS.xls
2015,M45,Perfilados pesados e ligeiros,JAN,177.2,cife2015_MATERIAIS.xls
2015,M45,Perfilados pesados e ligeiros,FEV,177.0,cife2015_MATERIAIS.xls
2015,M45,Perfilados pesados e ligeiros,MAR,177.0,cife2015_MATERIAIS.xls
2015,M45,Perfilados pesados e ligeiros,ABR,176.7,cife2015_MATERIAIS.xls
2015,M45,Perfilados pesados e ligeiros,MAI,176.7,cife2015_MATERIAIS.xls
2015,M45,Perfilados pesados e ligeiros,JUN,176.8,cife2015_MATERIAIS.xls
2015,M45,Perfilados pesados e ligeiros,JUL,176.6,cife2015_MATERIAIS.xls
2015,M45,Perfilados pesados e ligeiros,AGO,176.8,cife2015_MATERIAIS.xls
2015,M45,Perfilados pesados e ligeiros,SET,176.6,cife2015_MATERIAIS.xls
2015,M45,Perfilados pesados e ligeiros,OUT,176.61169836301852,cife2015_MATERIAIS.xls
2015,M45,Perfilados pesados e ligeiros,NOV,176.61169836301852,cife2015_MATERIAIS.xls
2015,M45,Perfilados pesados e ligeiros,DEZ,175.63450232929983,cife2015_MATERIAIS.xls
2015,M46,Produtos para instalações elétricas,JAN,165.0,cife2015_MATERIAIS.xls
2015,M46,Produtos para instalações elétricas,FEV,162.9,cife2015_MATERIAIS.xls
2015,M46,Produtos para instalações elétricas,MAR,168.4,cife2015_MATERIAIS.xls
2015,M46,Produtos para instalações elétricas,ABR,168.2,cife2015_MATERIAIS.xls
2015,M46,Produtos para instalações elétricas,MAI,170.1,cife2015_MATERIAIS.xls
2015,M46,Produtos para instalações elétricas,JUN,167.9,cife2015_MATERIAIS.xls
2015,M46,Produtos para instalações elétricas,JUL,158.7,cife2015_MATERIAIS.xls
2015,M46,Produtos para instalações elétricas,AGO,162.4,cife2015_MATERIAIS.xls
2015,M46,Produtos para instalações elétricas,SET,158.7,cife2015_MATERIAIS.xls
2015,M46,Produtos para instalações elétricas,OUT,158.956738873157,cife2015_MATERIAIS.xls
2015,M46,Produtos para instalações elétricas,NOV,159.7659790007246,cife2015_MATERIAIS.xls
2015,M46,Produtos para instalações elétricas,DEZ,157.0665986053353,cife2015_MATERIAIS.xls
2015,M47,Produtos pré-fabricados de betão,JAN,99.2,cife2015_MATERIAIS.xls
2015,M47,Produtos pré-fabricados de betão,FEV,99.2,cife2015_MATERIAIS.xls
2015,M47,Produtos pré-fabricados de betão,MAR,99.2,cife2015_MATERIAIS.xls
2015,M47,Produtos pré-fabricados de betão,ABR,99.2,cife2015_MATERIAIS.xls
2015,M47,Produtos pré-fabricados de betão,MAI,99.2,cife2015_MATERIAIS.xls
2015,M47,Produtos pré-fabricados de betão,JUN,99.2,cife2015_MATERIAIS.xls
2015,M47,Produtos pré-fabricados de betão,JUL,99.2,cife2015_MATERIAIS.xls
2015,M47,Produtos pré-fabricados de betão,AGO,99.2,cife2015_MATERIAIS.xls
2015,M47,Produtos pré-fabricados de betão,SET,99.2,cife2015_MATERIAIS.xls
2015,M47,Produtos pré-fabricados de betão,OUT,99.24472313598667,cife2015_MATERIAIS.xls
2015,M47,Produtos pré-fabricados de betão,NOV,99.24472313598667,cife2015_MATERIAIS.xls
2015,M47,Produtos pré-fabricados de betão,DEZ,99.24439452279147,cife2015_MATERIAIS.xls
2015,M48,Produtos para ajardinamentos,JAN,103.0,cife2015_MATERIAIS.xls
2015,M48,Produtos para ajardinamentos,FEV,105.2,cife2015_MATERIAIS.xls
2015,M48,Produtos para ajardinamentos,MAR,105.2,cife2015_MATERIAIS.xls
2015,M48,Produtos para ajardinamentos,ABR,105.2,cife2015_MATERIAIS.xls
2015,M48,Produtos para ajardinamentos,MAI,105.2,cife2015_MATERIAIS.xls
2015,M48,Produtos para ajardinamentos,JUN,105.3,cife2015_MATERIAIS.xls
2015,M48,Produtos para ajardinamentos,JUL,105.5,cife2015_MATERIAIS.xls
2015,M48,Produtos para ajardinamentos,AGO,105.5,cife2015_MATERIAIS.xls
2015,M48,Produtos para ajardinamentos,SET,105.5,cife2015_MATERIAIS.xls
2015,M48,Produtos para ajardinamentos,OUT,105.50406754809116,cife2015_MATERIAIS.xls
2015,M48,Produtos para ajardinamentos,NOV,105.49082801081124,cife2015_MATERIAIS.xls
2015,M48,Produtos para ajardinamentos,DEZ,107.10379411950082,cife2015_MATERIAIS.xls
2015,M49,Geotêxteis,JAN,97.3,cife2015_MATERIAIS.xls
2015,M49,Geotêxteis,FEV,97.0,cife2015_MATERIAIS.xls
2015,M49,Geotêxteis,MAR,96.7,cife2015_MATERIAIS.xls
2015,M49,Geotêxteis,ABR,97.0,cife2015_MATERIAIS.xls
2015,M49,Geotêxteis,MAI,96.7,cife2015_MATERIAIS.xls
2015,M49,Geotêxteis,JUN,96.7,cife2015_MATERIAIS.xls
2015,M49,Geotêxteis,JUL,97.6,cife2015_MATERIAIS.xls
2015,M49,Geotêxteis,AGO,97.9,cife2015_MATERIAIS.xls
2015,M49,Geotêxteis,SET,97.6,cife2015_MATERIAIS.xls
2015,M49,Geotêxteis,OUT,96.97596482458054,cife2015_MATERIAIS.xls
2015,M49,Geotêxteis,NOV,96.66170817321049,cife2015_MATERIAIS.xls
2015,M49,Geotêxteis,DEZ,96.66170817321049,cife2015_MATERIAIS.xls
2015,M50,Tubos e Acessórios de Ferro Fundido e Aço,JAN,152.6,cife2015_MATERIAIS.xls
2015,M50,Tubos e Acessórios de Ferro Fundido e Aço,FEV,152.6,cife2015_MATERIAIS.xls
2015,M50,Tubos e Acessórios de Ferro Fundido e Aço,MAR,152.6,cife2015_MATERIAIS.xls
2015,M50,Tubos e Acessórios de Ferro Fundido e Aço,ABR,152.6,cife2015_MATERIAIS.xls
2015,M50,Tubos e Acessórios de Ferro Fundido e Aço,MAI,152.6,cife2015_MATERIAIS.xls
2015,M50,Tubos e Acessórios de Ferro Fundido e Aço,JUN,152.6,cife2015_MATERIAIS.xls
2015,M50,Tubos e Acessórios de Ferro Fundido e Aço,JUL,152.6,cife2015_MATERIAIS.xls
2015,M50,Tubos e Acessórios de Ferro Fundido e Aço,AGO,152.6,cife2015_MATERIAIS.xls
2015,M50,Tubos e Acessórios de Ferro Fundido e Aço,SET,152.6,cife2015_MATERIAIS.xls
2015,M50,Tubos e Acessórios de Ferro Fundido e Aço,OUT,152.47457013661432,cife2015_MATERIAIS.xls
2015,M50,Tubos e Acessórios de Ferro Fundido e Aço,NOV,152.46569130351338,cife2015_MATERIAIS.xls
2015,M50,Tubos e Acessórios de Ferro Fundido e Aço,DEZ,152.39228477133426,cife2015_MATERIAIS.xls
2015,M51,Tintas para Construções Metálicas,JAN,131.2,cife2015_MATERIAIS.xls
2015,M51,Tintas para Construções Metálicas,FEV,131.2,cife2015_MATERIAIS.xls
2015,M51,Tintas para Construções Metálicas,MAR,131.2,cife2015_MATERIAIS.xls
2015,M51,Tintas para Construções Metálicas,ABR,131.2,cife2015_MATERIAIS.xls
2015,M51,Tintas para Construções Metálicas,MAI,131.2,cife2015_MATERIAIS.xls
2015,M51,Tintas para Construções Metálicas,JUN,131.2,cife2015_MATERIAIS.xls
2015,M51,Tintas para Construções Metálicas,JUL,131.2,cife2015_MATERIAIS.xls
2015,M51,Tintas para Construções Metálicas,AGO,131.2,cife2015_MATERIAIS.xls
2015,M51,Tintas para Construções Metálicas,SET,131.2,cife2015_MATERIAIS.xls
2015,M51,Tintas para Construções Metálicas,OUT,131.18351148870136,cife2015_MATERIAIS.xls
2015,M51,Tintas para Construções Metálicas,NOV,131.18351148870136,cife2015_MATERIAIS.xls
2015,M51,Tintas para Construções Metálicas,DEZ,131.18351148870136,cife2015_MATERIAIS.xls
2016,M01,Britas,JAN,104.3,cife2016_MATERIAIS.xls
2016,M01,Britas,FEV,104.6,cife2016_MATERIAIS.xls
2016,M01,Britas,MAR,104.7,cife2016_MATERIAIS.xls
2016,M01,Britas,ABR,104.8,cife2016_MATERIAIS.xls
2016,M01,Britas,MAI,104.9,cife2016_MATERIAIS.xls
2016,M01,Britas,JUN,105.1,cife2016_MATERIAIS.xls
2016,M01,Britas,JUL,104.8,cife2016_MATERIAIS.xls
2016,M01,Britas,AGO,104.5,cife2016_MATERIAIS.xls
2016,M01,Britas,SET,104.8,cife2016_MATERIAIS.xls
2016,M01,Britas,OUT,105.2,cife2016_MATERIAIS.xls
2016,M01,Britas,NOV,105.5,cife2016_MATERIAIS.xls
2016,M01,Britas,DEZ,105.5,cife2016_MATERIAIS.xls
2016,M02,Areias,JAN,87.9,cife2016_MATERIAIS.xls
2016,M02,Areias,FEV,87.9,cife2016_MATERIAIS.xls
2016,M02,Areias,MAR,87.9,cife2016_MATERIAIS.xls
2016,M02,Areias,ABR,87.9,cife2016_MATERIAIS.xls
2016,M02,Areias,MAI,87.9,cife2016_MATERIAIS.xls
2016,M02,Areias,JUN,87.9,cife2016_MATERIAIS.xls
2016,M02,Areias,JUL,87.9,cife2016_MATERIAIS.xls
2016,M02,Areias,AGO,87.9,cife2016_MATERIAIS.xls
2016,M02,Areias,SET,87.9,cife2016_MATERIAIS.xls
2016,M02,Areias,OUT,87.9,cife2016_MATERIAIS.xls
2016,M02,Areias,NOV,87.9,cife2016_MATERIAIS.xls
2016,M02,Areias,DEZ,87.9,cife2016_MATERIAIS.xls
2016,M03,Inertes,JAN,98.3,cife2016_MATERIAIS.xls
2016,M03,Inertes,FEV,98.5,cife2016_MATERIAIS.xls
2016,M03,Inertes,MAR,98.5,cife2016_MATERIAIS.xls
2016,M03,Inertes,ABR,98.6,cife2016_MATERIAIS.xls
2016,M03,Inertes,MAI,98.6,cife2016_MATERIAIS.xls
2016,M03,Inertes,JUN,98.7,cife2016_MATERIAIS.xls
2016,M03,Inertes,JUL,98.6,cife2016_MATERIAIS.xls
2016,M03,Inertes,AGO,98.4,cife2016_MATERIAIS.xls
2016,M03,Inertes,SET,98.6,cife2016_MATERIAIS.xls
2016,M03,Inertes,OUT,98.8,cife2016_MATERIAIS.xls
2016,M03,Inertes,NOV,98.9,cife2016_MATERIAIS.xls
2016,M03,Inertes,DEZ,98.9,cife2016_MATERIAIS.xls
2016,M04,Ladrilhos de calcário e granito,JAN,96.1,cife2016_MATERIAIS.xls
2016,M04,Ladrilhos de calcário e granito,FEV,96.1,cife2016_MATERIAIS.xls
2016,M04,Ladrilhos de calcário e granito,MAR,96.1,cife2016_MATERIAIS.xls
2016,M04,Ladrilhos de calcário e granito,ABR,96.1,cife2016_MATERIAIS.xls
2016,M04,Ladrilhos de calcário e granito,MAI,96.1,cife2016_MATERIAIS.xls
2016,M04,Ladrilhos de calcário e granito,JUN,96.1,cife2016_MATERIAIS.xls
2016,M04,Ladrilhos de calcário e granito,JUL,96.1,cife2016_MATERIAIS.xls
2016,M04,Ladrilhos de calcário e granito,AGO,96.1,cife2016_MATERIAIS.xls
2016,M04,Ladrilhos de calcário e granito,SET,96.1,cife2016_MATERIAIS.xls
2016,M04,Ladrilhos de calcário e granito,OUT,96.1,cife2016_MATERIAIS.xls
2016,M04,Ladrilhos de calcário e granito,NOV,96.1,cife2016_MATERIAIS.xls
2016,M04,Ladrilhos de calcário e granito,DEZ,96.1,cife2016_MATERIAIS.xls
2016,M05,Cantarias de calcário e granito,JAN,110.6,cife2016_MATERIAIS.xls
2016,M05,Cantarias de calcário e granito,FEV,110.6,cife2016_MATERIAIS.xls
2016,M05,Cantarias de calcário e granito,MAR,110.6,cife2016_MATERIAIS.xls
2016,M05,Cantarias de calcário e granito,ABR,110.6,cife2016_MATERIAIS.xls
2016,M05,Cantarias de calcário e granito,MAI,110.6,cife2016_MATERIAIS.xls
2016,M05,Cantarias de calcário e granito,JUN,110.6,cife2016_MATERIAIS.xls
2016,M05,Cantarias de calcário e granito,JUL,110.6,cife2016_MATERIAIS.xls
2016,M05,Cantarias de calcário e granito,AGO,110.6,cife2016_MATERIAIS.xls
2016,M05,Cantarias de calcário e granito,SET,110.6,cife2016_MATERIAIS.xls
2016,M05,Cantarias de calcário e granito,OUT,110.6,cife2016_MATERIAIS.xls
2016,M05,Cantarias de calcário e granito,NOV,110.6,cife2016_MATERIAIS.xls
2016,M05,Cantarias de calcário e granito,DEZ,110.6,cife2016_MATERIAIS.xls
2016,M06,Ladr. e cant. de calcário e granito,JAN,96.4,cife2016_MATERIAIS.xls
2016,M06,Ladr. e cant. de calcário e granito,FEV,96.4,cife2016_MATERIAIS.xls
2016,M06,Ladr. e cant. de calcário e granito,MAR,96.4,cife2016_MATERIAIS.xls
2016,M06,Ladr. e cant. de calcário e granito,ABR,96.4,cife2016_MATERIAIS.xls
2016,M06,Ladr. e cant. de calcário e granito,MAI,96.4,cife2016_MATERIAIS.xls
2016,M06,Ladr. e cant. de calcário e granito,JUN,96.4,cife2016_MATERIAIS.xls
2016,M06,Ladr. e cant. de calcário e granito,JUL,96.4,cife2016_MATERIAIS.xls
2016,M06,Ladr. e cant. de calcário e granito,AGO,96.4,cife2016_MATERIAIS.xls
2016,M06,Ladr. e cant. de calcário e granito,SET,96.4,cife2016_MATERIAIS.xls
2016,M06,Ladr. e cant. de calcário e granito,OUT,96.4,cife2016_MATERIAIS.xls
2016,M06,Ladr. e cant. de calcário e granito,NOV,96.4,cife2016_MATERIAIS.xls
2016,M06,Ladr. e cant. de calcário e granito,DEZ,96.4,cife2016_MATERIAIS.xls
2016,M07,Telhas cerâmicas,JAN,121.0,cife2016_MATERIAIS.xls
2016,M07,Telhas cerâmicas,FEV,121.0,cife2016_MATERIAIS.xls
2016,M07,Telhas cerâmicas,MAR,117.7,cife2016_MATERIAIS.xls
2016,M07,Telhas cerâmicas,ABR,120.2,cife2016_MATERIAIS.xls
2016,M07,Telhas cerâmicas,MAI,120.6,cife2016_MATERIAIS.xls
2016,M07,Telhas cerâmicas,JUN,122.5,cife2016_MATERIAIS.xls
2016,M07,Telhas cerâmicas,JUL,123.0,cife2016_MATERIAIS.xls
2016,M07,Telhas cerâmicas,AGO,121.2,cife2016_MATERIAIS.xls
2016,M07,Telhas cerâmicas,SET,121.3,cife2016_MATERIAIS.xls
2016,M07,Telhas cerâmicas,OUT,119.9,cife2016_MATERIAIS.xls
2016,M07,Telhas cerâmicas,NOV,121.9,cife2016_MATERIAIS.xls
2016,M07,Telhas cerâmicas,DEZ,122.3,cife2016_MATERIAIS.xls
2016,M08,Tijolos cerâmicos,JAN,92.7,cife2016_MATERIAIS.xls
2016,M08,Tijolos cerâmicos,FEV,92.6,cife2016_MATERIAIS.xls
2016,M08,Tijolos cerâmicos,MAR,92.7,cife2016_MATERIAIS.xls
2016,M08,Tijolos cerâmicos,ABR,92.6,cife2016_MATERIAIS.xls
2016,M08,Tijolos cerâmicos,MAI,92.5,cife2016_MATERIAIS.xls
2016,M08,Tijolos cerâmicos,JUN,92.5,cife2016_MATERIAIS.xls
2016,M08,Tijolos cerâmicos,JUL,92.5,cife2016_MATERIAIS.xls
2016,M08,Tijolos cerâmicos,AGO,84.1,cife2016_MATERIAIS.xls
2016,M08,Tijolos cerâmicos,SET,92.5,cife2016_MATERIAIS.xls
2016,M08,Tijolos cerâmicos,OUT,92.6,cife2016_MATERIAIS.xls
2016,M08,Tijolos cerâmicos,NOV,92.6,cife2016_MATERIAIS.xls
2016,M08,Tijolos cerâmicos,DEZ,92.5,cife2016_MATERIAIS.xls
2016,M09,Produtos Cerâmicos Vermelhos,JAN,101.0,cife2016_MATERIAIS.xls
2016,M09,Produtos Cerâmicos Vermelhos,FEV,100.9,cife2016_MATERIAIS.xls
2016,M09,Produtos Cerâmicos Vermelhos,MAR,99.9,cife2016_MATERIAIS.xls
2016,M09,Produtos Cerâmicos Vermelhos,ABR,100.6,cife2016_MATERIAIS.xls
2016,M09,Produtos Cerâmicos Vermelhos,MAI,100.7,cife2016_MATERIAIS.xls
2016,M09,Produtos Cerâmicos Vermelhos,JUN,101.2,cife2016_MATERIAIS.xls
2016,M09,Produtos Cerâmicos Vermelhos,JUL,101.4,cife2016_MATERIAIS.xls
2016,M09,Produtos Cerâmicos Vermelhos,AGO,95.1,cife2016_MATERIAIS.xls
2016,M09,Produtos Cerâmicos Vermelhos,SET,100.9,cife2016_MATERIAIS.xls
2016,M09,Produtos Cerâmicos Vermelhos,OUT,100.5,cife2016_MATERIAIS.xls
2016,M09,Produtos Cerâmicos Vermelhos,NOV,101.1,cife2016_MATERIAIS.xls
2016,M09,Produtos Cerâmicos Vermelhos,DEZ,101.2,cife2016_MATERIAIS.xls
2016,M10,Azulejos e Mosaicos,JAN,93.8,cife2016_MATERIAIS.xls
2016,M10,Azulejos e Mosaicos,FEV,93.8,cife2016_MATERIAIS.xls
2016,M10,Azulejos e Mosaicos,MAR,93.8,cife2016_MATERIAIS.xls
2016,M10,Azulejos e Mosaicos,ABR,93.8,cife2016_MATERIAIS.xls
2016,M10,Azulejos e Mosaicos,MAI,94.0,cife2016_MATERIAIS.xls
2016,M10,Azulejos e Mosaicos,JUN,94.0,cife2016_MATERIAIS.xls
2016,M10,Azulejos e Mosaicos,JUL,94.0,cife2016_MATERIAIS.xls
2016,M10,Azulejos e Mosaicos,AGO,94.0,cife2016_MATERIAIS.xls
2016,M10,Azulejos e Mosaicos,SET,94.0,cife2016_MATERIAIS.xls
2016,M10,Azulejos e Mosaicos,OUT,94.0,cife2016_MATERIAIS.xls
2016,M10,Azulejos e Mosaicos,NOV,93.7,cife2016_MATERIAIS.xls
2016,M10,Azulejos e Mosaicos,DEZ,93.7,cife2016_MATERIAIS.xls
2016,M12,Aço em Varão e Perfilados,JAN,264.6,cife2016_MATERIAIS.xls
2016,M12,Aço em Varão e Perfilados,FEV,264.6,cife2016_MATERIAIS.xls
2016,M12,Aço em Varão e Perfilados,MAR,266.3,cife2016_MATERIAIS.xls
2016,M12,Aço em Varão e Perfilados,ABR,267.6,cife2016_MATERIAIS.xls
2016,M12,Aço em Varão e Perfilados,MAI,272.0,cife2016_MATERIAIS.xls
2016,M12,Aço em Varão e Perfilados,JUN,271.6,cife2016_MATERIAIS.xls
2016,M12,Aço em Varão e Perfilados,JUL,271.1,cife2016_MATERIAIS.xls
2016,M12,Aço em Varão e Perfilados,AGO,270.7,cife2016_MATERIAIS.xls
2016,M12,Aço em Varão e Perfilados,SET,270.4,cife2016_MATERIAIS.xls
2016,M12,Aço em Varão e Perfilados,OUT,269.7,cife2016_MATERIAIS.xls
2016,M12,Aço em Varão e Perfilados,NOV,270.7,cife2016_MATERIAIS.xls
2016,M12,Aço em Varão e Perfilados,DEZ,270.8,cife2016_MATERIAIS.xls
2016,M13,Chapa de Aço Macio,JAN,147.4,cife2016_MATERIAIS.xls
2016,M13,Chapa de Aço Macio,FEV,147.4,cife2016_MATERIAIS.xls
2016,M13,Chapa de Aço Macio,MAR,147.4,cife2016_MATERIAIS.xls
2016,M13,Chapa de Aço Macio,ABR,147.4,cife2016_MATERIAIS.xls
2016,M13,Chapa de Aço Macio,MAI,147.4,cife2016_MATERIAIS.xls
2016,M13,Chapa de Aço Macio,JUN,147.4,cife2016_MATERIAIS.xls
2016,M13,Chapa de Aço Macio,JUL,147.4,cife2016_MATERIAIS.xls
2016,M13,Chapa de Aço Macio,AGO,147.4,cife2016_MATERIAIS.xls
2016,M13,Chapa de Aço Macio,SET,147.4,cife2016_MATERIAIS.xls
2016,M13,Chapa de Aço Macio,OUT,147.4,cife2016_MATERIAIS.xls
2016,M13,Chapa de Aço Macio,NOV,147.5,cife2016_MATERIAIS.xls
2016,M13,Chapa de Aço Macio,DEZ,147.5,cife2016_MATERIAIS.xls
2016,M14,Rede electrossoldada,JAN,182.6,cife2016_MATERIAIS.xls
2016,M14,Rede electrossoldada,FEV,182.6,cife2016_MATERIAIS.xls
2016,M14,Rede electrossoldada,MAR,182.5,cife2016_MATERIAIS.xls
2016,M14,Rede electrossoldada,ABR,183.5,cife2016_MATERIAIS.xls
2016,M14,Rede electrossoldada,MAI,184.8,cife2016_MATERIAIS.xls
2016,M14,Rede electrossoldada,JUN,184.9,cife2016_MATERIAIS.xls
2016,M14,Rede electrossoldada,JUL,184.9,cife2016_MATERIAIS.xls
2016,M14,Rede electrossoldada,AGO,184.8,cife2016_MATERIAIS.xls
2016,M14,Rede electrossoldada,SET,184.8,cife2016_MATERIAIS.xls
2016,M14,Rede electrossoldada,OUT,184.8,cife2016_MATERIAIS.xls
2016,M14,Rede electrossoldada,NOV,185.1,cife2016_MATERIAIS.xls
2016,M14,Rede electrossoldada,DEZ,185.1,cife2016_MATERIAIS.xls
2016,M15,Chapa de aço galvanizada,JAN,145.1,cife2016_MATERIAIS.xls
2016,M15,Chapa de aço galvanizada,FEV,145.1,cife2016_MATERIAIS.xls
2016,M15,Chapa de aço galvanizada,MAR,144.8,cife2016_MATERIAIS.xls
2016,M15,Chapa de aço galvanizada,ABR,144.9,cife2016_MATERIAIS.xls
2016,M15,Chapa de aço galvanizada,MAI,145.1,cife2016_MATERIAIS.xls
2016,M15,Chapa de aço galvanizada,JUN,145.2,cife2016_MATERIAIS.xls
2016,M15,Chapa de aço galvanizada,JUL,145.4,cife2016_MATERIAIS.xls
2016,M15,Chapa de aço galvanizada,AGO,145.7,cife2016_MATERIAIS.xls
2016,M15,Chapa de aço galvanizada,SET,145.7,cife2016_MATERIAIS.xls
2016,M15,Chapa de aço galvanizada,OUT,145.9,cife2016_MATERIAIS.xls
2016,M15,Chapa de aço galvanizada,NOV,145.8,cife2016_MATERIAIS.xls
2016,M15,Chapa de aço galvanizada,DEZ,146.1,cife2016_MATERIAIS.xls
2016,M16,Fio de Cobre Nu,JAN,246.7,cife2016_MATERIAIS.xls
2016,M16,Fio de Cobre Nu,FEV,244.8,cife2016_MATERIAIS.xls
2016,M16,Fio de Cobre Nu,MAR,247.4,cife2016_MATERIAIS.xls
2016,M16,Fio de Cobre Nu,ABR,247.7,cife2016_MATERIAIS.xls
2016,M16,Fio de Cobre Nu,MAI,246.9,cife2016_MATERIAIS.xls
2016,M16,Fio de Cobre Nu,JUN,243.7,cife2016_MATERIAIS.xls
2016,M16,Fio de Cobre Nu,JUL,245.5,cife2016_MATERIAIS.xls
2016,M16,Fio de Cobre Nu,AGO,248.8,cife2016_MATERIAIS.xls
2016,M16,Fio de Cobre Nu,SET,246.2,cife2016_MATERIAIS.xls
2016,M16,Fio de Cobre Nu,OUT,245.8,cife2016_MATERIAIS.xls
2016,M16,Fio de Cobre Nu,NOV,247.8,cife2016_MATERIAIS.xls
2016,M16,Fio de Cobre Nu,DEZ,261.9,cife2016_MATERIAIS.xls
2016,M17,Fio de cobre revestido,JAN,204.3,cife2016_MATERIAIS.xls
2016,M17,Fio de cobre revestido,FEV,202.8,cife2016_MATERIAIS.xls
2016,M17,Fio de cobre revestido,MAR,205.0,cife2016_MATERIAIS.xls
2016,M17,Fio de cobre revestido,ABR,205.2,cife2016_MATERIAIS.xls
2016,M17,Fio de cobre revestido,MAI,204.5,cife2016_MATERIAIS.xls
2016,M17,Fio de cobre revestido,JUN,201.9,cife2016_MATERIAIS.xls
2016,M17,Fio de cobre revestido,JUL,203.3,cife2016_MATERIAIS.xls
2016,M17,Fio de cobre revestido,AGO,206.1,cife2016_MATERIAIS.xls
2016,M17,Fio de cobre revestido,SET,203.9,cife2016_MATERIAIS.xls
2016,M17,Fio de cobre revestido,OUT,203.6,cife2016_MATERIAIS.xls
2016,M17,Fio de cobre revestido,NOV,205.3,cife2016_MATERIAIS.xls
2016,M17,Fio de cobre revestido,DEZ,216.9,cife2016_MATERIAIS.xls
2016,M18,Betumes a Granel,JAN,198.7,cife2016_MATERIAIS.xls
2016,M18,Betumes a Granel,FEV,180.4,cife2016_MATERIAIS.xls
2016,M18,Betumes a Granel,MAR,180.7,cife2016_MATERIAIS.xls
2016,M18,Betumes a Granel,ABR,191.5,cife2016_MATERIAIS.xls
2016,M18,Betumes a Granel,MAI,192.1,cife2016_MATERIAIS.xls
2016,M18,Betumes a Granel,JUN,225.5,cife2016_MATERIAIS.xls
2016,M18,Betumes a Granel,JUL,239.9,cife2016_MATERIAIS.xls
2016,M18,Betumes a Granel,AGO,239.1,cife2016_MATERIAIS.xls
2016,M18,Betumes a Granel,SET,238.7,cife2016_MATERIAIS.xls
2016,M18,Betumes a Granel,OUT,249.2,cife2016_MATERIAIS.xls
2016,M18,Betumes a Granel,NOV,287.6,cife2016_MATERIAIS.xls
2016,M18,Betumes a Granel,DEZ,272.8,cife2016_MATERIAIS.xls
2016,M19,Betumes em Tambores,JAN,403.3,cife2016_MATERIAIS.xls
2016,M19,Betumes em Tambores,FEV,394.1,cife2016_MATERIAIS.xls
2016,M19,Betumes em Tambores,MAR,395.9,cife2016_MATERIAIS.xls
2016,M19,Betumes em Tambores,ABR,401.1,cife2016_MATERIAIS.xls
2016,M19,Betumes em Tambores,MAI,400.0,cife2016_MATERIAIS.xls
2016,M19,Betumes em Tambores,JUN,406.8,cife2016_MATERIAIS.xls
2016,M19,Betumes em Tambores,JUL,412.2,cife2016_MATERIAIS.xls
2016,M19,Betumes em Tambores,AGO,412.2,cife2016_MATERIAIS.xls
2016,M19,Betumes em Tambores,SET,414.6,cife2016_MATERIAIS.xls
2016,M19,Betumes em Tambores,OUT,419.1,cife2016_MATERIAIS.xls
2016,M19,Betumes em Tambores,NOV,430.3,cife2016_MATERIAIS.xls
2016,M19,Betumes em Tambores,DEZ,432.9,cife2016_MATERIAIS.xls
2016,M20,Cimento em saco,JAN,151.4,cife2016_MATERIAIS.xls
2016,M20,Cimento em saco,FEV,151.4,cife2016_MATERIAIS.xls
2016,M20,Cimento em saco,MAR,150.8,cife2016_MATERIAIS.xls
2016,M20,Cimento em saco,ABR,150.8,cife2016_MATERIAIS.xls
2016,M20,Cimento em saco,MAI,150.8,cife2016_MATERIAIS.xls
2016,M20,Cimento em saco,JUN,150.8,cife2016_MATERIAIS.xls
2016,M20,Cimento em saco,JUL,150.8,cife2016_MATERIAIS.xls
2016,M20,Cimento em saco,AGO,150.8,cife2016_MATERIAIS.xls
2016,M20,Cimento em saco,SET,150.8,cife2016_MATERIAIS.xls
2016,M20,Cimento em saco,OUT,150.7,cife2016_MATERIAIS.xls
2016,M20,Cimento em saco,NOV,150.7,cife2016_MATERIAIS.xls
2016,M20,Cimento em saco,DEZ,150.7,cife2016_MATERIAIS.xls
2016,M21,Explosivos,JAN,154.6,cife2016_MATERIAIS.xls
2016,M21,Explosivos,FEV,154.6,cife2016_MATERIAIS.xls
2016,M21,Explosivos,MAR,154.6,cife2016_MATERIAIS.xls
2016,M21,Explosivos,ABR,154.6,cife2016_MATERIAIS.xls
2016,M21,Explosivos,MAI,154.6,cife2016_MATERIAIS.xls
2016,M21,Explosivos,JUN,154.6,cife2016_MATERIAIS.xls
2016,M21,Explosivos,JUL,154.6,cife2016_MATERIAIS.xls
2016,M21,Explosivos,AGO,154.6,cife2016_MATERIAIS.xls
2016,M21,Explosivos,SET,154.6,cife2016_MATERIAIS.xls
2016,M21,Explosivos,OUT,154.3,cife2016_MATERIAIS.xls
2016,M21,Explosivos,NOV,154.26747101591044,cife2016_MATERIAIS.xls
2016,M21,Explosivos,DEZ,154.3,cife2016_MATERIAIS.xls
2016,M22,Gasóleo,JAN,229.9,cife2016_MATERIAIS.xls
2016,M22,Gasóleo,FEV,230.6,cife2016_MATERIAIS.xls
2016,M22,Gasóleo,MAR,247.2,cife2016_MATERIAIS.xls
2016,M22,Gasóleo,ABR,250.0,cife2016_MATERIAIS.xls
2016,M22,Gasóleo,MAI,254.4,cife2016_MATERIAIS.xls
2016,M22,Gasóleo,JUN,262.3,cife2016_MATERIAIS.xls
2016,M22,Gasóleo,JUL,258.6,cife2016_MATERIAIS.xls
2016,M22,Gasóleo,AGO,254.9,cife2016_MATERIAIS.xls
2016,M22,Gasóleo,SET,257.8,cife2016_MATERIAIS.xls
2016,M22,Gasóleo,OUT,265.4,cife2016_MATERIAIS.xls
2016,M22,Gasóleo,NOV,263.3,cife2016_MATERIAIS.xls
2016,M22,Gasóleo,DEZ,271.3,cife2016_MATERIAIS.xls
2016,M23,Vidro,JAN,92.0,cife2016_MATERIAIS.xls
2016,M23,Vidro,FEV,92.0,cife2016_MATERIAIS.xls
2016,M23,Vidro,MAR,92.0,cife2016_MATERIAIS.xls
2016,M23,Vidro,ABR,92.0,cife2016_MATERIAIS.xls
2016,M23,Vidro,MAI,92.0,cife2016_MATERIAIS.xls
2016,M23,Vidro,JUN,92.0,cife2016_MATERIAIS.xls
2016,M23,Vidro,JUL,92.0,cife2016_MATERIAIS.xls
2016,M23,Vidro,AGO,92.0,cife2016_MATERIAIS.xls
2016,M23,Vidro,SET,92.0,cife2016_MATERIAIS.xls
2016,M23,Vidro,OUT,92.0,cife2016_MATERIAIS.xls
2016,M23,Vidro,NOV,92.0,cife2016_MATERIAIS.xls
2016,M23,Vidro,DEZ,92.0,cife2016_MATERIAIS.xls
2016,M24,Madeiras de Pinho,JAN,148.4,cife2016_MATERIAIS.xls
2016,M24,Madeiras de Pinho,FEV,152.4,cife2016_MATERIAIS.xls
2016,M24,Madeiras de Pinho,MAR,152.4,cife2016_MATERIAIS.xls
2016,M24,Madeiras de Pinho,ABR,152.4,cife2016_MATERIAIS.xls
2016,M24,Madeiras de Pinho,MAI,152.4,cife2016_MATERIAIS.xls
2016,M24,Madeiras de Pinho,JUN,156.2,cife2016_MATERIAIS.xls
2016,M24,Madeiras de Pinho,JUL,157.1,cife2016_MATERIAIS.xls
2016,M24,Madeiras de Pinho,AGO,157.1,cife2016_MATERIAIS.xls
2016,M24,Madeiras de Pinho,SET,157.1,cife2016_MATERIAIS.xls
2016,M24,Madeiras de Pinho,OUT,157.1,cife2016_MATERIAIS.xls
2016,M24,Madeiras de Pinho,NOV,157.1,cife2016_MATERIAIS.xls
2016,M24,Madeiras de Pinho,DEZ,157.1,cife2016_MATERIAIS.xls
2016,M25,Madeiras Especiais ou Exóticas,JAN,146.8,cife2016_MATERIAIS.xls
2016,M25,Madeiras Especiais ou Exóticas,FEV,152.1,cife2016_MATERIAIS.xls
2016,M25,Madeiras Especiais ou Exóticas,MAR,152.1,cife2016_MATERIAIS.xls
2016,M25,Madeiras Especiais ou Exóticas,ABR,152.1,cife2016_MATERIAIS.xls
2016,M25,Madeiras Especiais ou Exóticas,MAI,152.1,cife2016_MATERIAIS.xls
2016,M25,Madeiras Especiais ou Exóticas,JUN,152.1,cife2016_MATERIAIS.xls
2016,M25,Madeiras Especiais ou Exóticas,JUL,152.1,cife2016_MATERIAIS.xls
2016,M25,Madeiras Especiais ou Exóticas,AGO,152.1,cife2016_MATERIAIS.xls
2016,M25,Madeiras Especiais ou Exóticas,SET,152.1,cife2016_MATERIAIS.xls
2016,M25,Madeiras Especiais ou Exóticas,OUT,150.6,cife2016_MATERIAIS.xls
2016,M25,Madeiras Especiais ou Exóticas,NOV,150.6,cife2016_MATERIAIS.xls
2016,M25,Madeiras Especiais ou Exóticas,DEZ,150.6,cife2016_MATERIAIS.xls
2016,M26,Derivados de madeira,JAN,126.0,cife2016_MATERIAIS.xls
2016,M26,Derivados de madeira,FEV,126.0,cife2016_MATERIAIS.xls
2016,M26,Derivados de madeira,MAR,126.2,cife2016_MATERIAIS.xls
2016,M26,Derivados de madeira,ABR,127.6,cife2016_MATERIAIS.xls
2016,M26,Derivados de madeira,MAI,124.0,cife2016_MATERIAIS.xls
2016,M26,Derivados de madeira,JUN,124.0,cife2016_MATERIAIS.xls
2016,M26,Derivados de madeira,JUL,124.0,cife2016_MATERIAIS.xls
2016,M26,Derivados de madeira,AGO,124.0,cife2016_MATERIAIS.xls
2016,M26,Derivados de madeira,SET,124.0,cife2016_MATERIAIS.xls
2016,M26,Derivados de madeira,OUT,124.0,cife2016_MATERIAIS.xls
2016,M26,Derivados de madeira,NOV,124.0,cife2016_MATERIAIS.xls
2016,M26,Derivados de madeira,DEZ,123.5,cife2016_MATERIAIS.xls
2016,M27,Aglomerado negro de cortiça,JAN,173.9,cife2016_MATERIAIS.xls
2016,M27,Aglomerado negro de cortiça,FEV,173.9,cife2016_MATERIAIS.xls
2016,M27,Aglomerado negro de cortiça,MAR,173.9,cife2016_MATERIAIS.xls
2016,M27,Aglomerado negro de cortiça,ABR,173.9,cife2016_MATERIAIS.xls
2016,M27,Aglomerado negro de cortiça,MAI,173.9,cife2016_MATERIAIS.xls
2016,M27,Aglomerado negro de cortiça,JUN,173.9,cife2016_MATERIAIS.xls
2016,M27,Aglomerado negro de cortiça,JUL,173.9,cife2016_MATERIAIS.xls
2016,M27,Aglomerado negro de cortiça,AGO,173.9,cife2016_MATERIAIS.xls
2016,M27,Aglomerado negro de cortiça,SET,173.9,cife2016_MATERIAIS.xls
2016,M27,Aglomerado negro de cortiça,OUT,174.1,cife2016_MATERIAIS.xls
2016,M27,Aglomerado negro de cortiça,NOV,174.1,cife2016_MATERIAIS.xls
2016,M27,Aglomerado negro de cortiça,DEZ,174.1,cife2016_MATERIAIS.xls
2016,M28,Ladrilho de cortiça,JAN,108.6,cife2016_MATERIAIS.xls
2016,M28,Ladrilho de cortiça,FEV,108.6,cife2016_MATERIAIS.xls
2016,M28,Ladrilho de cortiça,MAR,108.6,cife2016_MATERIAIS.xls
2016,M28,Ladrilho de cortiça,ABR,108.6,cife2016_MATERIAIS.xls
2016,M28,Ladrilho de cortiça,MAI,108.6,cife2016_MATERIAIS.xls
2016,M28,Ladrilho de cortiça,JUN,108.6,cife2016_MATERIAIS.xls
2016,M28,Ladrilho de cortiça,JUL,108.6,cife2016_MATERIAIS.xls
2016,M28,Ladrilho de cortiça,AGO,108.6,cife2016_MATERIAIS.xls
2016,M28,Ladrilho de cortiça,SET,108.6,cife2016_MATERIAIS.xls
2016,M28,Ladrilho de cortiça,OUT,108.6,cife2016_MATERIAIS.xls
2016,M28,Ladrilho de cortiça,NOV,108.6,cife2016_MATERIAIS.xls
2016,M28,Ladrilho de cortiça,DEZ,108.6,cife2016_MATERIAIS.xls
2016,M29,Tintas para construção civil,JAN,289.9,cife2016_MATERIAIS.xls
2016,M29,Tintas para construção civil,FEV,289.9,cife2016_MATERIAIS.xls
2016,M29,Tintas para construção civil,MAR,289.9,cife2016_MATERIAIS.xls
2016,M29,Tintas para construção civil,ABR,289.9,cife2016_MATERIAIS.xls
2016,M29,Tintas para construção civil,MAI,290.1,cife2016_MATERIAIS.xls
2016,M29,Tintas para construção civil,JUN,290.1,cife2016_MATERIAIS.xls
2016,M29,Tintas para construção civil,JUL,290.1,cife2016_MATERIAIS.xls
2016,M29,Tintas para construção civil,AGO,290.2,cife2016_MATERIAIS.xls
2016,M29,Tintas para construção civil,SET,290.2,cife2016_MATERIAIS.xls
2016,M29,Tintas para construção civil,OUT,290.2,cife2016_MATERIAIS.xls
2016,M29,Tintas para construção civil,NOV,290.2,cife2016_MATERIAIS.xls
2016,M29,Tintas para construção civil,DEZ,290.2,cife2016_MATERIAIS.xls
2016,M30,Tintas para estradas,JAN,284.7,cife2016_MATERIAIS.xls
2016,M30,Tintas para estradas,FEV,284.7,cife2016_MATERIAIS.xls
2016,M30,Tintas para estradas,MAR,284.7,cife2016_MATERIAIS.xls
2016,M30,Tintas para estradas,ABR,284.7,cife2016_MATERIAIS.xls
2016,M30,Tintas para estradas,MAI,284.7,cife2016_MATERIAIS.xls
2016,M30,Tintas para estradas,JUN,284.7,cife2016_MATERIAIS.xls
2016,M30,Tintas para estradas,JUL,284.7,cife2016_MATERIAIS.xls
2016,M30,Tintas para estradas,AGO,284.7,cife2016_MATERIAIS.xls
2016,M30,Tintas para estradas,SET,284.7,cife2016_MATERIAIS.xls
2016,M30,Tintas para estradas,OUT,284.7,cife2016_MATERIAIS.xls
2016,M30,Tintas para estradas,NOV,284.7,cife2016_MATERIAIS.xls
2016,M30,Tintas para estradas,DEZ,284.7,cife2016_MATERIAIS.xls
2016,M31,Membrana betuminosa,JAN,212.4,cife2016_MATERIAIS.xls
2016,M31,Membrana betuminosa,FEV,212.4,cife2016_MATERIAIS.xls
2016,M31,Membrana betuminosa,MAR,212.4,cife2016_MATERIAIS.xls
2016,M31,Membrana betuminosa,ABR,212.4,cife2016_MATERIAIS.xls
2016,M31,Membrana betuminosa,MAI,212.4,cife2016_MATERIAIS.xls
2016,M31,Membrana betuminosa,JUN,212.4,cife2016_MATERIAIS.xls
2016,M31,Membrana betuminosa,JUL,212.4,cife2016_MATERIAIS.xls
2016,M31,Membrana betuminosa,AGO,212.4,cife2016_MATERIAIS.xls
2016,M31,Membrana betuminosa,SET,212.4,cife2016_MATERIAIS.xls
2016,M31,Membrana betuminosa,OUT,212.5,cife2016_MATERIAIS.xls
2016,M31,Membrana betuminosa,NOV,212.5,cife2016_MATERIAIS.xls
2016,M31,Membrana betuminosa,DEZ,212.5,cife2016_MATERIAIS.xls
2016,M32,Tubo de PVC,JAN,114.8,cife2016_MATERIAIS.xls
2016,M32,Tubo de PVC,FEV,112.0,cife2016_MATERIAIS.xls
2016,M32,Tubo de PVC,MAR,112.0,cife2016_MATERIAIS.xls
2016,M32,Tubo de PVC,ABR,109.2,cife2016_MATERIAIS.xls
2016,M32,Tubo de PVC,MAI,112.0,cife2016_MATERIAIS.xls
2016,M32,Tubo de PVC,JUN,109.2,cife2016_MATERIAIS.xls
2016,M32,Tubo de PVC,JUL,109.2,cife2016_MATERIAIS.xls
2016,M32,Tubo de PVC,AGO,109.2,cife2016_MATERIAIS.xls
2016,M32,Tubo de PVC,SET,112.0,cife2016_MATERIAIS.xls
2016,M32,Tubo de PVC,OUT,108.7,cife2016_MATERIAIS.xls
2016,M32,Tubo de PVC,NOV,110.4,cife2016_MATERIAIS.xls
2016,M32,Tubo de PVC,DEZ,108.7,cife2016_MATERIAIS.xls
2016,M33,Tubo de PVC p/ instalações elétricas,JAN,181.5,cife2016_MATERIAIS.xls
2016,M33,Tubo de PVC p/ instalações elétricas,FEV,181.5,cife2016_MATERIAIS.xls
2016,M33,Tubo de PVC p/ instalações elétricas,MAR,181.5,cife2016_MATERIAIS.xls
2016,M33,Tubo de PVC p/ instalações elétricas,ABR,181.5,cife2016_MATERIAIS.xls
2016,M33,Tubo de PVC p/ instalações elétricas,MAI,181.5,cife2016_MATERIAIS.xls
2016,M33,Tubo de PVC p/ instalações elétricas,JUN,181.5,cife2016_MATERIAIS.xls
2016,M33,Tubo de PVC p/ instalações elétricas,JUL,177.2,cife2016_MATERIAIS.xls
2016,M33,Tubo de PVC p/ instalações elétricas,AGO,177.2,cife2016_MATERIAIS.xls
2016,M33,Tubo de PVC p/ instalações elétricas,SET,177.2,cife2016_MATERIAIS.xls
2016,M33,Tubo de PVC p/ instalações elétricas,OUT,177.2,cife2016_MATERIAIS.xls
2016,M33,Tubo de PVC p/ instalações elétricas,NOV,177.2,cife2016_MATERIAIS.xls
2016,M33,Tubo de PVC p/ instalações elétricas,DEZ,177.2,cife2016_MATERIAIS.xls
2016,M34,Blocos de betão normal,JAN,111.7,cife2016_MATERIAIS.xls
2016,M34,Blocos de betão normal,FEV,111.7,cife2016_MATERIAIS.xls
2016,M34,Blocos de betão normal,MAR,111.7,cife2016_MATERIAIS.xls
2016,M34,Blocos de betão normal,ABR,111.7,cife2016_MATERIAIS.xls
2016,M34,Blocos de betão normal,MAI,111.7,cife2016_MATERIAIS.xls
2016,M34,Blocos de betão normal,JUN,111.7,cife2016_MATERIAIS.xls
2016,M34,Blocos de betão normal,JUL,111.7,cife2016_MATERIAIS.xls
2016,M34,Blocos de betão normal,AGO,111.7,cife2016_MATERIAIS.xls
2016,M34,Blocos de betão normal,SET,111.7,cife2016_MATERIAIS.xls
2016,M34,Blocos de betão normal,OUT,111.7,cife2016_MATERIAIS.xls
2016,M34,Blocos de betão normal,NOV,111.7,cife2016_MATERIAIS.xls
2016,M34,Blocos de betão normal,DEZ,111.7,cife2016_MATERIAIS.xls
2016,M35,Manilhas de betão,JAN,152.5,cife2016_MATERIAIS.xls
2016,M35,Manilhas de betão,FEV,152.5,cife2016_MATERIAIS.xls
2016,M35,Manilhas de betão,MAR,152.5,cife2016_MATERIAIS.xls
2016,M35,Manilhas de betão,ABR,152.5,cife2016_MATERIAIS.xls
2016,M35,Manilhas de betão,MAI,152.5,cife2016_MATERIAIS.xls
2016,M35,Manilhas de betão,JUN,152.5,cife2016_MATERIAIS.xls
2016,M35,Manilhas de betão,JUL,152.5,cife2016_MATERIAIS.xls
2016,M35,Manilhas de betão,AGO,152.5,cife2016_MATERIAIS.xls
2016,M35,Manilhas de betão,SET,152.5,cife2016_MATERIAIS.xls
2016,M35,Manilhas de betão,OUT,152.6,cife2016_MATERIAIS.xls
2016,M35,Manilhas de betão,NOV,152.6,cife2016_MATERIAIS.xls
2016,M35,Manilhas de betão,DEZ,152.6,cife2016_MATERIAIS.xls
2016,M36,Tubagem de fibrocimento,JAN,157.9,cife2016_MATERIAIS.xls
2016,M36,Tubagem de fibrocimento,FEV,157.9,cife2016_MATERIAIS.xls
2016,M36,Tubagem de fibrocimento,MAR,157.9,cife2016_MATERIAIS.xls
2016,M36,Tubagem de fibrocimento,ABR,157.9,cife2016_MATERIAIS.xls
2016,M36,Tubagem de fibrocimento,MAI,157.9,cife2016_MATERIAIS.xls
2016,M36,Tubagem de fibrocimento,JUN,157.9,cife2016_MATERIAIS.xls
2016,M36,Tubagem de fibrocimento,JUL,157.9,cife2016_MATERIAIS.xls
2016,M36,Tubagem de fibrocimento,AGO,157.9,cife2016_MATERIAIS.xls
2016,M36,Tubagem de fibrocimento,SET,157.9,cife2016_MATERIAIS.xls
2016,M36,Tubagem de fibrocimento,OUT,157.9,cife2016_MATERIAIS.xls
2016,M36,Tubagem de fibrocimento,NOV,157.9,cife2016_MATERIAIS.xls
2016,M36,Tubagem de fibrocimento,DEZ,157.9,cife2016_MATERIAIS.xls
2016,M37,Chapa de fibrocimento (1),JAN,236.3,cife2016_MATERIAIS.xls
2016,M37,Chapa de fibrocimento (1),FEV,236.3,cife2016_MATERIAIS.xls
2016,M37,Chapa de fibrocimento (1),MAR,236.3,cife2016_MATERIAIS.xls
2016,M37,Chapa de fibrocimento (1),ABR,236.3,cife2016_MATERIAIS.xls
2016,M37,Chapa de fibrocimento (1),MAI,236.3,cife2016_MATERIAIS.xls
2016,M37,Chapa de fibrocimento (1),JUN,236.3,cife2016_MATERIAIS.xls
2016,M37,Chapa de fibrocimento (1),JUL,236.3,cife2016_MATERIAIS.xls
2016,M37,Chapa de fibrocimento (1),AGO,236.3,cife2016_MATERIAIS.xls
2016,M37,Chapa de fibrocimento (1),SET,236.3,cife2016_MATERIAIS.xls
2016,M37,Chapa de fibrocimento (1),OUT,236.3,cife2016_MATERIAIS.xls
2016,M37,Chapa de fibrocimento (1),NOV,236.3,cife2016_MATERIAIS.xls
2016,M37,Chapa de fibrocimento (1),DEZ,236.3,cife2016_MATERIAIS.xls
2016,M39,Caixilharias em alumínio anodizado,JAN,145.7,cife2016_MATERIAIS.xls
2016,M39,Caixilharias em alumínio anodizado,FEV,145.7,cife2016_MATERIAIS.xls
2016,M39,Caixilharias em alumínio anodizado,MAR,145.7,cife2016_MATERIAIS.xls
2016,M39,Caixilharias em alumínio anodizado,ABR,145.7,cife2016_MATERIAIS.xls
2016,M39,Caixilharias em alumínio anodizado,MAI,145.7,cife2016_MATERIAIS.xls
2016,M39,Caixilharias em alumínio anodizado,JUN,145.7,cife2016_MATERIAIS.xls
2016,M39,Caixilharias em alumínio anodizado,JUL,145.7,cife2016_MATERIAIS.xls
2016,M39,Caixilharias em alumínio anodizado,AGO,145.7,cife2016_MATERIAIS.xls
2016,M39,Caixilharias em alumínio anodizado,SET,145.7,cife2016_MATERIAIS.xls
2016,M39,Caixilharias em alumínio anodizado,OUT,145.8,cife2016_MATERIAIS.xls
2016,M39,Caixilharias em alumínio anodizado,NOV,145.8,cife2016_MATERIAIS.xls
2016,M39,Caixilharias em alumínio anodizado,DEZ,145.8,cife2016_MATERIAIS.xls
2016,M40,Caixilharias em alumínio termolacado,JAN,136.7,cife2016_MATERIAIS.xls
2016,M40,Caixilharias em alumínio termolacado,FEV,136.7,cife2016_MATERIAIS.xls
2016,M40,Caixilharias em alumínio termolacado,MAR,136.7,cife2016_MATERIAIS.xls
2016,M40,Caixilharias em alumínio termolacado,ABR,136.7,cife2016_MATERIAIS.xls
2016,M40,Caixilharias em alumínio termolacado,MAI,136.7,cife2016_MATERIAIS.xls
2016,M40,Caixilharias em alumínio termolacado,JUN,136.7,cife2016_MATERIAIS.xls
2016,M40,Caixilharias em alumínio termolacado,JUL,136.7,cife2016_MATERIAIS.xls
2016,M40,Caixilharias em alumínio termolacado,AGO,136.7,cife2016_MATERIAIS.xls
2016,M40,Caixilharias em alumínio termolacado,SET,136.7,cife2016_MATERIAIS.xls
2016,M40,Caixilharias em alumínio termolacado,OUT,136.7,cife2016_MATERIAIS.xls
2016,M40,Caixilharias em alumínio termolacado,NOV,136.7,cife2016_MATERIAIS.xls
2016,M40,Caixilharias em alumínio termolacado,DEZ,136.7,cife2016_MATERIAIS.xls
2016,M41,Pavimentos aligeirados de vigotas pré-esforçadas e blocos cerâmicos,JAN,144.9,cife2016_MATERIAIS.xls
2016,M41,Pavimentos aligeirados de vigotas pré-esforçadas e blocos cerâmicos,FEV,144.1,cife2016_MATERIAIS.xls
2016,M41,Pavimentos aligeirados de vigotas pré-esforçadas e blocos cerâmicos,MAR,140.2,cife2016_MATERIAIS.xls
2016,M41,Pavimentos aligeirados de vigotas pré-esforçadas e blocos cerâmicos,ABR,144.3,cife2016_MATERIAIS.xls
2016,M41,Pavimentos aligeirados de vigotas pré-esforçadas e blocos cerâmicos,MAI,144.7,cife2016_MATERIAIS.xls
2016,M41,Pavimentos aligeirados de vigotas pré-esforçadas e blocos cerâmicos,JUN,144.2,cife2016_MATERIAIS.xls
2016,M41,Pavimentos aligeirados de vigotas pré-esforçadas e blocos cerâmicos,JUL,140.4,cife2016_MATERIAIS.xls
2016,M41,Pavimentos aligeirados de vigotas pré-esforçadas e blocos cerâmicos,AGO,142.8,cife2016_MATERIAIS.xls
2016,M41,Pavimentos aligeirados de vigotas pré-esforçadas e blocos cerâmicos,SET,140.3,cife2016_MATERIAIS.xls
2016,M41,Pavimentos aligeirados de vigotas pré-esforçadas e blocos cerâmicos,OUT,139.9,cife2016_MATERIAIS.xls
2016,M41,Pavimentos aligeirados de vigotas pré-esforçadas e blocos cerâmicos,NOV,138.3,cife2016_MATERIAIS.xls
2016,M41,Pavimentos aligeirados de vigotas pré-esforçadas e blocos cerâmicos,DEZ,140.1,cife2016_MATERIAIS.xls
2016,M42,Tubagem de aço e aparelhos para canalizações,JAN,100.1,cife2016_MATERIAIS.xls
2016,M42,Tubagem de aço e aparelhos para canalizações,FEV,100.1,cife2016_MATERIAIS.xls
2016,M42,Tubagem de aço e aparelhos para canalizações,MAR,100.1,cife2016_MATERIAIS.xls
2016,M42,Tubagem de aço e aparelhos para canalizações,ABR,100.1,cife2016_MATERIAIS.xls
2016,M42,Tubagem de aço e aparelhos para canalizações,MAI,100.1,cife2016_MATERIAIS.xls
2016,M42,Tubagem de aço e aparelhos para canalizações,JUN,100.1,cife2016_MATERIAIS.xls
2016,M42,Tubagem de aço e aparelhos para canalizações,JUL,100.1,cife2016_MATERIAIS.xls
2016,M42,Tubagem de aço e aparelhos para canalizações,AGO,100.1,cife2016_MATERIAIS.xls
2016,M42,Tubagem de aço e aparelhos para canalizações,SET,100.1,cife2016_MATERIAIS.xls
2016,M42,Tubagem de aço e aparelhos para canalizações,OUT,100.1,cife2016_MATERIAIS.xls
2016,M42,Tubagem de aço e aparelhos para canalizações,NOV,100.1,cife2016_MATERIAIS.xls
2016,M42,Tubagem de aço e aparelhos para canalizações,DEZ,100.1,cife2016_MATERIAIS.xls
2016,M43,Aço para betão armado,JAN,167.8,cife2016_MATERIAIS.xls
2016,M43,Aço para betão armado,FEV,167.0,cife2016_MATERIAIS.xls
2016,M43,Aço para betão armado,MAR,167.2,cife2016_MATERIAIS.xls
2016,M43,Aço para betão armado,ABR,167.2,cife2016_MATERIAIS.xls
2016,M43,Aço para betão armado,MAI,167.2,cife2016_MATERIAIS.xls
2016,M43,Aço para betão armado,JUN,167.2,cife2016_MATERIAIS.xls
2016,M43,Aço para betão armado,JUL,167.2,cife2016_MATERIAIS.xls
2016,M43,Aço para betão armado,AGO,166.3,cife2016_MATERIAIS.xls
2016,M43,Aço para betão armado,SET,165.5,cife2016_MATERIAIS.xls
2016,M43,Aço para betão armado,OUT,164.8,cife2016_MATERIAIS.xls
2016,M43,Aço para betão armado,NOV,164.8,cife2016_MATERIAIS.xls
2016,M43,Aço para betão armado,DEZ,167.0,cife2016_MATERIAIS.xls
2016,M44,Aço para betão pré-esforçado,JAN,170.6,cife2016_MATERIAIS.xls
2016,M44,Aço para betão pré-esforçado,FEV,170.6,cife2016_MATERIAIS.xls
2016,M44,Aço para betão pré-esforçado,MAR,170.6,cife2016_MATERIAIS.xls
2016,M44,Aço para betão pré-esforçado,ABR,170.6,cife2016_MATERIAIS.xls
2016,M44,Aço para betão pré-esforçado,MAI,170.6,cife2016_MATERIAIS.xls
2016,M44,Aço para betão pré-esforçado,JUN,170.6,cife2016_MATERIAIS.xls
2016,M44,Aço para betão pré-esforçado,JUL,170.6,cife2016_MATERIAIS.xls
2016,M44,Aço para betão pré-esforçado,AGO,170.6,cife2016_MATERIAIS.xls
2016,M44,Aço para betão pré-esforçado,SET,170.6,cife2016_MATERIAIS.xls
2016,M44,Aço para betão pré-esforçado,OUT,170.6,cife2016_MATERIAIS.xls
2016,M44,Aço para betão pré-esforçado,NOV,170.6,cife2016_MATERIAIS.xls
2016,M44,Aço para betão pré-esforçado,DEZ,170.6,cife2016_MATERIAIS.xls
2016,M45,Perfilados pesados e ligeiros,JAN,175.6,cife2016_MATERIAIS.xls
2016,M45,Perfilados pesados e ligeiros,FEV,175.6,cife2016_MATERIAIS.xls
2016,M45,Perfilados pesados e ligeiros,MAR,175.6,cife2016_MATERIAIS.xls
2016,M45,Perfilados pesados e ligeiros,ABR,175.6,cife2016_MATERIAIS.xls
2016,M45,Perfilados pesados e ligeiros,MAI,175.6,cife2016_MATERIAIS.xls
2016,M45,Perfilados pesados e ligeiros,JUN,175.6,cife2016_MATERIAIS.xls
2016,M45,Perfilados pesados e ligeiros,JUL,175.6,cife2016_MATERIAIS.xls
2016,M45,Perfilados pesados e ligeiros,AGO,175.6,cife2016_MATERIAIS.xls
2016,M45,Perfilados pesados e ligeiros,SET,175.6,cife2016_MATERIAIS.xls
2016,M45,Perfilados pesados e ligeiros,OUT,175.3,cife2016_MATERIAIS.xls
2016,M45,Perfilados pesados e ligeiros,NOV,176.6,cife2016_MATERIAIS.xls
2016,M45,Perfilados pesados e ligeiros,DEZ,177.0,cife2016_MATERIAIS.xls
2016,M46,Produtos para instalações elétricas,JAN,155.6,cife2016_MATERIAIS.xls
2016,M46,Produtos para instalações elétricas,FEV,154.1,cife2016_MATERIAIS.xls
2016,M46,Produtos para instalações elétricas,MAR,155.1,cife2016_MATERIAIS.xls
2016,M46,Produtos para instalações elétricas,ABR,155.7,cife2016_MATERIAIS.xls
2016,M46,Produtos para instalações elétricas,MAI,155.0,cife2016_MATERIAIS.xls
2016,M46,Produtos para instalações elétricas,JUN,153.2,cife2016_MATERIAIS.xls
2016,M46,Produtos para instalações elétricas,JUL,154.1,cife2016_MATERIAIS.xls
2016,M46,Produtos para instalações elétricas,AGO,155.5,cife2016_MATERIAIS.xls
2016,M46,Produtos para instalações elétricas,SET,154.2,cife2016_MATERIAIS.xls
2016,M46,Produtos para instalações elétricas,OUT,154.6,cife2016_MATERIAIS.xls
2016,M46,Produtos para instalações elétricas,NOV,155.3,cife2016_MATERIAIS.xls
2016,M46,Produtos para instalações elétricas,DEZ,162.5,cife2016_MATERIAIS.xls
2016,M47,Produtos pré-fabricados de betão,JAN,99.2,cife2016_MATERIAIS.xls
2016,M47,Produtos pré-fabricados de betão,FEV,99.2,cife2016_MATERIAIS.xls
2016,M47,Produtos pré-fabricados de betão,MAR,99.2,cife2016_MATERIAIS.xls
2016,M47,Produtos pré-fabricados de betão,ABR,99.2,cife2016_MATERIAIS.xls
2016,M47,Produtos pré-fabricados de betão,MAI,99.2,cife2016_MATERIAIS.xls
2016,M47,Produtos pré-fabricados de betão,JUN,99.2,cife2016_MATERIAIS.xls
2016,M47,Produtos pré-fabricados de betão,JUL,99.2,cife2016_MATERIAIS.xls
2016,M47,Produtos pré-fabricados de betão,AGO,99.2,cife2016_MATERIAIS.xls
2016,M47,Produtos pré-fabricados de betão,SET,99.2,cife2016_MATERIAIS.xls
2016,M47,Produtos pré-fabricados de betão,OUT,99.2,cife2016_MATERIAIS.xls
2016,M47,Produtos pré-fabricados de betão,NOV,99.2,cife2016_MATERIAIS.xls
2016,M47,Produtos pré-fabricados de betão,DEZ,99.2,cife2016_MATERIAIS.xls
2016,M48,Produtos para ajardinamentos,JAN,107.0,cife2016_MATERIAIS.xls
2016,M48,Produtos para ajardinamentos,FEV,110.8,cife2016_MATERIAIS.xls
2016,M48,Produtos para ajardinamentos,MAR,110.8,cife2016_MATERIAIS.xls
2016,M48,Produtos para ajardinamentos,ABR,110.6,cife2016_MATERIAIS.xls
2016,M48,Produtos para ajardinamentos,MAI,110.6,cife2016_MATERIAIS.xls
2016,M48,Produtos para ajardinamentos,JUN,110.6,cife2016_MATERIAIS.xls
2016,M48,Produtos para ajardinamentos,JUL,110.6,cife2016_MATERIAIS.xls
2016,M48,Produtos para ajardinamentos,AGO,110.6,cife2016_MATERIAIS.xls
2016,M48,Produtos para ajardinamentos,SET,110.6,cife2016_MATERIAIS.xls
2016,M48,Produtos para ajardinamentos,OUT,110.6,cife2016_MATERIAIS.xls
2016,M48,Produtos para ajardinamentos,NOV,110.6,cife2016_MATERIAIS.xls
2016,M48,Produtos para ajardinamentos,DEZ,110.6,cife2016_MATERIAIS.xls
2016,M49,Geotêxteis,JAN,97.0,cife2016_MATERIAIS.xls
2016,M49,Geotêxteis,FEV,96.7,cife2016_MATERIAIS.xls
2016,M49,Geotêxteis,MAR,96.7,cife2016_MATERIAIS.xls
2016,M49,Geotêxteis,ABR,96.3,cife2016_MATERIAIS.xls
2016,M49,Geotêxteis,MAI,96.7,cife2016_MATERIAIS.xls
2016,M49,Geotêxteis,JUN,96.3,cife2016_MATERIAIS.xls
2016,M49,Geotêxteis,JUL,96.3,cife2016_MATERIAIS.xls
2016,M49,Geotêxteis,AGO,96.0,cife2016_MATERIAIS.xls
2016,M49,Geotêxteis,SET,96.7,cife2016_MATERIAIS.xls
2016,M49,Geotêxteis,OUT,96.0,cife2016_MATERIAIS.xls
2016,M49,Geotêxteis,NOV,96.3,cife2016_MATERIAIS.xls
2016,M49,Geotêxteis,DEZ,96.0,cife2016_MATERIAIS.xls
2016,M50,Tubos e Acessórios de Ferro Fundido e Aço,JAN,152.4,cife2016_MATERIAIS.xls
2016,M50,Tubos e Acessórios de Ferro Fundido e Aço,FEV,152.4,cife2016_MATERIAIS.xls
2016,M50,Tubos e Acessórios de Ferro Fundido e Aço,MAR,152.4,cife2016_MATERIAIS.xls
2016,M50,Tubos e Acessórios de Ferro Fundido e Aço,ABR,152.4,cife2016_MATERIAIS.xls
2016,M50,Tubos e Acessórios de Ferro Fundido e Aço,MAI,152.6,cife2016_MATERIAIS.xls
2016,M50,Tubos e Acessórios de Ferro Fundido e Aço,JUN,152.6,cife2016_MATERIAIS.xls
2016,M50,Tubos e Acessórios de Ferro Fundido e Aço,JUL,152.6,cife2016_MATERIAIS.xls
2016,M50,Tubos e Acessórios de Ferro Fundido e Aço,AGO,152.4,cife2016_MATERIAIS.xls
2016,M50,Tubos e Acessórios de Ferro Fundido e Aço,SET,152.4,cife2016_MATERIAIS.xls
2016,M50,Tubos e Acessórios de Ferro Fundido e Aço,OUT,152.4,cife2016_MATERIAIS.xls
2016,M50,Tubos e Acessórios de Ferro Fundido e Aço,NOV,152.4,cife2016_MATERIAIS.xls
2016,M50,Tubos e Acessórios de Ferro Fundido e Aço,DEZ,152.5,cife2016_MATERIAIS.xls
2016,M51,Tintas para Construções Metálicas,JAN,131.2,cife2016_MATERIAIS.xls
2016,M51,Tintas para Construções Metálicas,FEV,131.2,cife2016_MATERIAIS.xls
2016,M51,Tintas para Construções Metálicas,MAR,131.2,cife2016_MATERIAIS.xls
2016,M51,Tintas para Construções Metálicas,ABR,131.2,cife2016_MATERIAIS.xls
2016,M51,Tintas para Construções Metálicas,MAI,132.3,cife2016_MATERIAIS.xls
2016,M51,Tintas para Construções Metálicas,JUN,132.3,cife2016_MATERIAIS.xls
2016,M51,Tintas para Construções Metálicas,JUL,132.3,cife2016_MATERIAIS.xls
2016,M51,Tintas para Construções Metálicas,AGO,132.3,cife2016_MATERIAIS.xls
2016,M51,Tintas para Construções Metálicas,SET,132.3,cife2016_MATERIAIS.xls
2016,M51,Tintas para Construções Metálicas,OUT,132.3,cife2016_MATERIAIS.xls
2016,M51,Tintas para Construções Metálicas,NOV,132.3,cife2016_MATERIAIS.xls
2016,M51,Tintas para Construções Metálicas,DEZ,132.3,cife2016_MATERIAIS.xls
2017,M01,Britas,JAN,106.0,cife2017_MATERIAIS.xls
2017,M01,Britas,FEV,105.8,cife2017_MATERIAIS.xls
2017,M01,Britas,MAR,105.5,cife2017_MATERIAIS.xls
2017,M01,Britas,ABR,105.2,cife2017_MATERIAIS.xls
2017,M01,Britas,MAI,105.0,cife2017_MATERIAIS.xls
2017,M01,Britas,JUN,104.9,cife2017_MATERIAIS.xls
2017,M01,Britas,JUL,104.8,cife2017_MATERIAIS.xls
2017,M01,Britas,AGO,104.9,cife2017_MATERIAIS.xls
2017,M01,Britas,SET,105.1,cife2017_MATERIAIS.xls
2017,M01,Britas,OUT,105.3,cife2017_MATERIAIS.xls
2017,M01,Britas,NOV,105.4,cife2017_MATERIAIS.xls
2017,M01,Britas,DEZ,105.3,cife2017_MATERIAIS.xls
2017,M02,Areias,JAN,87.9,cife2017_MATERIAIS.xls
2017,M02,Areias,FEV,87.9,cife2017_MATERIAIS.xls
2017,M02,Areias,MAR,87.9,cife2017_MATERIAIS.xls
2017,M02,Areias,ABR,87.9,cife2017_MATERIAIS.xls
2017,M02,Areias,MAI,87.9,cife2017_MATERIAIS.xls
2017,M02,Areias,JUN,87.9,cife2017_MATERIAIS.xls
2017,M02,Areias,JUL,87.9,cife2017_MATERIAIS.xls
2017,M02,Areias,AGO,87.9,cife2017_MATERIAIS.xls
2017,M02,Areias,SET,87.9,cife2017_MATERIAIS.xls
2017,M02,Areias,OUT,87.9,cife2017_MATERIAIS.xls
2017,M02,Areias,NOV,87.9,cife2017_MATERIAIS.xls
2017,M02,Areias,DEZ,87.9,cife2017_MATERIAIS.xls
2017,M03,Inertes,JAN,99.1,cife2017_MATERIAIS.xls
2017,M03,Inertes,FEV,99.0,cife2017_MATERIAIS.xls
2017,M03,Inertes,MAR,98.9,cife2017_MATERIAIS.xls
2017,M03,Inertes,ABR,98.8,cife2017_MATERIAIS.xls
2017,M03,Inertes,MAI,98.7,cife2017_MATERIAIS.xls
2017,M03,Inertes,JUN,98.8,cife2017_MATERIAIS.xls
2017,M03,Inertes,JUL,98.8,cife2017_MATERIAIS.xls
2017,M03,Inertes,AGO,98.8,cife2017_MATERIAIS.xls
2017,M03,Inertes,SET,98.9,cife2017_MATERIAIS.xls
2017,M03,Inertes,OUT,99.0,cife2017_MATERIAIS.xls
2017,M03,Inertes,NOV,99.0,cife2017_MATERIAIS.xls
2017,M03,Inertes,DEZ,99.0,cife2017_MATERIAIS.xls
2017,M04,Ladrilhos de calcário e granito,JAN,96.1,cife2017_MATERIAIS.xls
2017,M04,Ladrilhos de calcário e granito,FEV,96.1,cife2017_MATERIAIS.xls
2017,M04,Ladrilhos de calcário e granito,MAR,96.1,cife2017_MATERIAIS.xls
2017,M04,Ladrilhos de calcário e granito,ABR,96.1,cife2017_MATERIAIS.xls
2017,M04,Ladrilhos de calcário e granito,MAI,96.1,cife2017_MATERIAIS.xls
2017,M04,Ladrilhos de calcário e granito,JUN,96.1,cife2017_MATERIAIS.xls
2017,M04,Ladrilhos de calcário e granito,JUL,96.1,cife2017_MATERIAIS.xls
2017,M04,Ladrilhos de calcário e granito,AGO,96.1,cife2017_MATERIAIS.xls
2017,M04,Ladrilhos de calcário e granito,SET,96.1,cife2017_MATERIAIS.xls
2017,M04,Ladrilhos de calcário e granito,OUT,96.1,cife2017_MATERIAIS.xls
2017,M04,Ladrilhos de calcário e granito,NOV,96.1,cife2017_MATERIAIS.xls
2017,M04,Ladrilhos de calcário e granito,DEZ,96.1,cife2017_MATERIAIS.xls
2017,M05,Cantarias de calcário e granito,JAN,110.6,cife2017_MATERIAIS.xls
2017,M05,Cantarias de calcário e granito,FEV,110.6,cife2017_MATERIAIS.xls
2017,M05,Cantarias de calcário e granito,MAR,110.6,cife2017_MATERIAIS.xls
2017,M05,Cantarias de calcário e granito,ABR,110.6,cife2017_MATERIAIS.xls
2017,M05,Cantarias de calcário e granito,MAI,110.6,cife2017_MATERIAIS.xls
2017,M05,Cantarias de calcário e granito,JUN,110.6,cife2017_MATERIAIS.xls
2017,M05,Cantarias de calcário e granito,JUL,110.6,cife2017_MATERIAIS.xls
2017,M05,Cantarias de calcário e granito,AGO,110.6,cife2017_MATERIAIS.xls
2017,M05,Cantarias de calcário e granito,SET,110.6,cife2017_MATERIAIS.xls
2017,M05,Cantarias de calcário e granito,OUT,110.6,cife2017_MATERIAIS.xls
2017,M05,Cantarias de calcário e granito,NOV,110.6,cife2017_MATERIAIS.xls
2017,M05,Cantarias de calcário e granito,DEZ,110.6,cife2017_MATERIAIS.xls
2017,M06,Ladr. e cant. de calcário e granito,JAN,96.4,cife2017_MATERIAIS.xls
2017,M06,Ladr. e cant. de calcário e granito,FEV,96.4,cife2017_MATERIAIS.xls
2017,M06,Ladr. e cant. de calcário e granito,MAR,96.4,cife2017_MATERIAIS.xls
2017,M06,Ladr. e cant. de calcário e granito,ABR,96.4,cife2017_MATERIAIS.xls
2017,M06,Ladr. e cant. de calcário e granito,MAI,96.4,cife2017_MATERIAIS.xls
2017,M06,Ladr. e cant. de calcário e granito,JUN,96.4,cife2017_MATERIAIS.xls
2017,M06,Ladr. e cant. de calcário e granito,JUL,96.4,cife2017_MATERIAIS.xls
2017,M06,Ladr. e cant. de calcário e granito,AGO,96.4,cife2017_MATERIAIS.xls
2017,M06,Ladr. e cant. de calcário e granito,SET,96.4,cife2017_MATERIAIS.xls
2017,M06,Ladr. e cant. de calcário e granito,OUT,96.4,cife2017_MATERIAIS.xls
2017,M06,Ladr. e cant. de calcário e granito,NOV,96.4,cife2017_MATERIAIS.xls
2017,M06,Ladr. e cant. de calcário e granito,DEZ,96.4,cife2017_MATERIAIS.xls
2017,M07,Telhas cerâmicas,JAN,121.7,cife2017_MATERIAIS.xls
2017,M07,Telhas cerâmicas,FEV,121.9,cife2017_MATERIAIS.xls
2017,M07,Telhas cerâmicas,MAR,122.7,cife2017_MATERIAIS.xls
2017,M07,Telhas cerâmicas,ABR,121.1,cife2017_MATERIAIS.xls
2017,M07,Telhas cerâmicas,MAI,121.4,cife2017_MATERIAIS.xls
2017,M07,Telhas cerâmicas,JUN,122.5,cife2017_MATERIAIS.xls
2017,M07,Telhas cerâmicas,JUL,122.5,cife2017_MATERIAIS.xls
2017,M07,Telhas cerâmicas,AGO,122.7,cife2017_MATERIAIS.xls
2017,M07,Telhas cerâmicas,SET,121.9,cife2017_MATERIAIS.xls
2017,M07,Telhas cerâmicas,OUT,120.1,cife2017_MATERIAIS.xls
2017,M07,Telhas cerâmicas,NOV,120.5,cife2017_MATERIAIS.xls
2017,M07,Telhas cerâmicas,DEZ,121.3,cife2017_MATERIAIS.xls
2017,M08,Tijolos cerâmicos,JAN,92.7,cife2017_MATERIAIS.xls
2017,M08,Tijolos cerâmicos,FEV,92.7,cife2017_MATERIAIS.xls
2017,M08,Tijolos cerâmicos,MAR,92.8,cife2017_MATERIAIS.xls
2017,M08,Tijolos cerâmicos,ABR,92.7,cife2017_MATERIAIS.xls
2017,M08,Tijolos cerâmicos,MAI,92.7,cife2017_MATERIAIS.xls
2017,M08,Tijolos cerâmicos,JUN,92.7,cife2017_MATERIAIS.xls
2017,M08,Tijolos cerâmicos,JUL,92.8,cife2017_MATERIAIS.xls
2017,M08,Tijolos cerâmicos,AGO,92.8,cife2017_MATERIAIS.xls
2017,M08,Tijolos cerâmicos,SET,92.8,cife2017_MATERIAIS.xls
2017,M08,Tijolos cerâmicos,OUT,92.9,cife2017_MATERIAIS.xls
2017,M08,Tijolos cerâmicos,NOV,92.8,cife2017_MATERIAIS.xls
2017,M08,Tijolos cerâmicos,DEZ,92.9,cife2017_MATERIAIS.xls
2017,M09,Produtos Cerâmicos Vermelhos,JAN,101.2,cife2017_MATERIAIS.xls
2017,M09,Produtos Cerâmicos Vermelhos,FEV,101.2,cife2017_MATERIAIS.xls
2017,M09,Produtos Cerâmicos Vermelhos,MAR,101.5,cife2017_MATERIAIS.xls
2017,M09,Produtos Cerâmicos Vermelhos,ABR,101.0,cife2017_MATERIAIS.xls
2017,M09,Produtos Cerâmicos Vermelhos,MAI,101.0,cife2017_MATERIAIS.xls
2017,M09,Produtos Cerâmicos Vermelhos,JUN,101.3,cife2017_MATERIAIS.xls
2017,M09,Produtos Cerâmicos Vermelhos,JUL,101.4,cife2017_MATERIAIS.xls
2017,M09,Produtos Cerâmicos Vermelhos,AGO,101.4,cife2017_MATERIAIS.xls
2017,M09,Produtos Cerâmicos Vermelhos,SET,101.2,cife2017_MATERIAIS.xls
2017,M09,Produtos Cerâmicos Vermelhos,OUT,100.7,cife2017_MATERIAIS.xls
2017,M09,Produtos Cerâmicos Vermelhos,NOV,100.8,cife2017_MATERIAIS.xls
2017,M09,Produtos Cerâmicos Vermelhos,DEZ,101.1,cife2017_MATERIAIS.xls
2017,M10,Azulejos e Mosaicos,JAN,91.4,cife2017_MATERIAIS.xls
2017,M10,Azulejos e Mosaicos,FEV,91.4,cife2017_MATERIAIS.xls
2017,M10,Azulejos e Mosaicos,MAR,94.0,cife2017_MATERIAIS.xls
2017,M10,Azulejos e Mosaicos,ABR,94.0,cife2017_MATERIAIS.xls
2017,M10,Azulejos e Mosaicos,MAI,94.0,cife2017_MATERIAIS.xls
2017,M10,Azulejos e Mosaicos,JUN,94.0,cife2017_MATERIAIS.xls
2017,M10,Azulejos e Mosaicos,JUL,94.0,cife2017_MATERIAIS.xls
2017,M10,Azulejos e Mosaicos,AGO,94.0,cife2017_MATERIAIS.xls
2017,M10,Azulejos e Mosaicos,SET,94.0,cife2017_MATERIAIS.xls
2017,M10,Azulejos e Mosaicos,OUT,94.0,cife2017_MATERIAIS.xls
2017,M10,Azulejos e Mosaicos,NOV,94.0,cife2017_MATERIAIS.xls
2017,M10,Azulejos e Mosaicos,DEZ,94.0,cife2017_MATERIAIS.xls
2017,M12,Aço em Varão e Perfilados,JAN,270.9,cife2017_MATERIAIS.xls
2017,M12,Aço em Varão e Perfilados,FEV,271.0,cife2017_MATERIAIS.xls
2017,M12,Aço em Varão e Perfilados,MAR,271.1,cife2017_MATERIAIS.xls
2017,M12,Aço em Varão e Perfilados,ABR,270.7,cife2017_MATERIAIS.xls
2017,M12,Aço em Varão e Perfilados,MAI,270.6,cife2017_MATERIAIS.xls
2017,M12,Aço em Varão e Perfilados,JUN,269.8,cife2017_MATERIAIS.xls
2017,M12,Aço em Varão e Perfilados,JUL,271.5,cife2017_MATERIAIS.xls
2017,M12,Aço em Varão e Perfilados,AGO,272.2,cife2017_MATERIAIS.xls
2017,M12,Aço em Varão e Perfilados,SET,273.7,cife2017_MATERIAIS.xls
2017,M12,Aço em Varão e Perfilados,OUT,273.4,cife2017_MATERIAIS.xls
2017,M12,Aço em Varão e Perfilados,NOV,273.9,cife2017_MATERIAIS.xls
2017,M12,Aço em Varão e Perfilados,DEZ,274.0,cife2017_MATERIAIS.xls
2017,M13,Chapa de Aço Macio,JAN,147.5,cife2017_MATERIAIS.xls
2017,M13,Chapa de Aço Macio,FEV,147.6,cife2017_MATERIAIS.xls
2017,M13,Chapa de Aço Macio,MAR,147.5,cife2017_MATERIAIS.xls
2017,M13,Chapa de Aço Macio,ABR,147.5,cife2017_MATERIAIS.xls
2017,M13,Chapa de Aço Macio,MAI,147.5,cife2017_MATERIAIS.xls
2017,M13,Chapa de Aço Macio,JUN,147.5,cife2017_MATERIAIS.xls
2017,M13,Chapa de Aço Macio,JUL,147.5,cife2017_MATERIAIS.xls
2017,M13,Chapa de Aço Macio,AGO,147.5,cife2017_MATERIAIS.xls
2017,M13,Chapa de Aço Macio,SET,147.5,cife2017_MATERIAIS.xls
2017,M13,Chapa de Aço Macio,OUT,147.5,cife2017_MATERIAIS.xls
2017,M13,Chapa de Aço Macio,NOV,147.5,cife2017_MATERIAIS.xls
2017,M13,Chapa de Aço Macio,DEZ,147.5,cife2017_MATERIAIS.xls
2017,M14,Rede electrossoldada,JAN,185.2,cife2017_MATERIAIS.xls
2017,M14,Rede electrossoldada,FEV,185.3,cife2017_MATERIAIS.xls
2017,M14,Rede electrossoldada,MAR,185.2,cife2017_MATERIAIS.xls
2017,M14,Rede electrossoldada,ABR,185.2,cife2017_MATERIAIS.xls
2017,M14,Rede electrossoldada,MAI,185.1,cife2017_MATERIAIS.xls
2017,M14,Rede electrossoldada,JUN,183.9,cife2017_MATERIAIS.xls
2017,M14,Rede electrossoldada,JUL,183.9,cife2017_MATERIAIS.xls
2017,M14,Rede electrossoldada,AGO,183.9,cife2017_MATERIAIS.xls
2017,M14,Rede electrossoldada,SET,184.1,cife2017_MATERIAIS.xls
2017,M14,Rede electrossoldada,OUT,184.1,cife2017_MATERIAIS.xls
2017,M14,Rede electrossoldada,NOV,184.1,cife2017_MATERIAIS.xls
2017,M14,Rede electrossoldada,DEZ,184.1,cife2017_MATERIAIS.xls
2017,M15,Chapa de aço galvanizada,JAN,146.4,cife2017_MATERIAIS.xls
2017,M15,Chapa de aço galvanizada,FEV,146.7,cife2017_MATERIAIS.xls
2017,M15,Chapa de aço galvanizada,MAR,146.9,cife2017_MATERIAIS.xls
2017,M15,Chapa de aço galvanizada,ABR,146.9,cife2017_MATERIAIS.xls
2017,M15,Chapa de aço galvanizada,MAI,146.9,cife2017_MATERIAIS.xls
2017,M15,Chapa de aço galvanizada,JUN,146.9,cife2017_MATERIAIS.xls
2017,M15,Chapa de aço galvanizada,JUL,146.9,cife2017_MATERIAIS.xls
2017,M15,Chapa de aço galvanizada,AGO,146.9,cife2017_MATERIAIS.xls
2017,M15,Chapa de aço galvanizada,SET,147.0,cife2017_MATERIAIS.xls
2017,M15,Chapa de aço galvanizada,OUT,147.0,cife2017_MATERIAIS.xls
2017,M15,Chapa de aço galvanizada,NOV,147.0,cife2017_MATERIAIS.xls
2017,M15,Chapa de aço galvanizada,DEZ,147.0,cife2017_MATERIAIS.xls
2017,M16,Fio de Cobre Nu,JAN,264.3,cife2017_MATERIAIS.xls
2017,M16,Fio de Cobre Nu,FEV,265.8,cife2017_MATERIAIS.xls
2017,M16,Fio de Cobre Nu,MAR,267.8,cife2017_MATERIAIS.xls
2017,M16,Fio de Cobre Nu,ABR,265.8,cife2017_MATERIAIS.xls
2017,M16,Fio de Cobre Nu,MAI,261.9,cife2017_MATERIAIS.xls
2017,M16,Fio de Cobre Nu,JUN,256.1,cife2017_MATERIAIS.xls
2017,M16,Fio de Cobre Nu,JUL,257.1,cife2017_MATERIAIS.xls
2017,M16,Fio de Cobre Nu,AGO,259.6,cife2017_MATERIAIS.xls
2017,M16,Fio de Cobre Nu,SET,262.8,cife2017_MATERIAIS.xls
2017,M16,Fio de Cobre Nu,OUT,264.7,cife2017_MATERIAIS.xls
2017,M16,Fio de Cobre Nu,NOV,269.5,cife2017_MATERIAIS.xls
2017,M16,Fio de Cobre Nu,DEZ,268.1,cife2017_MATERIAIS.xls
2017,M17,Fio de cobre revestido,JAN,218.9,cife2017_MATERIAIS.xls
2017,M17,Fio de cobre revestido,FEV,220.1,cife2017_MATERIAIS.xls
2017,M17,Fio de cobre revestido,MAR,221.8,cife2017_MATERIAIS.xls
2017,M17,Fio de cobre revestido,ABR,220.1,cife2017_MATERIAIS.xls
2017,M17,Fio de cobre revestido,MAI,216.9,cife2017_MATERIAIS.xls
2017,M17,Fio de cobre revestido,JUN,212.1,cife2017_MATERIAIS.xls
2017,M17,Fio de cobre revestido,JUL,213.0,cife2017_MATERIAIS.xls
2017,M17,Fio de cobre revestido,AGO,215.0,cife2017_MATERIAIS.xls
2017,M17,Fio de cobre revestido,SET,217.7,cife2017_MATERIAIS.xls
2017,M17,Fio de cobre revestido,OUT,219.3,cife2017_MATERIAIS.xls
2017,M17,Fio de cobre revestido,NOV,223.2,cife2017_MATERIAIS.xls
2017,M17,Fio de cobre revestido,DEZ,222.1,cife2017_MATERIAIS.xls
2017,M18,Betumes a Granel,JAN,321.0,cife2017_MATERIAIS.xls
2017,M18,Betumes a Granel,FEV,327.6,cife2017_MATERIAIS.xls
2017,M18,Betumes a Granel,MAR,327.4,cife2017_MATERIAIS.xls
2017,M18,Betumes a Granel,ABR,310.9,cife2017_MATERIAIS.xls
2017,M18,Betumes a Granel,MAI,319.0,cife2017_MATERIAIS.xls
2017,M18,Betumes a Granel,JUN,301.8,cife2017_MATERIAIS.xls
2017,M18,Betumes a Granel,JUL,293.1,cife2017_MATERIAIS.xls
2017,M18,Betumes a Granel,AGO,292.0,cife2017_MATERIAIS.xls
2017,M18,Betumes a Granel,SET,303.7,cife2017_MATERIAIS.xls
2017,M18,Betumes a Granel,OUT,320.9,cife2017_MATERIAIS.xls
2017,M18,Betumes a Granel,NOV,331.7,cife2017_MATERIAIS.xls
2017,M18,Betumes a Granel,DEZ,354.3,cife2017_MATERIAIS.xls
2017,M19,Betumes em Tambores,JAN,451.5,cife2017_MATERIAIS.xls
2017,M19,Betumes em Tambores,FEV,454.4,cife2017_MATERIAIS.xls
2017,M19,Betumes em Tambores,MAR,448.0,cife2017_MATERIAIS.xls
2017,M19,Betumes em Tambores,ABR,440.8,cife2017_MATERIAIS.xls
2017,M19,Betumes em Tambores,MAI,443.1,cife2017_MATERIAIS.xls
2017,M19,Betumes em Tambores,JUN,438.9,cife2017_MATERIAIS.xls
2017,M19,Betumes em Tambores,JUL,434.3,cife2017_MATERIAIS.xls
2017,M19,Betumes em Tambores,AGO,437.3,cife2017_MATERIAIS.xls
2017,M19,Betumes em Tambores,SET,439.7,cife2017_MATERIAIS.xls
2017,M19,Betumes em Tambores,OUT,446.1,cife2017_MATERIAIS.xls
2017,M19,Betumes em Tambores,NOV,449.6,cife2017_MATERIAIS.xls
2017,M19,Betumes em Tambores,DEZ,457.5,cife2017_MATERIAIS.xls
2017,M20,Cimento em saco,JAN,151.9,cife2017_MATERIAIS.xls
2017,M20,Cimento em saco,FEV,152.3,cife2017_MATERIAIS.xls
2017,M20,Cimento em saco,MAR,152.3,cife2017_MATERIAIS.xls
2017,M20,Cimento em saco,ABR,152.3,cife2017_MATERIAIS.xls
2017,M20,Cimento em saco,MAI,152.1,cife2017_MATERIAIS.xls
2017,M20,Cimento em saco,JUN,151.8,cife2017_MATERIAIS.xls
2017,M20,Cimento em saco,JUL,151.8,cife2017_MATERIAIS.xls
2017,M20,Cimento em saco,AGO,151.8,cife2017_MATERIAIS.xls
2017,M20,Cimento em saco,SET,151.8,cife2017_MATERIAIS.xls
2017,M20,Cimento em saco,OUT,151.8,cife2017_MATERIAIS.xls
2017,M20,Cimento em saco,NOV,151.8,cife2017_MATERIAIS.xls
2017,M20,Cimento em saco,DEZ,151.8,cife2017_MATERIAIS.xls
2017,M21,Explosivos,JAN,154.3,cife2017_MATERIAIS.xls
2017,M21,Explosivos,FEV,154.3,cife2017_MATERIAIS.xls
2017,M21,Explosivos,MAR,154.3,cife2017_MATERIAIS.xls
2017,M21,Explosivos,ABR,154.3,cife2017_MATERIAIS.xls
2017,M21,Explosivos,MAI,154.3,cife2017_MATERIAIS.xls
2017,M21,Explosivos,JUN,154.3,cife2017_MATERIAIS.xls
2017,M21,Explosivos,JUL,154.3,cife2017_MATERIAIS.xls
2017,M21,Explosivos,AGO,154.3,cife2017_MATERIAIS.xls
2017,M21,Explosivos,SET,154.3,cife2017_MATERIAIS.xls
2017,M21,Explosivos,OUT,154.3,cife2017_MATERIAIS.xls
2017,M21,Explosivos,NOV,154.3,cife2017_MATERIAIS.xls
2017,M21,Explosivos,DEZ,154.3,cife2017_MATERIAIS.xls
2017,M22,Gasóleo,JAN,283.3,cife2017_MATERIAIS.xls
2017,M22,Gasóleo,FEV,280.8,cife2017_MATERIAIS.xls
2017,M22,Gasóleo,MAR,278.3,cife2017_MATERIAIS.xls
2017,M22,Gasóleo,ABR,276.7,cife2017_MATERIAIS.xls
2017,M22,Gasóleo,MAI,270.9,cife2017_MATERIAIS.xls
2017,M22,Gasóleo,JUN,266.0,cife2017_MATERIAIS.xls
2017,M22,Gasóleo,JUL,265.3,cife2017_MATERIAIS.xls
2017,M22,Gasóleo,AGO,269.3,cife2017_MATERIAIS.xls
2017,M22,Gasóleo,SET,273.3,cife2017_MATERIAIS.xls
2017,M22,Gasóleo,OUT,278.2,cife2017_MATERIAIS.xls
2017,M22,Gasóleo,NOV,282.5,cife2017_MATERIAIS.xls
2017,M22,Gasóleo,DEZ,283.9,cife2017_MATERIAIS.xls
2017,M23,Vidro,JAN,92.0,cife2017_MATERIAIS.xls
2017,M23,Vidro,FEV,92.0,cife2017_MATERIAIS.xls
2017,M23,Vidro,MAR,92.0,cife2017_MATERIAIS.xls
2017,M23,Vidro,ABR,92.0,cife2017_MATERIAIS.xls
2017,M23,Vidro,MAI,92.0,cife2017_MATERIAIS.xls
2017,M23,Vidro,JUN,92.0,cife2017_MATERIAIS.xls
2017,M23,Vidro,JUL,92.0,cife2017_MATERIAIS.xls
2017,M23,Vidro,AGO,92.0,cife2017_MATERIAIS.xls
2017,M23,Vidro,SET,92.0,cife2017_MATERIAIS.xls
2017,M23,Vidro,OUT,92.0,cife2017_MATERIAIS.xls
2017,M23,Vidro,NOV,92.0,cife2017_MATERIAIS.xls
2017,M23,Vidro,DEZ,92.0,cife2017_MATERIAIS.xls
2017,M24,Madeiras de Pinho,JAN,157.1,cife2017_MATERIAIS.xls
2017,M24,Madeiras de Pinho,FEV,157.1,cife2017_MATERIAIS.xls
2017,M24,Madeiras de Pinho,MAR,157.1,cife2017_MATERIAIS.xls
2017,M24,Madeiras de Pinho,ABR,157.1,cife2017_MATERIAIS.xls
2017,M24,Madeiras de Pinho,MAI,157.1,cife2017_MATERIAIS.xls
2017,M24,Madeiras de Pinho,JUN,157.1,cife2017_MATERIAIS.xls
2017,M24,Madeiras de Pinho,JUL,157.1,cife2017_MATERIAIS.xls
2017,M24,Madeiras de Pinho,AGO,157.1,cife2017_MATERIAIS.xls
2017,M24,Madeiras de Pinho,SET,157.1,cife2017_MATERIAIS.xls
2017,M24,Madeiras de Pinho,OUT,157.1,cife2017_MATERIAIS.xls
2017,M24,Madeiras de Pinho,NOV,157.1,cife2017_MATERIAIS.xls
2017,M24,Madeiras de Pinho,DEZ,157.1,cife2017_MATERIAIS.xls
2017,M25,Madeiras Especiais ou Exóticas,JAN,150.6,cife2017_MATERIAIS.xls
2017,M25,Madeiras Especiais ou Exóticas,FEV,150.6,cife2017_MATERIAIS.xls
2017,M25,Madeiras Especiais ou Exóticas,MAR,150.6,cife2017_MATERIAIS.xls
2017,M25,Madeiras Especiais ou Exóticas,ABR,150.6,cife2017_MATERIAIS.xls
2017,M25,Madeiras Especiais ou Exóticas,MAI,150.6,cife2017_MATERIAIS.xls
2017,M25,Madeiras Especiais ou Exóticas,JUN,150.6,cife2017_MATERIAIS.xls
2017,M25,Madeiras Especiais ou Exóticas,JUL,150.6,cife2017_MATERIAIS.xls
2017,M25,Madeiras Especiais ou Exóticas,AGO,150.6,cife2017_MATERIAIS.xls
2017,M25,Madeiras Especiais ou Exóticas,SET,150.6,cife2017_MATERIAIS.xls
2017,M25,Madeiras Especiais ou Exóticas,OUT,150.6,cife2017_MATERIAIS.xls
2017,M25,Madeiras Especiais ou Exóticas,NOV,150.6,cife2017_MATERIAIS.xls
2017,M25,Madeiras Especiais ou Exóticas,DEZ,150.6,cife2017_MATERIAIS.xls
2017,M26,Derivados de madeira,JAN,133.1,cife2017_MATERIAIS.xls
2017,M26,Derivados de madeira,FEV,126.4,cife2017_MATERIAIS.xls
2017,M26,Derivados de madeira,MAR,126.4,cife2017_MATERIAIS.xls
2017,M26,Derivados de madeira,ABR,126.4,cife2017_MATERIAIS.xls
2017,M26,Derivados de madeira,MAI,126.5,cife2017_MATERIAIS.xls
2017,M26,Derivados de madeira,JUN,131.6,cife2017_MATERIAIS.xls
2017,M26,Derivados de madeira,JUL,131.6,cife2017_MATERIAIS.xls
2017,M26,Derivados de madeira,AGO,128.3,cife2017_MATERIAIS.xls
2017,M26,Derivados de madeira,SET,125.6,cife2017_MATERIAIS.xls
2017,M26,Derivados de madeira,OUT,125.6,cife2017_MATERIAIS.xls
2017,M26,Derivados de madeira,NOV,127.4,cife2017_MATERIAIS.xls
2017,M26,Derivados de madeira,DEZ,130.6,cife2017_MATERIAIS.xls
2017,M27,Aglomerado negro de cortiça,JAN,174.1,cife2017_MATERIAIS.xls
2017,M27,Aglomerado negro de cortiça,FEV,174.1,cife2017_MATERIAIS.xls
2017,M27,Aglomerado negro de cortiça,MAR,174.1,cife2017_MATERIAIS.xls
2017,M27,Aglomerado negro de cortiça,ABR,174.1,cife2017_MATERIAIS.xls
2017,M27,Aglomerado negro de cortiça,MAI,174.1,cife2017_MATERIAIS.xls
2017,M27,Aglomerado negro de cortiça,JUN,174.1,cife2017_MATERIAIS.xls
2017,M27,Aglomerado negro de cortiça,JUL,174.1,cife2017_MATERIAIS.xls
2017,M27,Aglomerado negro de cortiça,AGO,174.1,cife2017_MATERIAIS.xls
2017,M27,Aglomerado negro de cortiça,SET,174.1,cife2017_MATERIAIS.xls
2017,M27,Aglomerado negro de cortiça,OUT,174.1,cife2017_MATERIAIS.xls
2017,M27,Aglomerado negro de cortiça,NOV,174.1,cife2017_MATERIAIS.xls
2017,M27,Aglomerado negro de cortiça,DEZ,174.1,cife2017_MATERIAIS.xls
2017,M28,Ladrilho de cortiça,JAN,108.6,cife2017_MATERIAIS.xls
2017,M28,Ladrilho de cortiça,FEV,108.6,cife2017_MATERIAIS.xls
2017,M28,Ladrilho de cortiça,MAR,108.6,cife2017_MATERIAIS.xls
2017,M28,Ladrilho de cortiça,ABR,108.6,cife2017_MATERIAIS.xls
2017,M28,Ladrilho de cortiça,MAI,108.6,cife2017_MATERIAIS.xls
2017,M28,Ladrilho de cortiça,JUN,108.6,cife2017_MATERIAIS.xls
2017,M28,Ladrilho de cortiça,JUL,108.6,cife2017_MATERIAIS.xls
2017,M28,Ladrilho de cortiça,AGO,108.6,cife2017_MATERIAIS.xls
2017,M28,Ladrilho de cortiça,SET,108.6,cife2017_MATERIAIS.xls
2017,M28,Ladrilho de cortiça,OUT,108.6,cife2017_MATERIAIS.xls
2017,M28,Ladrilho de cortiça,NOV,108.6,cife2017_MATERIAIS.xls
2017,M28,Ladrilho de cortiça,DEZ,108.6,cife2017_MATERIAIS.xls
2017,M29,Tintas para construção civil,JAN,290.2,cife2017_MATERIAIS.xls
2017,M29,Tintas para construção civil,FEV,290.2,cife2017_MATERIAIS.xls
2017,M29,Tintas para construção civil,MAR,296.1,cife2017_MATERIAIS.xls
2017,M29,Tintas para construção civil,ABR,297.0,cife2017_MATERIAIS.xls
2017,M29,Tintas para construção civil,MAI,297.0,cife2017_MATERIAIS.xls
2017,M29,Tintas para construção civil,JUN,297.0,cife2017_MATERIAIS.xls
2017,M29,Tintas para construção civil,JUL,297.1,cife2017_MATERIAIS.xls
2017,M29,Tintas para construção civil,AGO,297.1,cife2017_MATERIAIS.xls
2017,M29,Tintas para construção civil,SET,297.1,cife2017_MATERIAIS.xls
2017,M29,Tintas para construção civil,OUT,297.1,cife2017_MATERIAIS.xls
2017,M29,Tintas para construção civil,NOV,297.1,cife2017_MATERIAIS.xls
2017,M29,Tintas para construção civil,DEZ,297.1,cife2017_MATERIAIS.xls
2017,M30,Tintas para estradas,JAN,284.7,cife2017_MATERIAIS.xls
2017,M30,Tintas para estradas,FEV,284.7,cife2017_MATERIAIS.xls
2017,M30,Tintas para estradas,MAR,284.7,cife2017_MATERIAIS.xls
2017,M30,Tintas para estradas,ABR,284.7,cife2017_MATERIAIS.xls
2017,M30,Tintas para estradas,MAI,284.7,cife2017_MATERIAIS.xls
2017,M30,Tintas para estradas,JUN,284.7,cife2017_MATERIAIS.xls
2017,M30,Tintas para estradas,JUL,284.7,cife2017_MATERIAIS.xls
2017,M30,Tintas para estradas,AGO,284.7,cife2017_MATERIAIS.xls
2017,M30,Tintas para estradas,SET,284.7,cife2017_MATERIAIS.xls
2017,M30,Tintas para estradas,OUT,284.7,cife2017_MATERIAIS.xls
2017,M30,Tintas para estradas,NOV,284.7,cife2017_MATERIAIS.xls
2017,M30,Tintas para estradas,DEZ,284.7,cife2017_MATERIAIS.xls
2017,M31,Membrana betuminosa,JAN,218.0,cife2017_MATERIAIS.xls
2017,M31,Membrana betuminosa,FEV,218.0,cife2017_MATERIAIS.xls
2017,M31,Membrana betuminosa,MAR,218.0,cife2017_MATERIAIS.xls
2017,M31,Membrana betuminosa,ABR,218.0,cife2017_MATERIAIS.xls
2017,M31,Membrana betuminosa,MAI,218.0,cife2017_MATERIAIS.xls
2017,M31,Membrana betuminosa,JUN,221.7,cife2017_MATERIAIS.xls
2017,M31,Membrana betuminosa,JUL,221.7,cife2017_MATERIAIS.xls
2017,M31,Membrana betuminosa,AGO,221.7,cife2017_MATERIAIS.xls
2017,M31,Membrana betuminosa,SET,221.7,cife2017_MATERIAIS.xls
2017,M31,Membrana betuminosa,OUT,221.7,cife2017_MATERIAIS.xls
2017,M31,Membrana betuminosa,NOV,221.7,cife2017_MATERIAIS.xls
2017,M31,Membrana betuminosa,DEZ,221.7,cife2017_MATERIAIS.xls
2017,M32,Tubo de PVC,JAN,108.7,cife2017_MATERIAIS.xls
2017,M32,Tubo de PVC,FEV,112.1,cife2017_MATERIAIS.xls
2017,M32,Tubo de PVC,MAR,112.1,cife2017_MATERIAIS.xls
2017,M32,Tubo de PVC,ABR,113.7,cife2017_MATERIAIS.xls
2017,M32,Tubo de PVC,MAI,115.4,cife2017_MATERIAIS.xls
2017,M32,Tubo de PVC,JUN,120.5,cife2017_MATERIAIS.xls
2017,M32,Tubo de PVC,JUL,122.2,cife2017_MATERIAIS.xls
2017,M32,Tubo de PVC,AGO,118.8,cife2017_MATERIAIS.xls
2017,M32,Tubo de PVC,SET,120.5,cife2017_MATERIAIS.xls
2017,M32,Tubo de PVC,OUT,120.5,cife2017_MATERIAIS.xls
2017,M32,Tubo de PVC,NOV,120.5,cife2017_MATERIAIS.xls
2017,M32,Tubo de PVC,DEZ,120.5,cife2017_MATERIAIS.xls
2017,M33,Tubo de PVC p/ instalações elétricas,JAN,177.2,cife2017_MATERIAIS.xls
2017,M33,Tubo de PVC p/ instalações elétricas,FEV,177.2,cife2017_MATERIAIS.xls
2017,M33,Tubo de PVC p/ instalações elétricas,MAR,177.2,cife2017_MATERIAIS.xls
2017,M33,Tubo de PVC p/ instalações elétricas,ABR,177.2,cife2017_MATERIAIS.xls
2017,M33,Tubo de PVC p/ instalações elétricas,MAI,181.5,cife2017_MATERIAIS.xls
2017,M33,Tubo de PVC p/ instalações elétricas,JUN,181.5,cife2017_MATERIAIS.xls
2017,M33,Tubo de PVC p/ instalações elétricas,JUL,164.6,cife2017_MATERIAIS.xls
2017,M33,Tubo de PVC p/ instalações elétricas,AGO,169.0,cife2017_MATERIAIS.xls
2017,M33,Tubo de PVC p/ instalações elétricas,SET,168.6,cife2017_MATERIAIS.xls
2017,M33,Tubo de PVC p/ instalações elétricas,OUT,168.6,cife2017_MATERIAIS.xls
2017,M33,Tubo de PVC p/ instalações elétricas,NOV,164.6,cife2017_MATERIAIS.xls
2017,M33,Tubo de PVC p/ instalações elétricas,DEZ,168.6,cife2017_MATERIAIS.xls
2017,M34,Blocos de betão normal,JAN,111.7,cife2017_MATERIAIS.xls
2017,M34,Blocos de betão normal,FEV,111.7,cife2017_MATERIAIS.xls
2017,M34,Blocos de betão normal,MAR,111.7,cife2017_MATERIAIS.xls
2017,M34,Blocos de betão normal,ABR,111.7,cife2017_MATERIAIS.xls
2017,M34,Blocos de betão normal,MAI,111.7,cife2017_MATERIAIS.xls
2017,M34,Blocos de betão normal,JUN,111.7,cife2017_MATERIAIS.xls
2017,M34,Blocos de betão normal,JUL,111.7,cife2017_MATERIAIS.xls
2017,M34,Blocos de betão normal,AGO,111.7,cife2017_MATERIAIS.xls
2017,M34,Blocos de betão normal,SET,111.7,cife2017_MATERIAIS.xls
2017,M34,Blocos de betão normal,OUT,111.7,cife2017_MATERIAIS.xls
2017,M34,Blocos de betão normal,NOV,111.7,cife2017_MATERIAIS.xls
2017,M34,Blocos de betão normal,DEZ,111.7,cife2017_MATERIAIS.xls
2017,M35,Manilhas de betão,JAN,152.6,cife2017_MATERIAIS.xls
2017,M35,Manilhas de betão,FEV,152.6,cife2017_MATERIAIS.xls
2017,M35,Manilhas de betão,MAR,152.6,cife2017_MATERIAIS.xls
2017,M35,Manilhas de betão,ABR,152.6,cife2017_MATERIAIS.xls
2017,M35,Manilhas de betão,MAI,152.6,cife2017_MATERIAIS.xls
2017,M35,Manilhas de betão,JUN,152.6,cife2017_MATERIAIS.xls
2017,M35,Manilhas de betão,JUL,152.6,cife2017_MATERIAIS.xls
2017,M35,Manilhas de betão,AGO,152.6,cife2017_MATERIAIS.xls
2017,M35,Manilhas de betão,SET,152.6,cife2017_MATERIAIS.xls
2017,M35,Manilhas de betão,OUT,152.6,cife2017_MATERIAIS.xls
2017,M35,Manilhas de betão,NOV,152.6,cife2017_MATERIAIS.xls
2017,M35,Manilhas de betão,DEZ,152.6,cife2017_MATERIAIS.xls
2017,M36,Tubagem de fibrocimento,JAN,157.9,cife2017_MATERIAIS.xls
2017,M36,Tubagem de fibrocimento,FEV,157.9,cife2017_MATERIAIS.xls
2017,M36,Tubagem de fibrocimento,MAR,157.9,cife2017_MATERIAIS.xls
2017,M36,Tubagem de fibrocimento,ABR,157.9,cife2017_MATERIAIS.xls
2017,M36,Tubagem de fibrocimento,MAI,157.9,cife2017_MATERIAIS.xls
2017,M36,Tubagem de fibrocimento,JUN,157.9,cife2017_MATERIAIS.xls
2017,M36,Tubagem de fibrocimento,JUL,157.9,cife2017_MATERIAIS.xls
2017,M36,Tubagem de fibrocimento,AGO,157.9,cife2017_MATERIAIS.xls
2017,M36,Tubagem de fibrocimento,SET,157.9,cife2017_MATERIAIS.xls
2017,M36,Tubagem de fibrocimento,OUT,157.9,cife2017_MATERIAIS.xls
2017,M36,Tubagem de fibrocimento,NOV,157.9,cife2017_MATERIAIS.xls
2017,M36,Tubagem de fibrocimento,DEZ,157.9,cife2017_MATERIAIS.xls
2017,M37,Chapa de fibrocimento (1),JAN,236.3,cife2017_MATERIAIS.xls
2017,M37,Chapa de fibrocimento (1),FEV,236.3,cife2017_MATERIAIS.xls
2017,M37,Chapa de fibrocimento (1),MAR,236.3,cife2017_MATERIAIS.xls
2017,M37,Chapa de fibrocimento (1),ABR,236.3,cife2017_MATERIAIS.xls
2017,M37,Chapa de fibrocimento (1),MAI,236.3,cife2017_MATERIAIS.xls
2017,M37,Chapa de fibrocimento (1),JUN,236.3,cife2017_MATERIAIS.xls
2017,M37,Chapa de fibrocimento (1),JUL,236.3,cife2017_MATERIAIS.xls
2017,M37,Chapa de fibrocimento (1),AGO,236.3,cife2017_MATERIAIS.xls
2017,M37,Chapa de fibrocimento (1),SET,236.3,cife2017_MATERIAIS.xls
2017,M37,Chapa de fibrocimento (1),OUT,236.3,cife2017_MATERIAIS.xls
2017,M37,Chapa de fibrocimento (1),NOV,236.3,cife2017_MATERIAIS.xls
2017,M37,Chapa de fibrocimento (1),DEZ,236.3,cife2017_MATERIAIS.xls
2017,M39,Caixilharias em alumínio anodizado,JAN,145.8,cife2017_MATERIAIS.xls
2017,M39,Caixilharias em alumínio anodizado,FEV,145.8,cife2017_MATERIAIS.xls
2017,M39,Caixilharias em alumínio anodizado,MAR,145.8,cife2017_MATERIAIS.xls
2017,M39,Caixilharias em alumínio anodizado,ABR,145.8,cife2017_MATERIAIS.xls
2017,M39,Caixilharias em alumínio anodizado,MAI,143.3,cife2017_MATERIAIS.xls
2017,M39,Caixilharias em alumínio anodizado,JUN,140.8,cife2017_MATERIAIS.xls
2017,M39,Caixilharias em alumínio anodizado,JUL,140.8,cife2017_MATERIAIS.xls
2017,M39,Caixilharias em alumínio anodizado,AGO,140.8,cife2017_MATERIAIS.xls
2017,M39,Caixilharias em alumínio anodizado,SET,140.8,cife2017_MATERIAIS.xls
2017,M39,Caixilharias em alumínio anodizado,OUT,137.7,cife2017_MATERIAIS.xls
2017,M39,Caixilharias em alumínio anodizado,NOV,137.7,cife2017_MATERIAIS.xls
2017,M39,Caixilharias em alumínio anodizado,DEZ,140.1,cife2017_MATERIAIS.xls
2017,M40,Caixilharias em alumínio termolacado,JAN,136.7,cife2017_MATERIAIS.xls
2017,M40,Caixilharias em alumínio termolacado,FEV,136.7,cife2017_MATERIAIS.xls
2017,M40,Caixilharias em alumínio termolacado,MAR,136.7,cife2017_MATERIAIS.xls
2017,M40,Caixilharias em alumínio termolacado,ABR,136.7,cife2017_MATERIAIS.xls
2017,M40,Caixilharias em alumínio termolacado,MAI,136.7,cife2017_MATERIAIS.xls
2017,M40,Caixilharias em alumínio termolacado,JUN,137.2,cife2017_MATERIAIS.xls
2017,M40,Caixilharias em alumínio termolacado,JUL,137.2,cife2017_MATERIAIS.xls
2017,M40,Caixilharias em alumínio termolacado,AGO,137.2,cife2017_MATERIAIS.xls
2017,M40,Caixilharias em alumínio termolacado,SET,137.2,cife2017_MATERIAIS.xls
2017,M40,Caixilharias em alumínio termolacado,OUT,139.0,cife2017_MATERIAIS.xls
2017,M40,Caixilharias em alumínio termolacado,NOV,139.0,cife2017_MATERIAIS.xls
2017,M40,Caixilharias em alumínio termolacado,DEZ,137.4,cife2017_MATERIAIS.xls
2017,M41,Pavimentos aligeirados de vigotas pré-esforçadas e blocos cerâmicos,JAN,141.5,cife2017_MATERIAIS.xls
2017,M41,Pavimentos aligeirados de vigotas pré-esforçadas e blocos cerâmicos,FEV,145.9,cife2017_MATERIAIS.xls
2017,M41,Pavimentos aligeirados de vigotas pré-esforçadas e blocos cerâmicos,MAR,145.3,cife2017_MATERIAIS.xls
2017,M41,Pavimentos aligeirados de vigotas pré-esforçadas e blocos cerâmicos,ABR,144.6,cife2017_MATERIAIS.xls
2017,M41,Pavimentos aligeirados de vigotas pré-esforçadas e blocos cerâmicos,MAI,144.2,cife2017_MATERIAIS.xls
2017,M41,Pavimentos aligeirados de vigotas pré-esforçadas e blocos cerâmicos,JUN,142.7,cife2017_MATERIAIS.xls
2017,M41,Pavimentos aligeirados de vigotas pré-esforçadas e blocos cerâmicos,JUL,142.9,cife2017_MATERIAIS.xls
2017,M41,Pavimentos aligeirados de vigotas pré-esforçadas e blocos cerâmicos,AGO,142.5,cife2017_MATERIAIS.xls
2017,M41,Pavimentos aligeirados de vigotas pré-esforçadas e blocos cerâmicos,SET,142.3,cife2017_MATERIAIS.xls
2017,M41,Pavimentos aligeirados de vigotas pré-esforçadas e blocos cerâmicos,OUT,143.4,cife2017_MATERIAIS.xls
2017,M41,Pavimentos aligeirados de vigotas pré-esforçadas e blocos cerâmicos,NOV,143.3,cife2017_MATERIAIS.xls
2017,M41,Pavimentos aligeirados de vigotas pré-esforçadas e blocos cerâmicos,DEZ,143.7,cife2017_MATERIAIS.xls
2017,M42,Tubagem de aço e aparelhos para canalizações,JAN,100.1,cife2017_MATERIAIS.xls
2017,M42,Tubagem de aço e aparelhos para canalizações,FEV,100.1,cife2017_MATERIAIS.xls
2017,M42,Tubagem de aço e aparelhos para canalizações,MAR,100.1,cife2017_MATERIAIS.xls
2017,M42,Tubagem de aço e aparelhos para canalizações,ABR,100.1,cife2017_MATERIAIS.xls
2017,M42,Tubagem de aço e aparelhos para canalizações,MAI,100.1,cife2017_MATERIAIS.xls
2017,M42,Tubagem de aço e aparelhos para canalizações,JUN,100.1,cife2017_MATERIAIS.xls
2017,M42,Tubagem de aço e aparelhos para canalizações,JUL,100.1,cife2017_MATERIAIS.xls
2017,M42,Tubagem de aço e aparelhos para canalizações,AGO,100.1,cife2017_MATERIAIS.xls
2017,M42,Tubagem de aço e aparelhos para canalizações,SET,100.1,cife2017_MATERIAIS.xls
2017,M42,Tubagem de aço e aparelhos para canalizações,OUT,100.1,cife2017_MATERIAIS.xls
2017,M42,Tubagem de aço e aparelhos para canalizações,NOV,100.1,cife2017_MATERIAIS.xls
2017,M42,Tubagem de aço e aparelhos para canalizações,DEZ,100.1,cife2017_MATERIAIS.xls
2017,M43,Aço para betão armado,JAN,167.6,cife2017_MATERIAIS.xls
2017,M43,Aço para betão armado,FEV,167.6,cife2017_MATERIAIS.xls
2017,M43,Aço para betão armado,MAR,167.7,cife2017_MATERIAIS.xls
2017,M43,Aço para betão armado,ABR,167.0,cife2017_MATERIAIS.xls
2017,M43,Aço para betão armado,MAI,166.3,cife2017_MATERIAIS.xls
2017,M43,Aço para betão armado,JUN,165.5,cife2017_MATERIAIS.xls
2017,M43,Aço para betão armado,JUL,164.9,cife2017_MATERIAIS.xls
2017,M43,Aço para betão armado,AGO,166.7,cife2017_MATERIAIS.xls
2017,M43,Aço para betão armado,SET,170.0,cife2017_MATERIAIS.xls
2017,M43,Aço para betão armado,OUT,171.2,cife2017_MATERIAIS.xls
2017,M43,Aço para betão armado,NOV,171.3,cife2017_MATERIAIS.xls
2017,M43,Aço para betão armado,DEZ,171.9,cife2017_MATERIAIS.xls
2017,M44,Aço para betão pré-esforçado,JAN,170.6,cife2017_MATERIAIS.xls
2017,M44,Aço para betão pré-esforçado,FEV,170.6,cife2017_MATERIAIS.xls
2017,M44,Aço para betão pré-esforçado,MAR,170.6,cife2017_MATERIAIS.xls
2017,M44,Aço para betão pré-esforçado,ABR,170.6,cife2017_MATERIAIS.xls
2017,M44,Aço para betão pré-esforçado,MAI,170.6,cife2017_MATERIAIS.xls
2017,M44,Aço para betão pré-esforçado,JUN,170.6,cife2017_MATERIAIS.xls
2017,M44,Aço para betão pré-esforçado,JUL,170.6,cife2017_MATERIAIS.xls
2017,M44,Aço para betão pré-esforçado,AGO,170.6,cife2017_MATERIAIS.xls
2017,M44,Aço para betão pré-esforçado,SET,170.6,cife2017_MATERIAIS.xls
2017,M44,Aço para betão pré-esforçado,OUT,170.6,cife2017_MATERIAIS.xls
2017,M44,Aço para betão pré-esforçado,NOV,170.6,cife2017_MATERIAIS.xls
2017,M44,Aço para betão pré-esforçado,DEZ,170.6,cife2017_MATERIAIS.xls
2017,M45,Perfilados pesados e ligeiros,JAN,177.1,cife2017_MATERIAIS.xls
2017,M45,Perfilados pesados e ligeiros,FEV,177.2,cife2017_MATERIAIS.xls
2017,M45,Perfilados pesados e ligeiros,MAR,177.2,cife2017_MATERIAIS.xls
2017,M45,Perfilados pesados e ligeiros,ABR,177.2,cife2017_MATERIAIS.xls
2017,M45,Perfilados pesados e ligeiros,MAI,177.1,cife2017_MATERIAIS.xls
2017,M45,Perfilados pesados e ligeiros,JUN,176.9,cife2017_MATERIAIS.xls
2017,M45,Perfilados pesados e ligeiros,JUL,176.9,cife2017_MATERIAIS.xls
2017,M45,Perfilados pesados e ligeiros,AGO,176.9,cife2017_MATERIAIS.xls
2017,M45,Perfilados pesados e ligeiros,SET,176.9,cife2017_MATERIAIS.xls
2017,M45,Perfilados pesados e ligeiros,OUT,177.6,cife2017_MATERIAIS.xls
2017,M45,Perfilados pesados e ligeiros,NOV,177.6,cife2017_MATERIAIS.xls
2017,M45,Perfilados pesados e ligeiros,DEZ,177.6,cife2017_MATERIAIS.xls
2017,M46,Produtos para instalações elétricas,JAN,163.8,cife2017_MATERIAIS.xls
2017,M46,Produtos para instalações elétricas,FEV,164.6,cife2017_MATERIAIS.xls
2017,M46,Produtos para instalações elétricas,MAR,165.7,cife2017_MATERIAIS.xls
2017,M46,Produtos para instalações elétricas,ABR,164.2,cife2017_MATERIAIS.xls
2017,M46,Produtos para instalações elétricas,MAI,162.0,cife2017_MATERIAIS.xls
2017,M46,Produtos para instalações elétricas,JUN,159.1,cife2017_MATERIAIS.xls
2017,M46,Produtos para instalações elétricas,JUL,159.4,cife2017_MATERIAIS.xls
2017,M46,Produtos para instalações elétricas,AGO,160.8,cife2017_MATERIAIS.xls
2017,M46,Produtos para instalações elétricas,SET,162.4,cife2017_MATERIAIS.xls
2017,M46,Produtos para instalações elétricas,OUT,163.6,cife2017_MATERIAIS.xls
2017,M46,Produtos para instalações elétricas,NOV,166.3,cife2017_MATERIAIS.xls
2017,M46,Produtos para instalações elétricas,DEZ,165.8,cife2017_MATERIAIS.xls
2017,M47,Produtos pré-fabricados de betão,JAN,99.2,cife2017_MATERIAIS.xls
2017,M47,Produtos pré-fabricados de betão,FEV,99.2,cife2017_MATERIAIS.xls
2017,M47,Produtos pré-fabricados de betão,MAR,99.2,cife2017_MATERIAIS.xls
2017,M47,Produtos pré-fabricados de betão,ABR,99.2,cife2017_MATERIAIS.xls
2017,M47,Produtos pré-fabricados de betão,MAI,99.2,cife2017_MATERIAIS.xls
2017,M47,Produtos pré-fabricados de betão,JUN,99.2,cife2017_MATERIAIS.xls
2017,M47,Produtos pré-fabricados de betão,JUL,99.2,cife2017_MATERIAIS.xls
2017,M47,Produtos pré-fabricados de betão,AGO,99.2,cife2017_MATERIAIS.xls
2017,M47,Produtos pré-fabricados de betão,SET,99.2,cife2017_MATERIAIS.xls
2017,M47,Produtos pré-fabricados de betão,OUT,99.2,cife2017_MATERIAIS.xls
2017,M47,Produtos pré-fabricados de betão,NOV,99.2,cife2017_MATERIAIS.xls
2017,M47,Produtos pré-fabricados de betão,DEZ,99.2,cife2017_MATERIAIS.xls
2017,M48,Produtos para ajardinamentos,JAN,110.6,cife2017_MATERIAIS.xls
2017,M48,Produtos para ajardinamentos,FEV,111.2,cife2017_MATERIAIS.xls
2017,M48,Produtos para ajardinamentos,MAR,111.3,cife2017_MATERIAIS.xls
2017,M48,Produtos para ajardinamentos,ABR,111.4,cife2017_MATERIAIS.xls
2017,M48,Produtos para ajardinamentos,MAI,111.4,cife2017_MATERIAIS.xls
2017,M48,Produtos para ajardinamentos,JUN,111.4,cife2017_MATERIAIS.xls
2017,M48,Produtos para ajardinamentos,JUL,111.4,cife2017_MATERIAIS.xls
2017,M48,Produtos para ajardinamentos,AGO,111.4,cife2017_MATERIAIS.xls
2017,M48,Produtos para ajardinamentos,SET,111.3,cife2017_MATERIAIS.xls
2017,M48,Produtos para ajardinamentos,OUT,111.4,cife2017_MATERIAIS.xls
2017,M48,Produtos para ajardinamentos,NOV,111.3,cife2017_MATERIAIS.xls
2017,M48,Produtos para ajardinamentos,DEZ,106.5,cife2017_MATERIAIS.xls
2017,M49,Geotêxteis,JAN,96.0,cife2017_MATERIAIS.xls
2017,M49,Geotêxteis,FEV,96.7,cife2017_MATERIAIS.xls
2017,M49,Geotêxteis,MAR,96.7,cife2017_MATERIAIS.xls
2017,M49,Geotêxteis,ABR,97.0,cife2017_MATERIAIS.xls
2017,M49,Geotêxteis,MAI,97.3,cife2017_MATERIAIS.xls
2017,M49,Geotêxteis,JUN,98.2,cife2017_MATERIAIS.xls
2017,M49,Geotêxteis,JUL,98.6,cife2017_MATERIAIS.xls
2017,M49,Geotêxteis,AGO,97.9,cife2017_MATERIAIS.xls
2017,M49,Geotêxteis,SET,98.2,cife2017_MATERIAIS.xls
2017,M49,Geotêxteis,OUT,98.2,cife2017_MATERIAIS.xls
2017,M49,Geotêxteis,NOV,98.2,cife2017_MATERIAIS.xls
2017,M49,Geotêxteis,DEZ,98.2,cife2017_MATERIAIS.xls
2017,M50,Tubos e Acessórios de Ferro Fundido e Aço,JAN,152.6,cife2017_MATERIAIS.xls
2017,M50,Tubos e Acessórios de Ferro Fundido e Aço,FEV,152.6,cife2017_MATERIAIS.xls
2017,M50,Tubos e Acessórios de Ferro Fundido e Aço,MAR,152.9,cife2017_MATERIAIS.xls
2017,M50,Tubos e Acessórios de Ferro Fundido e Aço,ABR,152.9,cife2017_MATERIAIS.xls
2017,M50,Tubos e Acessórios de Ferro Fundido e Aço,MAI,153.0,cife2017_MATERIAIS.xls
2017,M50,Tubos e Acessórios de Ferro Fundido e Aço,JUN,152.9,cife2017_MATERIAIS.xls
2017,M50,Tubos e Acessórios de Ferro Fundido e Aço,JUL,152.9,cife2017_MATERIAIS.xls
2017,M50,Tubos e Acessórios de Ferro Fundido e Aço,AGO,152.9,cife2017_MATERIAIS.xls
2017,M50,Tubos e Acessórios de Ferro Fundido e Aço,SET,153.0,cife2017_MATERIAIS.xls
2017,M50,Tubos e Acessórios de Ferro Fundido e Aço,OUT,153.0,cife2017_MATERIAIS.xls
2017,M50,Tubos e Acessórios de Ferro Fundido e Aço,NOV,153.0,cife2017_MATERIAIS.xls
2017,M50,Tubos e Acessórios de Ferro Fundido e Aço,DEZ,153.0,cife2017_MATERIAIS.xls
2017,M51,Tintas para Construções Metálicas,JAN,132.3,cife2017_MATERIAIS.xls
2017,M51,Tintas para Construções Metálicas,FEV,132.3,cife2017_MATERIAIS.xls
2017,M51,Tintas para Construções Metálicas,MAR,134.4,cife2017_MATERIAIS.xls
2017,M51,Tintas para Construções Metálicas,ABR,135.4,cife2017_MATERIAIS.xls
2017,M51,Tintas para Construções Metálicas,MAI,135.4,cife2017_MATERIAIS.xls
2017,M51,Tintas para Construções Metálicas,JUN,135.4,cife2017_MATERIAIS.xls
2017,M51,Tintas para Construções Metálicas,JUL,135.4,cife2017_MATERIAIS.xls
2017,M51,Tintas para Construções Metálicas,AGO,135.4,cife2017_MATERIAIS.xls
2017,M51,Tintas para Construções Metálicas,SET,135.4,cife2017_MATERIAIS.xls
2017,M51,Tintas para Construções Metálicas,OUT,135.4,cife2017_MATERIAIS.xls
2017,M51,Tintas para Construções Metálicas,NOV,135.4,cife2017_MATERIAIS.xls
2017,M51,Tintas para Construções Metálicas,DEZ,135.4,cife2017_MATERIAIS.xls
2018,M01,Britas,JAN,105.6,cife2018_MATERIAIS.xls
2018,M01,Britas,FEV,105.6,cife2018_MATERIAIS.xls
2018,M01,Britas,MAR,105.1,cife2018_MATERIAIS.xls
2018,M01,Britas,ABR,105.3,cife2018_MATERIAIS.xls
2018,M01,Britas,MAI,105.1,cife2018_MATERIAIS.xls
2018,M01,Britas,JUN,105.1,cife2018_MATERIAIS.xls
2018,M01,Britas,JUL,105.1,cife2018_MATERIAIS.xls
2018,M01,Britas,AGO,105.1,cife2018_MATERIAIS.xls
2018,M01,Britas,SET,105.1,cife2018_MATERIAIS.xls
2018,M01,Britas,OUT,105.1,cife2018_MATERIAIS.xls
2018,M01,Britas,NOV,105.1,cife2018_MATERIAIS.xls
2018,M01,Britas,DEZ,105.1,cife2018_MATERIAIS.xls
2018,M02,Areias,JAN,87.9,cife2018_MATERIAIS.xls
2018,M02,Areias,FEV,87.9,cife2018_MATERIAIS.xls
2018,M02,Areias,MAR,87.9,cife2018_MATERIAIS.xls
2018,M02,Areias,ABR,87.9,cife2018_MATERIAIS.xls
2018,M02,Areias,MAI,87.9,cife2018_MATERIAIS.xls
2018,M02,Areias,JUN,87.9,cife2018_MATERIAIS.xls
2018,M02,Areias,JUL,87.9,cife2018_MATERIAIS.xls
2018,M02,Areias,AGO,87.9,cife2018_MATERIAIS.xls
2018,M02,Areias,SET,87.9,cife2018_MATERIAIS.xls
2018,M02,Areias,OUT,87.9,cife2018_MATERIAIS.xls
2018,M02,Areias,NOV,87.9,cife2018_MATERIAIS.xls
2018,M02,Areias,DEZ,87.9,cife2018_MATERIAIS.xls
2018,M03,Inertes,JAN,99.1,cife2018_MATERIAIS.xls
2018,M03,Inertes,FEV,99.1,cife2018_MATERIAIS.xls
2018,M03,Inertes,MAR,98.9,cife2018_MATERIAIS.xls
2018,M03,Inertes,ABR,99.0,cife2018_MATERIAIS.xls
2018,M03,Inertes,MAI,98.9,cife2018_MATERIAIS.xls
2018,M03,Inertes,JUN,98.9,cife2018_MATERIAIS.xls
2018,M03,Inertes,JUL,98.9,cife2018_MATERIAIS.xls
2018,M03,Inertes,AGO,98.9,cife2018_MATERIAIS.xls
2018,M03,Inertes,SET,98.9,cife2018_MATERIAIS.xls
2018,M03,Inertes,OUT,98.9,cife2018_MATERIAIS.xls
2018,M03,Inertes,NOV,98.9,cife2018_MATERIAIS.xls
2018,M03,Inertes,DEZ,98.9,cife2018_MATERIAIS.xls
2018,M04,Ladrilhos de calcário e granito,JAN,96.1,cife2018_MATERIAIS.xls
2018,M04,Ladrilhos de calcário e granito,FEV,96.1,cife2018_MATERIAIS.xls
2018,M04,Ladrilhos de calcário e granito,MAR,96.1,cife2018_MATERIAIS.xls
2018,M04,Ladrilhos de calcário e granito,ABR,96.1,cife2018_MATERIAIS.xls
2018,M04,Ladrilhos de calcário e granito,MAI,96.1,cife2018_MATERIAIS.xls
2018,M04,Ladrilhos de calcário e granito,JUN,96.1,cife2018_MATERIAIS.xls
2018,M04,Ladrilhos de calcário e granito,JUL,96.1,cife2018_MATERIAIS.xls
2018,M04,Ladrilhos de calcário e granito,AGO,96.1,cife2018_MATERIAIS.xls
2018,M04,Ladrilhos de calcário e granito,SET,96.1,cife2018_MATERIAIS.xls
2018,M04,Ladrilhos de calcário e granito,OUT,96.1,cife2018_MATERIAIS.xls
2018,M04,Ladrilhos de calcário e granito,NOV,96.1,cife2018_MATERIAIS.xls
2018,M04,Ladrilhos de calcário e granito,DEZ,96.1,cife2018_MATERIAIS.xls
2018,M05,Cantarias de calcário e granito,JAN,110.6,cife2018_MATERIAIS.xls
2018,M05,Cantarias de calcário e granito,FEV,110.6,cife2018_MATERIAIS.xls
2018,M05,Cantarias de calcário e granito,MAR,110.6,cife2018_MATERIAIS.xls
2018,M05,Cantarias de calcário e granito,ABR,110.6,cife2018_MATERIAIS.xls
2018,M05,Cantarias de calcário e granito,MAI,110.6,cife2018_MATERIAIS.xls
2018,M05,Cantarias de calcário e granito,JUN,110.6,cife2018_MATERIAIS.xls
2018,M05,Cantarias de calcário e granito,JUL,110.6,cife2018_MATERIAIS.xls
2018,M05,Cantarias de calcário e granito,AGO,110.6,cife2018_MATERIAIS.xls
2018,M05,Cantarias de calcário e granito,SET,110.6,cife2018_MATERIAIS.xls
2018,M05,Cantarias de calcário e granito,OUT,110.6,cife2018_MATERIAIS.xls
2018,M05,Cantarias de calcário e granito,NOV,110.6,cife2018_MATERIAIS.xls
2018,M05,Cantarias de calcário e granito,DEZ,110.6,cife2018_MATERIAIS.xls
2018,M06,Ladr. e cant. de calcário e granito,JAN,96.4,cife2018_MATERIAIS.xls
2018,M06,Ladr. e cant. de calcário e granito,FEV,96.4,cife2018_MATERIAIS.xls
2018,M06,Ladr. e cant. de calcário e granito,MAR,96.4,cife2018_MATERIAIS.xls
2018,M06,Ladr. e cant. de calcário e granito,ABR,96.4,cife2018_MATERIAIS.xls
2018,M06,Ladr. e cant. de calcário e granito,MAI,96.4,cife2018_MATERIAIS.xls
2018,M06,Ladr. e cant. de calcário e granito,JUN,96.4,cife2018_MATERIAIS.xls
2018,M06,Ladr. e cant. de calcário e granito,JUL,96.4,cife2018_MATERIAIS.xls
2018,M06,Ladr. e cant. de calcário e granito,AGO,96.4,cife2018_MATERIAIS.xls
2018,M06,Ladr. e cant. de calcário e granito,SET,96.4,cife2018_MATERIAIS.xls
2018,M06,Ladr. e cant. de calcário e granito,OUT,96.4,cife2018_MATERIAIS.xls
2018,M06,Ladr. e cant. de calcário e granito,NOV,96.4,cife2018_MATERIAIS.xls
2018,M06,Ladr. e cant. de calcário e granito,DEZ,96.4,cife2018_MATERIAIS.xls
2018,M07,Telhas cerâmicas,JAN,121.4,cife2018_MATERIAIS.xls
2018,M07,Telhas cerâmicas,FEV,121.3,cife2018_MATERIAIS.xls
2018,M07,Telhas cerâmicas,MAR,121.1,cife2018_MATERIAIS.xls
2018,M07,Telhas cerâmicas,ABR,121.3,cife2018_MATERIAIS.xls
2018,M07,Telhas cerâmicas,MAI,122.9,cife2018_MATERIAIS.xls
2018,M07,Telhas cerâmicas,JUN,122.2,cife2018_MATERIAIS.xls
2018,M07,Telhas cerâmicas,JUL,122.5,cife2018_MATERIAIS.xls
2018,M07,Telhas cerâmicas,AGO,121.7,cife2018_MATERIAIS.xls
2018,M07,Telhas cerâmicas,SET,122.6,cife2018_MATERIAIS.xls
2018,M07,Telhas cerâmicas,OUT,121.9,cife2018_MATERIAIS.xls
2018,M07,Telhas cerâmicas,NOV,121.5,cife2018_MATERIAIS.xls
2018,M07,Telhas cerâmicas,DEZ,121.9,cife2018_MATERIAIS.xls
2018,M08,Tijolos cerâmicos,JAN,93.1,cife2018_MATERIAIS.xls
2018,M08,Tijolos cerâmicos,FEV,93.1,cife2018_MATERIAIS.xls
2018,M08,Tijolos cerâmicos,MAR,93.2,cife2018_MATERIAIS.xls
2018,M08,Tijolos cerâmicos,ABR,93.2,cife2018_MATERIAIS.xls
2018,M08,Tijolos cerâmicos,MAI,93.2,cife2018_MATERIAIS.xls
2018,M08,Tijolos cerâmicos,JUN,93.2,cife2018_MATERIAIS.xls
2018,M08,Tijolos cerâmicos,JUL,93.1,cife2018_MATERIAIS.xls
2018,M08,Tijolos cerâmicos,AGO,93.1,cife2018_MATERIAIS.xls
2018,M08,Tijolos cerâmicos,SET,93.1,cife2018_MATERIAIS.xls
2018,M08,Tijolos cerâmicos,OUT,100.5,cife2018_MATERIAIS.xls
2018,M08,Tijolos cerâmicos,NOV,93.4,cife2018_MATERIAIS.xls
2018,M08,Tijolos cerâmicos,DEZ,93.5,cife2018_MATERIAIS.xls
2018,M09,Produtos Cerâmicos Vermelhos,JAN,101.2,cife2018_MATERIAIS.xls
2018,M09,Produtos Cerâmicos Vermelhos,FEV,101.2,cife2018_MATERIAIS.xls
2018,M09,Produtos Cerâmicos Vermelhos,MAR,101.2,cife2018_MATERIAIS.xls
2018,M09,Produtos Cerâmicos Vermelhos,ABR,101.2,cife2018_MATERIAIS.xls
2018,M09,Produtos Cerâmicos Vermelhos,MAI,101.8,cife2018_MATERIAIS.xls
2018,M09,Produtos Cerâmicos Vermelhos,JUN,101.6,cife2018_MATERIAIS.xls
2018,M09,Produtos Cerâmicos Vermelhos,JUL,101.5,cife2018_MATERIAIS.xls
2018,M09,Produtos Cerâmicos Vermelhos,AGO,101.3,cife2018_MATERIAIS.xls
2018,M09,Produtos Cerâmicos Vermelhos,SET,101.6,cife2018_MATERIAIS.xls
2018,M09,Produtos Cerâmicos Vermelhos,OUT,101.5,cife2018_MATERIAIS.xls
2018,M09,Produtos Cerâmicos Vermelhos,NOV,96.9,cife2018_MATERIAIS.xls
2018,M09,Produtos Cerâmicos Vermelhos,DEZ,97.1,cife2018_MATERIAIS.xls
2018,M10,Azulejos e Mosaicos,JAN,94.0,cife2018_MATERIAIS.xls
2018,M10,Azulejos e Mosaicos,FEV,94.0,cife2018_MATERIAIS.xls
2018,M10,Azulejos e Mosaicos,MAR,94.0,cife2018_MATERIAIS.xls
2018,M10,Azulejos e Mosaicos,ABR,94.0,cife2018_MATERIAIS.xls
2018,M10,Azulejos e Mosaicos,MAI,89.4,cife2018_MATERIAIS.xls
2018,M10,Azulejos e Mosaicos,JUN,89.4,cife2018_MATERIAIS.xls
2018,M10,Azulejos e Mosaicos,JUL,89.4,cife2018_MATERIAIS.xls
2018,M10,Azulejos e Mosaicos,AGO,89.4,cife2018_MATERIAIS.xls
2018,M10,Azulejos e Mosaicos,SET,89.4,cife2018_MATERIAIS.xls
2018,M10,Azulejos e Mosaicos,OUT,89.4,cife2018_MATERIAIS.xls
2018,M10,Azulejos e Mosaicos,NOV,89.4,cife2018_MATERIAIS.xls
2018,M10,Azulejos e Mosaicos,DEZ,89.4,cife2018_MATERIAIS.xls
2018,M12,Aço em Varão e Perfilados,JAN,274.9,cife2018_MATERIAIS.xls
2018,M12,Aço em Varão e Perfilados,FEV,274.3,cife2018_MATERIAIS.xls
2018,M12,Aço em Varão e Perfilados,MAR,274.2,cife2018_MATERIAIS.xls
2018,M12,Aço em Varão e Perfilados,ABR,273.6,cife2018_MATERIAIS.xls
2018,M12,Aço em Varão e Perfilados,MAI,273.3,cife2018_MATERIAIS.xls
2018,M12,Aço em Varão e Perfilados,JUN,273.8,cife2018_MATERIAIS.xls
2018,M12,Aço em Varão e Perfilados,JUL,274.1,cife2018_MATERIAIS.xls
2018,M12,Aço em Varão e Perfilados,AGO,274.0,cife2018_MATERIAIS.xls
2018,M12,Aço em Varão e Perfilados,SET,274.4,cife2018_MATERIAIS.xls
2018,M12,Aço em Varão e Perfilados,OUT,274.3,cife2018_MATERIAIS.xls
2018,M12,Aço em Varão e Perfilados,NOV,274.9,cife2018_MATERIAIS.xls
2018,M12,Aço em Varão e Perfilados,DEZ,274.8,cife2018_MATERIAIS.xls
2018,M13,Chapa de Aço Macio,JAN,147.5,cife2018_MATERIAIS.xls
2018,M13,Chapa de Aço Macio,FEV,147.5,cife2018_MATERIAIS.xls
2018,M13,Chapa de Aço Macio,MAR,147.4,cife2018_MATERIAIS.xls
2018,M13,Chapa de Aço Macio,ABR,147.4,cife2018_MATERIAIS.xls
2018,M13,Chapa de Aço Macio,MAI,147.4,cife2018_MATERIAIS.xls
2018,M13,Chapa de Aço Macio,JUN,147.4,cife2018_MATERIAIS.xls
2018,M13,Chapa de Aço Macio,JUL,147.4,cife2018_MATERIAIS.xls
2018,M13,Chapa de Aço Macio,AGO,147.4,cife2018_MATERIAIS.xls
2018,M13,Chapa de Aço Macio,SET,147.5,cife2018_MATERIAIS.xls
2018,M13,Chapa de Aço Macio,OUT,147.5,cife2018_MATERIAIS.xls
2018,M13,Chapa de Aço Macio,NOV,147.4,cife2018_MATERIAIS.xls
2018,M13,Chapa de Aço Macio,DEZ,147.2,cife2018_MATERIAIS.xls
2018,M14,Rede electrossoldada,JAN,184.4,cife2018_MATERIAIS.xls
2018,M14,Rede electrossoldada,FEV,184.4,cife2018_MATERIAIS.xls
2018,M14,Rede electrossoldada,MAR,184.0,cife2018_MATERIAIS.xls
2018,M14,Rede electrossoldada,ABR,183.9,cife2018_MATERIAIS.xls
2018,M14,Rede electrossoldada,MAI,183.9,cife2018_MATERIAIS.xls
2018,M14,Rede electrossoldada,JUN,183.9,cife2018_MATERIAIS.xls
2018,M14,Rede electrossoldada,JUL,183.9,cife2018_MATERIAIS.xls
2018,M14,Rede electrossoldada,AGO,183.9,cife2018_MATERIAIS.xls
2018,M14,Rede electrossoldada,SET,185.1,cife2018_MATERIAIS.xls
2018,M14,Rede electrossoldada,OUT,185.1,cife2018_MATERIAIS.xls
2018,M14,Rede electrossoldada,NOV,185.1,cife2018_MATERIAIS.xls
2018,M14,Rede electrossoldada,DEZ,185.1,cife2018_MATERIAIS.xls
2018,M15,Chapa de aço galvanizada,JAN,146.9,cife2018_MATERIAIS.xls
2018,M15,Chapa de aço galvanizada,FEV,146.9,cife2018_MATERIAIS.xls
2018,M15,Chapa de aço galvanizada,MAR,147.1,cife2018_MATERIAIS.xls
2018,M15,Chapa de aço galvanizada,ABR,147.3,cife2018_MATERIAIS.xls
2018,M15,Chapa de aço galvanizada,MAI,147.3,cife2018_MATERIAIS.xls
2018,M15,Chapa de aço galvanizada,JUN,147.3,cife2018_MATERIAIS.xls
2018,M15,Chapa de aço galvanizada,JUL,147.3,cife2018_MATERIAIS.xls
2018,M15,Chapa de aço galvanizada,AGO,147.3,cife2018_MATERIAIS.xls
2018,M15,Chapa de aço galvanizada,SET,147.1,cife2018_MATERIAIS.xls
2018,M15,Chapa de aço galvanizada,OUT,147.1,cife2018_MATERIAIS.xls
2018,M15,Chapa de aço galvanizada,NOV,147.1,cife2018_MATERIAIS.xls
2018,M15,Chapa de aço galvanizada,DEZ,147.1,cife2018_MATERIAIS.xls
2018,M16,Fio de Cobre Nu,JAN,270.9,cife2018_MATERIAIS.xls
2018,M16,Fio de Cobre Nu,FEV,269.3,cife2018_MATERIAIS.xls
2018,M16,Fio de Cobre Nu,MAR,266.4,cife2018_MATERIAIS.xls
2018,M16,Fio de Cobre Nu,ABR,263.8,cife2018_MATERIAIS.xls
2018,M16,Fio de Cobre Nu,MAI,264.8,cife2018_MATERIAIS.xls
2018,M16,Fio de Cobre Nu,JUN,264.8,cife2018_MATERIAIS.xls
2018,M16,Fio de Cobre Nu,JUL,264.8,cife2018_MATERIAIS.xls
2018,M16,Fio de Cobre Nu,AGO,264.8,cife2018_MATERIAIS.xls
2018,M16,Fio de Cobre Nu,SET,264.8,cife2018_MATERIAIS.xls
2018,M16,Fio de Cobre Nu,OUT,264.8,cife2018_MATERIAIS.xls
2018,M16,Fio de Cobre Nu,NOV,264.8,cife2018_MATERIAIS.xls
2018,M16,Fio de Cobre Nu,DEZ,264.8,cife2018_MATERIAIS.xls
2018,M17,Fio de cobre revestido,JAN,224.4,cife2018_MATERIAIS.xls
2018,M17,Fio de cobre revestido,FEV,223.1,cife2018_MATERIAIS.xls
2018,M17,Fio de cobre revestido,MAR,220.7,cife2018_MATERIAIS.xls
2018,M17,Fio de cobre revestido,ABR,218.6,cife2018_MATERIAIS.xls
2018,M17,Fio de cobre revestido,MAI,219.4,cife2018_MATERIAIS.xls
2018,M17,Fio de cobre revestido,JUN,219.4,cife2018_MATERIAIS.xls
2018,M17,Fio de cobre revestido,JUL,219.4,cife2018_MATERIAIS.xls
2018,M17,Fio de cobre revestido,AGO,219.4,cife2018_MATERIAIS.xls
2018,M17,Fio de cobre revestido,SET,219.4,cife2018_MATERIAIS.xls
2018,M17,Fio de cobre revestido,OUT,219.4,cife2018_MATERIAIS.xls
2018,M17,Fio de cobre revestido,NOV,219.4,cife2018_MATERIAIS.xls
2018,M17,Fio de cobre revestido,DEZ,219.4,cife2018_MATERIAIS.xls
2018,M18,Betumes a Granel,JAN,352.4,cife2018_MATERIAIS.xls
2018,M18,Betumes a Granel,FEV,361.4,cife2018_MATERIAIS.xls
2018,M18,Betumes a Granel,MAR,347.1,cife2018_MATERIAIS.xls
2018,M18,Betumes a Granel,ABR,343.8,cife2018_MATERIAIS.xls
2018,M18,Betumes a Granel,MAI,366.9,cife2018_MATERIAIS.xls
2018,M18,Betumes a Granel,JUN,412.2,cife2018_MATERIAIS.xls
2018,M18,Betumes a Granel,JUL,420.4,cife2018_MATERIAIS.xls
2018,M18,Betumes a Granel,AGO,428.9,cife2018_MATERIAIS.xls
2018,M18,Betumes a Granel,SET,422.7,cife2018_MATERIAIS.xls
2018,M18,Betumes a Granel,OUT,429.7,cife2018_MATERIAIS.xls
2018,M18,Betumes a Granel,NOV,461.4,cife2018_MATERIAIS.xls
2018,M18,Betumes a Granel,DEZ,407.0,cife2018_MATERIAIS.xls
2018,M19,Betumes em Tambores,JAN,457.0,cife2018_MATERIAIS.xls
2018,M19,Betumes em Tambores,FEV,460.9,cife2018_MATERIAIS.xls
2018,M19,Betumes em Tambores,MAR,456.4,cife2018_MATERIAIS.xls
2018,M19,Betumes em Tambores,ABR,455.5,cife2018_MATERIAIS.xls
2018,M19,Betumes em Tambores,MAI,462.0,cife2018_MATERIAIS.xls
2018,M19,Betumes em Tambores,JUN,477.9,cife2018_MATERIAIS.xls
2018,M19,Betumes em Tambores,JUL,485.1,cife2018_MATERIAIS.xls
2018,M19,Betumes em Tambores,AGO,487.6,cife2018_MATERIAIS.xls
2018,M19,Betumes em Tambores,SET,486.0,cife2018_MATERIAIS.xls
2018,M19,Betumes em Tambores,OUT,484.4,cife2018_MATERIAIS.xls
2018,M19,Betumes em Tambores,NOV,495.8,cife2018_MATERIAIS.xls
2018,M19,Betumes em Tambores,DEZ,477.2,cife2018_MATERIAIS.xls
2018,M20,Cimento em saco,JAN,152.2,cife2018_MATERIAIS.xls
2018,M20,Cimento em saco,FEV,153.3,cife2018_MATERIAIS.xls
2018,M20,Cimento em saco,MAR,153.3,cife2018_MATERIAIS.xls
2018,M20,Cimento em saco,ABR,153.3,cife2018_MATERIAIS.xls
2018,M20,Cimento em saco,MAI,153.3,cife2018_MATERIAIS.xls
2018,M20,Cimento em saco,JUN,153.3,cife2018_MATERIAIS.xls
2018,M20,Cimento em saco,JUL,153.3,cife2018_MATERIAIS.xls
2018,M20,Cimento em saco,AGO,153.3,cife2018_MATERIAIS.xls
2018,M20,Cimento em saco,SET,153.3,cife2018_MATERIAIS.xls
2018,M20,Cimento em saco,OUT,153.3,cife2018_MATERIAIS.xls
2018,M20,Cimento em saco,NOV,153.3,cife2018_MATERIAIS.xls
2018,M20,Cimento em saco,DEZ,153.3,cife2018_MATERIAIS.xls
2018,M21,Explosivos,JAN,154.3,cife2018_MATERIAIS.xls
2018,M21,Explosivos,FEV,154.3,cife2018_MATERIAIS.xls
2018,M21,Explosivos,MAR,154.3,cife2018_MATERIAIS.xls
2018,M21,Explosivos,ABR,156.2,cife2018_MATERIAIS.xls
2018,M21,Explosivos,MAI,156.2,cife2018_MATERIAIS.xls
2018,M21,Explosivos,JUN,156.2,cife2018_MATERIAIS.xls
2018,M21,Explosivos,JUL,156.2,cife2018_MATERIAIS.xls
2018,M21,Explosivos,AGO,158.0,cife2018_MATERIAIS.xls
2018,M21,Explosivos,SET,158.0,cife2018_MATERIAIS.xls
2018,M21,Explosivos,OUT,158.0,cife2018_MATERIAIS.xls
2018,M21,Explosivos,NOV,158.0,cife2018_MATERIAIS.xls
2018,M21,Explosivos,DEZ,159.0,cife2018_MATERIAIS.xls
2018,M22,Gasóleo,JAN,289.8,cife2018_MATERIAIS.xls
2018,M22,Gasóleo,FEV,286.4,cife2018_MATERIAIS.xls
2018,M22,Gasóleo,MAR,283.5,cife2018_MATERIAIS.xls
2018,M22,Gasóleo,ABR,290.3,cife2018_MATERIAIS.xls
2018,M22,Gasóleo,MAI,302.1,cife2018_MATERIAIS.xls
2018,M22,Gasóleo,JUN,306.3,cife2018_MATERIAIS.xls
2018,M22,Gasóleo,JUL,303.6,cife2018_MATERIAIS.xls
2018,M22,Gasóleo,AGO,304.3,cife2018_MATERIAIS.xls
2018,M22,Gasóleo,SET,308.9,cife2018_MATERIAIS.xls
2018,M22,Gasóleo,OUT,317.4,cife2018_MATERIAIS.xls
2018,M22,Gasóleo,NOV,312.1,cife2018_MATERIAIS.xls
2018,M22,Gasóleo,DEZ,294.1,cife2018_MATERIAIS.xls
2018,M23,Vidro,JAN,92.0,cife2018_MATERIAIS.xls
2018,M23,Vidro,FEV,92.0,cife2018_MATERIAIS.xls
2018,M23,Vidro,MAR,92.0,cife2018_MATERIAIS.xls
2018,M23,Vidro,ABR,92.0,cife2018_MATERIAIS.xls
2018,M23,Vidro,MAI,92.0,cife2018_MATERIAIS.xls
2018,M23,Vidro,JUN,92.0,cife2018_MATERIAIS.xls
2018,M23,Vidro,JUL,92.0,cife2018_MATERIAIS.xls
2018,M23,Vidro,AGO,92.0,cife2018_MATERIAIS.xls
2018,M23,Vidro,SET,92.0,cife2018_MATERIAIS.xls
2018,M23,Vidro,OUT,92.0,cife2018_MATERIAIS.xls
2018,M23,Vidro,NOV,92.0,cife2018_MATERIAIS.xls
2018,M23,Vidro,DEZ,92.0,cife2018_MATERIAIS.xls
2018,M24,Madeiras de Pinho,JAN,157.1,cife2018_MATERIAIS.xls
2018,M24,Madeiras de Pinho,FEV,157.1,cife2018_MATERIAIS.xls
2018,M24,Madeiras de Pinho,MAR,157.3,cife2018_MATERIAIS.xls
2018,M24,Madeiras de Pinho,ABR,157.3,cife2018_MATERIAIS.xls
2018,M24,Madeiras de Pinho,MAI,157.3,cife2018_MATERIAIS.xls
2018,M24,Madeiras de Pinho,JUN,161.3,cife2018_MATERIAIS.xls
2018,M24,Madeiras de Pinho,JUL,161.3,cife2018_MATERIAIS.xls
2018,M24,Madeiras de Pinho,AGO,161.3,cife2018_MATERIAIS.xls
2018,M24,Madeiras de Pinho,SET,161.3,cife2018_MATERIAIS.xls
2018,M24,Madeiras de Pinho,OUT,161.3,cife2018_MATERIAIS.xls
2018,M24,Madeiras de Pinho,NOV,161.3,cife2018_MATERIAIS.xls
2018,M24,Madeiras de Pinho,DEZ,162.0,cife2018_MATERIAIS.xls
2018,M25,Madeiras Especiais ou Exóticas,JAN,150.6,cife2018_MATERIAIS.xls
2018,M25,Madeiras Especiais ou Exóticas,FEV,150.6,cife2018_MATERIAIS.xls
2018,M25,Madeiras Especiais ou Exóticas,MAR,150.3,cife2018_MATERIAIS.xls
2018,M25,Madeiras Especiais ou Exóticas,ABR,150.3,cife2018_MATERIAIS.xls
2018,M25,Madeiras Especiais ou Exóticas,MAI,150.3,cife2018_MATERIAIS.xls
2018,M25,Madeiras Especiais ou Exóticas,JUN,150.3,cife2018_MATERIAIS.xls
2018,M25,Madeiras Especiais ou Exóticas,JUL,150.3,cife2018_MATERIAIS.xls
2018,M25,Madeiras Especiais ou Exóticas,AGO,150.3,cife2018_MATERIAIS.xls
2018,M25,Madeiras Especiais ou Exóticas,SET,150.3,cife2018_MATERIAIS.xls
2018,M25,Madeiras Especiais ou Exóticas,OUT,150.3,cife2018_MATERIAIS.xls
2018,M25,Madeiras Especiais ou Exóticas,NOV,150.3,cife2018_MATERIAIS.xls
2018,M25,Madeiras Especiais ou Exóticas,DEZ,150.3,cife2018_MATERIAIS.xls
2018,M26,Derivados de madeira,JAN,122.6,cife2018_MATERIAIS.xls
2018,M26,Derivados de madeira,FEV,130.6,cife2018_MATERIAIS.xls
2018,M26,Derivados de madeira,MAR,125.7,cife2018_MATERIAIS.xls
2018,M26,Derivados de madeira,ABR,127.0,cife2018_MATERIAIS.xls
2018,M26,Derivados de madeira,MAI,126.4,cife2018_MATERIAIS.xls
2018,M26,Derivados de madeira,JUN,126.4,cife2018_MATERIAIS.xls
2018,M26,Derivados de madeira,JUL,126.4,cife2018_MATERIAIS.xls
2018,M26,Derivados de madeira,AGO,126.4,cife2018_MATERIAIS.xls
2018,M26,Derivados de madeira,SET,126.4,cife2018_MATERIAIS.xls
2018,M26,Derivados de madeira,OUT,126.4,cife2018_MATERIAIS.xls
2018,M26,Derivados de madeira,NOV,126.4,cife2018_MATERIAIS.xls
2018,M26,Derivados de madeira,DEZ,126.4,cife2018_MATERIAIS.xls
2018,M27,Aglomerado negro de cortiça,JAN,174.1,cife2018_MATERIAIS.xls
2018,M27,Aglomerado negro de cortiça,FEV,174.1,cife2018_MATERIAIS.xls
2018,M27,Aglomerado negro de cortiça,MAR,174.1,cife2018_MATERIAIS.xls
2018,M27,Aglomerado negro de cortiça,ABR,174.1,cife2018_MATERIAIS.xls
2018,M27,Aglomerado negro de cortiça,MAI,174.1,cife2018_MATERIAIS.xls
2018,M27,Aglomerado negro de cortiça,JUN,174.1,cife2018_MATERIAIS.xls
2018,M27,Aglomerado negro de cortiça,JUL,174.1,cife2018_MATERIAIS.xls
2018,M27,Aglomerado negro de cortiça,AGO,174.1,cife2018_MATERIAIS.xls
2018,M27,Aglomerado negro de cortiça,SET,174.1,cife2018_MATERIAIS.xls
2018,M27,Aglomerado negro de cortiça,OUT,174.1,cife2018_MATERIAIS.xls
2018,M27,Aglomerado negro de cortiça,NOV,174.1,cife2018_MATERIAIS.xls
2018,M27,Aglomerado negro de cortiça,DEZ,174.1,cife2018_MATERIAIS.xls
2018,M28,Ladrilho de cortiça,JAN,108.6,cife2018_MATERIAIS.xls
2018,M28,Ladrilho de cortiça,FEV,108.6,cife2018_MATERIAIS.xls
2018,M28,Ladrilho de cortiça,MAR,108.6,cife2018_MATERIAIS.xls
2018,M28,Ladrilho de cortiça,ABR,108.6,cife2018_MATERIAIS.xls
2018,M28,Ladrilho de cortiça,MAI,108.6,cife2018_MATERIAIS.xls
2018,M28,Ladrilho de cortiça,JUN,108.6,cife2018_MATERIAIS.xls
2018,M28,Ladrilho de cortiça,JUL,108.6,cife2018_MATERIAIS.xls
2018,M28,Ladrilho de cortiça,AGO,108.6,cife2018_MATERIAIS.xls
2018,M28,Ladrilho de cortiça,SET,108.6,cife2018_MATERIAIS.xls
2018,M28,Ladrilho de cortiça,OUT,108.6,cife2018_MATERIAIS.xls
2018,M28,Ladrilho de cortiça,NOV,108.6,cife2018_MATERIAIS.xls
2018,M28,Ladrilho de cortiça,DEZ,108.6,cife2018_MATERIAIS.xls
2018,M29,Tintas para construção civil,JAN,297.1,cife2018_MATERIAIS.xls
2018,M29,Tintas para construção civil,FEV,298.1,cife2018_MATERIAIS.xls
2018,M29,Tintas para construção civil,MAR,298.1,cife2018_MATERIAIS.xls
2018,M29,Tintas para construção civil,ABR,299.6,cife2018_MATERIAIS.xls
2018,M29,Tintas para construção civil,MAI,299.6,cife2018_MATERIAIS.xls
2018,M29,Tintas para construção civil,JUN,299.6,cife2018_MATERIAIS.xls
2018,M29,Tintas para construção civil,JUL,299.6,cife2018_MATERIAIS.xls
2018,M29,Tintas para construção civil,AGO,299.6,cife2018_MATERIAIS.xls
2018,M29,Tintas para construção civil,SET,299.6,cife2018_MATERIAIS.xls
2018,M29,Tintas para construção civil,OUT,299.6,cife2018_MATERIAIS.xls
2018,M29,Tintas para construção civil,NOV,299.6,cife2018_MATERIAIS.xls
2018,M29,Tintas para construção civil,DEZ,299.6,cife2018_MATERIAIS.xls
2018,M30,Tintas para estradas,JAN,284.7,cife2018_MATERIAIS.xls
2018,M30,Tintas para estradas,FEV,284.7,cife2018_MATERIAIS.xls
2018,M30,Tintas para estradas,MAR,284.7,cife2018_MATERIAIS.xls
2018,M30,Tintas para estradas,ABR,284.7,cife2018_MATERIAIS.xls
2018,M30,Tintas para estradas,MAI,284.7,cife2018_MATERIAIS.xls
2018,M30,Tintas para estradas,JUN,284.7,cife2018_MATERIAIS.xls
2018,M30,Tintas para estradas,JUL,284.7,cife2018_MATERIAIS.xls
2018,M30,Tintas para estradas,AGO,284.7,cife2018_MATERIAIS.xls
2018,M30,Tintas para estradas,SET,284.7,cife2018_MATERIAIS.xls
2018,M30,Tintas para estradas,OUT,284.7,cife2018_MATERIAIS.xls
2018,M30,Tintas para estradas,NOV,284.7,cife2018_MATERIAIS.xls
2018,M30,Tintas para estradas,DEZ,284.7,cife2018_MATERIAIS.xls
2018,M31,Membrana betuminosa,JAN,228.7,cife2018_MATERIAIS.xls
2018,M31,Membrana betuminosa,FEV,228.7,cife2018_MATERIAIS.xls
2018,M31,Membrana betuminosa,MAR,228.7,cife2018_MATERIAIS.xls
2018,M31,Membrana betuminosa,ABR,228.7,cife2018_MATERIAIS.xls
2018,M31,Membrana betuminosa,MAI,228.7,cife2018_MATERIAIS.xls
2018,M31,Membrana betuminosa,JUN,228.7,cife2018_MATERIAIS.xls
2018,M31,Membrana betuminosa,JUL,228.7,cife2018_MATERIAIS.xls
2018,M31,Membrana betuminosa,AGO,241.4,cife2018_MATERIAIS.xls
2018,M31,Membrana betuminosa,SET,241.4,cife2018_MATERIAIS.xls
2018,M31,Membrana betuminosa,OUT,241.4,cife2018_MATERIAIS.xls
2018,M31,Membrana betuminosa,NOV,241.4,cife2018_MATERIAIS.xls
2018,M31,Membrana betuminosa,DEZ,241.4,cife2018_MATERIAIS.xls
2018,M32,Tubo de PVC,JAN,120.5,cife2018_MATERIAIS.xls
2018,M32,Tubo de PVC,FEV,120.5,cife2018_MATERIAIS.xls
2018,M32,Tubo de PVC,MAR,118.8,cife2018_MATERIAIS.xls
2018,M32,Tubo de PVC,ABR,118.8,cife2018_MATERIAIS.xls
2018,M32,Tubo de PVC,MAI,118.8,cife2018_MATERIAIS.xls
2018,M32,Tubo de PVC,JUN,118.8,cife2018_MATERIAIS.xls
2018,M32,Tubo de PVC,JUL,123.8,cife2018_MATERIAIS.xls
2018,M32,Tubo de PVC,AGO,123.8,cife2018_MATERIAIS.xls
2018,M32,Tubo de PVC,SET,125.5,cife2018_MATERIAIS.xls
2018,M32,Tubo de PVC,OUT,123.8,cife2018_MATERIAIS.xls
2018,M32,Tubo de PVC,NOV,123.8,cife2018_MATERIAIS.xls
2018,M32,Tubo de PVC,DEZ,123.8,cife2018_MATERIAIS.xls
2018,M33,Tubo de PVC p/ instalações elétricas,JAN,168.6,cife2018_MATERIAIS.xls
2018,M33,Tubo de PVC p/ instalações elétricas,FEV,168.6,cife2018_MATERIAIS.xls
2018,M33,Tubo de PVC p/ instalações elétricas,MAR,168.6,cife2018_MATERIAIS.xls
2018,M33,Tubo de PVC p/ instalações elétricas,ABR,168.6,cife2018_MATERIAIS.xls
2018,M33,Tubo de PVC p/ instalações elétricas,MAI,168.6,cife2018_MATERIAIS.xls
2018,M33,Tubo de PVC p/ instalações elétricas,JUN,168.6,cife2018_MATERIAIS.xls
2018,M33,Tubo de PVC p/ instalações elétricas,JUL,172.5,cife2018_MATERIAIS.xls
2018,M33,Tubo de PVC p/ instalações elétricas,AGO,172.5,cife2018_MATERIAIS.xls
2018,M33,Tubo de PVC p/ instalações elétricas,SET,168.6,cife2018_MATERIAIS.xls
2018,M33,Tubo de PVC p/ instalações elétricas,OUT,172.5,cife2018_MATERIAIS.xls
2018,M33,Tubo de PVC p/ instalações elétricas,NOV,168.6,cife2018_MATERIAIS.xls
2018,M33,Tubo de PVC p/ instalações elétricas,DEZ,172.5,cife2018_MATERIAIS.xls
2018,M34,Blocos de betão normal,JAN,111.7,cife2018_MATERIAIS.xls
2018,M34,Blocos de betão normal,FEV,111.7,cife2018_MATERIAIS.xls
2018,M34,Blocos de betão normal,MAR,111.7,cife2018_MATERIAIS.xls
2018,M34,Blocos de betão normal,ABR,111.7,cife2018_MATERIAIS.xls
2018,M34,Blocos de betão normal,MAI,111.7,cife2018_MATERIAIS.xls
2018,M34,Blocos de betão normal,JUN,111.7,cife2018_MATERIAIS.xls
2018,M34,Blocos de betão normal,JUL,111.7,cife2018_MATERIAIS.xls
2018,M34,Blocos de betão normal,AGO,111.7,cife2018_MATERIAIS.xls
2018,M34,Blocos de betão normal,SET,111.7,cife2018_MATERIAIS.xls
2018,M34,Blocos de betão normal,OUT,111.7,cife2018_MATERIAIS.xls
2018,M34,Blocos de betão normal,NOV,111.7,cife2018_MATERIAIS.xls
2018,M34,Blocos de betão normal,DEZ,111.7,cife2018_MATERIAIS.xls
2018,M35,Manilhas de betão,JAN,152.6,cife2018_MATERIAIS.xls
2018,M35,Manilhas de betão,FEV,152.6,cife2018_MATERIAIS.xls
2018,M35,Manilhas de betão,MAR,152.6,cife2018_MATERIAIS.xls
2018,M35,Manilhas de betão,ABR,152.6,cife2018_MATERIAIS.xls
2018,M35,Manilhas de betão,MAI,152.6,cife2018_MATERIAIS.xls
2018,M35,Manilhas de betão,JUN,152.6,cife2018_MATERIAIS.xls
2018,M35,Manilhas de betão,JUL,152.6,cife2018_MATERIAIS.xls
2018,M35,Manilhas de betão,AGO,152.6,cife2018_MATERIAIS.xls
2018,M35,Manilhas de betão,SET,152.6,cife2018_MATERIAIS.xls
2018,M35,Manilhas de betão,OUT,152.6,cife2018_MATERIAIS.xls
2018,M35,Manilhas de betão,NOV,152.6,cife2018_MATERIAIS.xls
2018,M35,Manilhas de betão,DEZ,152.6,cife2018_MATERIAIS.xls
2018,M36,Tubagem de fibrocimento,JAN,157.9,cife2018_MATERIAIS.xls
2018,M36,Tubagem de fibrocimento,FEV,157.9,cife2018_MATERIAIS.xls
2018,M36,Tubagem de fibrocimento,MAR,157.9,cife2018_MATERIAIS.xls
2018,M36,Tubagem de fibrocimento,ABR,157.9,cife2018_MATERIAIS.xls
2018,M36,Tubagem de fibrocimento,MAI,157.9,cife2018_MATERIAIS.xls
2018,M36,Tubagem de fibrocimento,JUN,157.9,cife2018_MATERIAIS.xls
2018,M36,Tubagem de fibrocimento,JUL,157.9,cife2018_MATERIAIS.xls
2018,M36,Tubagem de fibrocimento,AGO,157.9,cife2018_MATERIAIS.xls
2018,M36,Tubagem de fibrocimento,SET,157.9,cife2018_MATERIAIS.xls
2018,M36,Tubagem de fibrocimento,OUT,157.9,cife2018_MATERIAIS.xls
2018,M36,Tubagem de fibrocimento,NOV,157.9,cife2018_MATERIAIS.xls
2018,M36,Tubagem de fibrocimento,DEZ,157.9,cife2018_MATERIAIS.xls
2018,M37,Chapa de fibrocimento (1),JAN,236.3,cife2018_MATERIAIS.xls
2018,M37,Chapa de fibrocimento (1),FEV,236.3,cife2018_MATERIAIS.xls
2018,M37,Chapa de fibrocimento (1),MAR,236.3,cife2018_MATERIAIS.xls
2018,M37,Chapa de fibrocimento (1),ABR,236.3,cife2018_MATERIAIS.xls
2018,M37,Chapa de fibrocimento (1),MAI,236.3,cife2018_MATERIAIS.xls
2018,M37,Chapa de fibrocimento (1),JUN,236.3,cife2018_MATERIAIS.xls
2018,M37,Chapa de fibrocimento (1),JUL,236.3,cife2018_MATERIAIS.xls
2018,M37,Chapa de fibrocimento (1),AGO,236.3,cife2018_MATERIAIS.xls
2018,M37,Chapa de fibrocimento (1),SET,236.3,cife2018_MATERIAIS.xls
2018,M37,Chapa de fibrocimento (1),OUT,236.3,cife2018_MATERIAIS.xls
2018,M37,Chapa de fibrocimento (1),NOV,236.3,cife2018_MATERIAIS.xls
2018,M37,Chapa de fibrocimento (1),DEZ,236.3,cife2018_MATERIAIS.xls
2018,M39,Caixilharias em alumínio anodizado,JAN,140.1,cife2018_MATERIAIS.xls
2018,M39,Caixilharias em alumínio anodizado,FEV,140.5,cife2018_MATERIAIS.xls
2018,M39,Caixilharias em alumínio anodizado,MAR,139.9,cife2018_MATERIAIS.xls
2018,M39,Caixilharias em alumínio anodizado,ABR,139.9,cife2018_MATERIAIS.xls
2018,M39,Caixilharias em alumínio anodizado,MAI,140.9,cife2018_MATERIAIS.xls
2018,M39,Caixilharias em alumínio anodizado,JUN,140.9,cife2018_MATERIAIS.xls
2018,M39,Caixilharias em alumínio anodizado,JUL,140.9,cife2018_MATERIAIS.xls
2018,M39,Caixilharias em alumínio anodizado,AGO,143.3,cife2018_MATERIAIS.xls
2018,M39,Caixilharias em alumínio anodizado,SET,143.3,cife2018_MATERIAIS.xls
2018,M39,Caixilharias em alumínio anodizado,OUT,139.5,cife2018_MATERIAIS.xls
2018,M39,Caixilharias em alumínio anodizado,NOV,146.7,cife2018_MATERIAIS.xls
2018,M39,Caixilharias em alumínio anodizado,DEZ,146.7,cife2018_MATERIAIS.xls
2018,M40,Caixilharias em alumínio termolacado,JAN,134.8,cife2018_MATERIAIS.xls
2018,M40,Caixilharias em alumínio termolacado,FEV,130.6,cife2018_MATERIAIS.xls
2018,M40,Caixilharias em alumínio termolacado,MAR,131.0,cife2018_MATERIAIS.xls
2018,M40,Caixilharias em alumínio termolacado,ABR,131.0,cife2018_MATERIAIS.xls
2018,M40,Caixilharias em alumínio termolacado,MAI,130.2,cife2018_MATERIAIS.xls
2018,M40,Caixilharias em alumínio termolacado,JUN,130.2,cife2018_MATERIAIS.xls
2018,M40,Caixilharias em alumínio termolacado,JUL,130.2,cife2018_MATERIAIS.xls
2018,M40,Caixilharias em alumínio termolacado,AGO,130.2,cife2018_MATERIAIS.xls
2018,M40,Caixilharias em alumínio termolacado,SET,130.2,cife2018_MATERIAIS.xls
2018,M40,Caixilharias em alumínio termolacado,OUT,126.7,cife2018_MATERIAIS.xls
2018,M40,Caixilharias em alumínio termolacado,NOV,128.6,cife2018_MATERIAIS.xls
2018,M40,Caixilharias em alumínio termolacado,DEZ,128.6,cife2018_MATERIAIS.xls
2018,M41,Pavimentos aligeirados de vigotas pré-esforçadas e blocos cerâmicos,JAN,145.2,cife2018_MATERIAIS.xls
2018,M41,Pavimentos aligeirados de vigotas pré-esforçadas e blocos cerâmicos,FEV,142.7,cife2018_MATERIAIS.xls
2018,M41,Pavimentos aligeirados de vigotas pré-esforçadas e blocos cerâmicos,MAR,143.0,cife2018_MATERIAIS.xls
2018,M41,Pavimentos aligeirados de vigotas pré-esforçadas e blocos cerâmicos,ABR,143.6,cife2018_MATERIAIS.xls
2018,M41,Pavimentos aligeirados de vigotas pré-esforçadas e blocos cerâmicos,MAI,143.5,cife2018_MATERIAIS.xls
2018,M41,Pavimentos aligeirados de vigotas pré-esforçadas e blocos cerâmicos,JUN,143.5,cife2018_MATERIAIS.xls
2018,M41,Pavimentos aligeirados de vigotas pré-esforçadas e blocos cerâmicos,JUL,143.5,cife2018_MATERIAIS.xls
2018,M41,Pavimentos aligeirados de vigotas pré-esforçadas e blocos cerâmicos,AGO,143.5,cife2018_MATERIAIS.xls
2018,M41,Pavimentos aligeirados de vigotas pré-esforçadas e blocos cerâmicos,SET,143.8,cife2018_MATERIAIS.xls
2018,M41,Pavimentos aligeirados de vigotas pré-esforçadas e blocos cerâmicos,OUT,143.8,cife2018_MATERIAIS.xls
2018,M41,Pavimentos aligeirados de vigotas pré-esforçadas e blocos cerâmicos,NOV,143.8,cife2018_MATERIAIS.xls
2018,M41,Pavimentos aligeirados de vigotas pré-esforçadas e blocos cerâmicos,DEZ,143.8,cife2018_MATERIAIS.xls
2018,M42,Tubagem de aço e aparelhos para canalizações,JAN,100.1,cife2018_MATERIAIS.xls
2018,M42,Tubagem de aço e aparelhos para canalizações,FEV,100.1,cife2018_MATERIAIS.xls
2018,M42,Tubagem de aço e aparelhos para canalizações,MAR,100.1,cife2018_MATERIAIS.xls
2018,M42,Tubagem de aço e aparelhos para canalizações,ABR,100.1,cife2018_MATERIAIS.xls
2018,M42,Tubagem de aço e aparelhos para canalizações,MAI,100.1,cife2018_MATERIAIS.xls
2018,M42,Tubagem de aço e aparelhos para canalizações,JUN,100.1,cife2018_MATERIAIS.xls
2018,M42,Tubagem de aço e aparelhos para canalizações,JUL,100.1,cife2018_MATERIAIS.xls
2018,M42,Tubagem de aço e aparelhos para canalizações,AGO,100.1,cife2018_MATERIAIS.xls
2018,M42,Tubagem de aço e aparelhos para canalizações,SET,100.1,cife2018_MATERIAIS.xls
2018,M42,Tubagem de aço e aparelhos para canalizações,OUT,100.1,cife2018_MATERIAIS.xls
2018,M42,Tubagem de aço e aparelhos para canalizações,NOV,100.1,cife2018_MATERIAIS.xls
2018,M42,Tubagem de aço e aparelhos para canalizações,DEZ,99.7,cife2018_MATERIAIS.xls
2018,M43,Aço para betão armado,JAN,173.5,cife2018_MATERIAIS.xls
2018,M43,Aço para betão armado,FEV,173.5,cife2018_MATERIAIS.xls
2018,M43,Aço para betão armado,MAR,172.9,cife2018_MATERIAIS.xls
2018,M43,Aço para betão armado,ABR,171.3,cife2018_MATERIAIS.xls
2018,M43,Aço para betão armado,MAI,170.7,cife2018_MATERIAIS.xls
2018,M43,Aço para betão armado,JUN,170.7,cife2018_MATERIAIS.xls
2018,M43,Aço para betão armado,JUL,171.3,cife2018_MATERIAIS.xls
2018,M43,Aço para betão armado,AGO,171.3,cife2018_MATERIAIS.xls
2018,M43,Aço para betão armado,SET,172.6,cife2018_MATERIAIS.xls
2018,M43,Aço para betão armado,OUT,172.0,cife2018_MATERIAIS.xls
2018,M43,Aço para betão armado,NOV,172.0,cife2018_MATERIAIS.xls
2018,M43,Aço para betão armado,DEZ,167.4,cife2018_MATERIAIS.xls
2018,M44,Aço para betão pré-esforçado,JAN,170.6,cife2018_MATERIAIS.xls
2018,M44,Aço para betão pré-esforçado,FEV,170.6,cife2018_MATERIAIS.xls
2018,M44,Aço para betão pré-esforçado,MAR,170.6,cife2018_MATERIAIS.xls
2018,M44,Aço para betão pré-esforçado,ABR,170.6,cife2018_MATERIAIS.xls
2018,M44,Aço para betão pré-esforçado,MAI,170.6,cife2018_MATERIAIS.xls
2018,M44,Aço para betão pré-esforçado,JUN,170.6,cife2018_MATERIAIS.xls
2018,M44,Aço para betão pré-esforçado,JUL,170.6,cife2018_MATERIAIS.xls
2018,M44,Aço para betão pré-esforçado,AGO,170.6,cife2018_MATERIAIS.xls
2018,M44,Aço para betão pré-esforçado,SET,170.6,cife2018_MATERIAIS.xls
2018,M44,Aço para betão pré-esforçado,OUT,170.6,cife2018_MATERIAIS.xls
2018,M44,Aço para betão pré-esforçado,NOV,170.6,cife2018_MATERIAIS.xls
2018,M44,Aço para betão pré-esforçado,DEZ,170.6,cife2018_MATERIAIS.xls
2018,M45,Perfilados pesados e ligeiros,JAN,177.6,cife2018_MATERIAIS.xls
2018,M45,Perfilados pesados e ligeiros,FEV,177.6,cife2018_MATERIAIS.xls
2018,M45,Perfilados pesados e ligeiros,MAR,177.6,cife2018_MATERIAIS.xls
2018,M45,Perfilados pesados e ligeiros,ABR,177.6,cife2018_MATERIAIS.xls
2018,M45,Perfilados pesados e ligeiros,MAI,177.6,cife2018_MATERIAIS.xls
2018,M45,Perfilados pesados e ligeiros,JUN,177.6,cife2018_MATERIAIS.xls
2018,M45,Perfilados pesados e ligeiros,JUL,178.4,cife2018_MATERIAIS.xls
2018,M45,Perfilados pesados e ligeiros,AGO,178.4,cife2018_MATERIAIS.xls
2018,M45,Perfilados pesados e ligeiros,SET,178.5,cife2018_MATERIAIS.xls
2018,M45,Perfilados pesados e ligeiros,OUT,178.7,cife2018_MATERIAIS.xls
2018,M45,Perfilados pesados e ligeiros,NOV,178.7,cife2018_MATERIAIS.xls
2018,M45,Perfilados pesados e ligeiros,DEZ,178.7,cife2018_MATERIAIS.xls
2018,M46,Produtos para instalações elétricas,JAN,166.8,cife2018_MATERIAIS.xls
2018,M46,Produtos para instalações elétricas,FEV,166.3,cife2018_MATERIAIS.xls
2018,M46,Produtos para instalações elétricas,MAR,164.5,cife2018_MATERIAIS.xls
2018,M46,Produtos para instalações elétricas,ABR,163.1,cife2018_MATERIAIS.xls
2018,M46,Produtos para instalações elétricas,MAI,163.6,cife2018_MATERIAIS.xls
2018,M46,Produtos para instalações elétricas,JUN,163.6,cife2018_MATERIAIS.xls
2018,M46,Produtos para instalações elétricas,JUL,163.6,cife2018_MATERIAIS.xls
2018,M46,Produtos para instalações elétricas,AGO,163.6,cife2018_MATERIAIS.xls
2018,M46,Produtos para instalações elétricas,SET,163.5,cife2018_MATERIAIS.xls
2018,M46,Produtos para instalações elétricas,OUT,163.5,cife2018_MATERIAIS.xls
2018,M46,Produtos para instalações elétricas,NOV,166.6,cife2018_MATERIAIS.xls
2018,M46,Produtos para instalações elétricas,DEZ,166.0,cife2018_MATERIAIS.xls
2018,M47,Produtos pré-fabricados de betão,JAN,99.2,cife2018_MATERIAIS.xls
2018,M47,Produtos pré-fabricados de betão,FEV,99.2,cife2018_MATERIAIS.xls
2018,M47,Produtos pré-fabricados de betão,MAR,99.2,cife2018_MATERIAIS.xls
2018,M47,Produtos pré-fabricados de betão,ABR,99.2,cife2018_MATERIAIS.xls
2018,M47,Produtos pré-fabricados de betão,MAI,99.2,cife2018_MATERIAIS.xls
2018,M47,Produtos pré-fabricados de betão,JUN,99.2,cife2018_MATERIAIS.xls
2018,M47,Produtos pré-fabricados de betão,JUL,99.2,cife2018_MATERIAIS.xls
2018,M47,Produtos pré-fabricados de betão,AGO,99.2,cife2018_MATERIAIS.xls
2018,M47,Produtos pré-fabricados de betão,SET,99.2,cife2018_MATERIAIS.xls
2018,M47,Produtos pré-fabricados de betão,OUT,99.2,cife2018_MATERIAIS.xls
2018,M47,Produtos pré-fabricados de betão,NOV,99.2,cife2018_MATERIAIS.xls
2018,M47,Produtos pré-fabricados de betão,DEZ,99.2,cife2018_MATERIAIS.xls
2018,M48,Produtos para ajardinamentos,JAN,106.5,cife2018_MATERIAIS.xls
2018,M48,Produtos para ajardinamentos,FEV,111.4,cife2018_MATERIAIS.xls
2018,M48,Produtos para ajardinamentos,MAR,113.2,cife2018_MATERIAIS.xls
2018,M48,Produtos para ajardinamentos,ABR,113.2,cife2018_MATERIAIS.xls
2018,M48,Produtos para ajardinamentos,MAI,113.2,cife2018_MATERIAIS.xls
2018,M48,Produtos para ajardinamentos,JUN,113.1,cife2018_MATERIAIS.xls
2018,M48,Produtos para ajardinamentos,JUL,113.1,cife2018_MATERIAIS.xls
2018,M48,Produtos para ajardinamentos,AGO,113.1,cife2018_MATERIAIS.xls
2018,M48,Produtos para ajardinamentos,SET,113.1,cife2018_MATERIAIS.xls
2018,M48,Produtos para ajardinamentos,OUT,113.2,cife2018_MATERIAIS.xls
2018,M48,Produtos para ajardinamentos,NOV,113.1,cife2018_MATERIAIS.xls
2018,M48,Produtos para ajardinamentos,DEZ,113.2,cife2018_MATERIAIS.xls
2018,M49,Geotêxteis,JAN,98.2,cife2018_MATERIAIS.xls
2018,M49,Geotêxteis,FEV,98.2,cife2018_MATERIAIS.xls
2018,M49,Geotêxteis,MAR,97.9,cife2018_MATERIAIS.xls
2018,M49,Geotêxteis,ABR,97.9,cife2018_MATERIAIS.xls
2018,M49,Geotêxteis,MAI,97.9,cife2018_MATERIAIS.xls
2018,M49,Geotêxteis,JUN,97.9,cife2018_MATERIAIS.xls
2018,M49,Geotêxteis,JUL,98.9,cife2018_MATERIAIS.xls
2018,M49,Geotêxteis,AGO,98.9,cife2018_MATERIAIS.xls
2018,M49,Geotêxteis,SET,99.2,cife2018_MATERIAIS.xls
2018,M49,Geotêxteis,OUT,98.9,cife2018_MATERIAIS.xls
2018,M49,Geotêxteis,NOV,98.9,cife2018_MATERIAIS.xls
2018,M49,Geotêxteis,DEZ,98.9,cife2018_MATERIAIS.xls
2018,M50,Tubos e Acessórios de Ferro Fundido e Aço,JAN,153.1,cife2018_MATERIAIS.xls
2018,M50,Tubos e Acessórios de Ferro Fundido e Aço,FEV,153.0,cife2018_MATERIAIS.xls
2018,M50,Tubos e Acessórios de Ferro Fundido e Aço,MAR,153.0,cife2018_MATERIAIS.xls
2018,M50,Tubos e Acessórios de Ferro Fundido e Aço,ABR,153.0,cife2018_MATERIAIS.xls
2018,M50,Tubos e Acessórios de Ferro Fundido e Aço,MAI,153.0,cife2018_MATERIAIS.xls
2018,M50,Tubos e Acessórios de Ferro Fundido e Aço,JUN,153.0,cife2018_MATERIAIS.xls
2018,M50,Tubos e Acessórios de Ferro Fundido e Aço,JUL,153.0,cife2018_MATERIAIS.xls
2018,M50,Tubos e Acessórios de Ferro Fundido e Aço,AGO,153.0,cife2018_MATERIAIS.xls
2018,M50,Tubos e Acessórios de Ferro Fundido e Aço,SET,153.1,cife2018_MATERIAIS.xls
2018,M50,Tubos e Acessórios de Ferro Fundido e Aço,OUT,153.1,cife2018_MATERIAIS.xls
2018,M50,Tubos e Acessórios de Ferro Fundido e Aço,NOV,153.1,cife2018_MATERIAIS.xls
2018,M50,Tubos e Acessórios de Ferro Fundido e Aço,DEZ,153.1,cife2018_MATERIAIS.xls
2018,M51,Tintas para Construções Metálicas,JAN,135.4,cife2018_MATERIAIS.xls
2018,M51,Tintas para Construções Metálicas,FEV,135.5,cife2018_MATERIAIS.xls
2018,M51,Tintas para Construções Metálicas,MAR,136.5,cife2018_MATERIAIS.xls
2018,M51,Tintas para Construções Metálicas,ABR,137.1,cife2018_MATERIAIS.xls
2018,M51,Tintas para Construções Metálicas,MAI,137.1,cife2018_MATERIAIS.xls
2018,M51,Tintas para Construções Metálicas,JUN,137.1,cife2018_MATERIAIS.xls
2018,M51,Tintas para Construções Metálicas,JUL,137.1,cife2018_MATERIAIS.xls
2018,M51,Tintas para Construções Metálicas,AGO,137.1,cife2018_MATERIAIS.xls
2018,M51,Tintas para Construções Metálicas,SET,137.1,cife2018_MATERIAIS.xls
2018,M51,Tintas para Construções Metálicas,OUT,137.1,cife2018_MATERIAIS.xls
2018,M51,Tintas para Construções Metálicas,NOV,137.1,cife2018_MATERIAIS.xls
2018,M51,Tintas para Construções Metálicas,DEZ,131.0,cife2018_MATERIAIS.xls
2019,M01,Britas,JAN,105.6,cife2019_MATERIAIS.xls
2019,M01,Britas,FEV,105.7,cife2019_MATERIAIS.xls
2019,M01,Britas,MAR,105.5,cife2019_MATERIAIS.xls
2019,M01,Britas,ABR,105.7,cife2019_MATERIAIS.xls
2019,M01,Britas,MAI,105.7,cife2019_MATERIAIS.xls
2019,M01,Britas,JUN,105.7,cife2019_MATERIAIS.xls
2019,M01,Britas,JUL,105.6,cife2019_MATERIAIS.xls
2019,M01,Britas,AGO,105.8,cife2019_MATERIAIS.xls
2019,M01,Britas,SET,105.8,cife2019_MATERIAIS.xls
2019,M01,Britas,OUT,105.8,cife2019_MATERIAIS.xls
2019,M01,Britas,NOV,105.4,cife2019_MATERIAIS.xls
2019,M01,Britas,DEZ,104.7,cife2019_MATERIAIS.xls
2019,M02,Areias,JAN,87.9,cife2019_MATERIAIS.xls
2019,M02,Areias,FEV,87.9,cife2019_MATERIAIS.xls
2019,M02,Areias,MAR,87.9,cife2019_MATERIAIS.xls
2019,M02,Areias,ABR,87.9,cife2019_MATERIAIS.xls
2019,M02,Areias,MAI,87.9,cife2019_MATERIAIS.xls
2019,M02,Areias,JUN,87.9,cife2019_MATERIAIS.xls
2019,M02,Areias,JUL,87.9,cife2019_MATERIAIS.xls
2019,M02,Areias,AGO,87.9,cife2019_MATERIAIS.xls
2019,M02,Areias,SET,87.9,cife2019_MATERIAIS.xls
2019,M02,Areias,OUT,87.9,cife2019_MATERIAIS.xls
2019,M02,Areias,NOV,87.9,cife2019_MATERIAIS.xls
2019,M02,Areias,DEZ,87.9,cife2019_MATERIAIS.xls
2019,M03,Inertes,JAN,99.1,cife2019_MATERIAIS.xls
2019,M03,Inertes,FEV,99.2,cife2019_MATERIAIS.xls
2019,M03,Inertes,MAR,99.1,cife2019_MATERIAIS.xls
2019,M03,Inertes,ABR,99.2,cife2019_MATERIAIS.xls
2019,M03,Inertes,MAI,99.2,cife2019_MATERIAIS.xls
2019,M03,Inertes,JUN,99.2,cife2019_MATERIAIS.xls
2019,M03,Inertes,JUL,99.2,cife2019_MATERIAIS.xls
2019,M03,Inertes,AGO,99.2,cife2019_MATERIAIS.xls
2019,M03,Inertes,SET,99.3,cife2019_MATERIAIS.xls
2019,M03,Inertes,OUT,99.3,cife2019_MATERIAIS.xls
2019,M03,Inertes,NOV,99.1,cife2019_MATERIAIS.xls
2019,M03,Inertes,DEZ,98.7,cife2019_MATERIAIS.xls
2019,M04,Ladrilhos de calcário e granito,JAN,96.1,cife2019_MATERIAIS.xls
2019,M04,Ladrilhos de calcário e granito,FEV,96.1,cife2019_MATERIAIS.xls
2019,M04,Ladrilhos de calcário e granito,MAR,96.1,cife2019_MATERIAIS.xls
2019,M04,Ladrilhos de calcário e granito,ABR,96.1,cife2019_MATERIAIS.xls
2019,M04,Ladrilhos de calcário e granito,MAI,96.1,cife2019_MATERIAIS.xls
2019,M04,Ladrilhos de calcário e granito,JUN,96.1,cife2019_MATERIAIS.xls
2019,M04,Ladrilhos de calcário e granito,JUL,96.1,cife2019_MATERIAIS.xls
2019,M04,Ladrilhos de calcário e granito,AGO,96.1,cife2019_MATERIAIS.xls
2019,M04,Ladrilhos de calcário e granito,SET,96.1,cife2019_MATERIAIS.xls
2019,M04,Ladrilhos de calcário e granito,OUT,96.1,cife2019_MATERIAIS.xls
2019,M04,Ladrilhos de calcário e granito,NOV,96.1,cife2019_MATERIAIS.xls
2019,M04,Ladrilhos de calcário e granito,DEZ,94.5,cife2019_MATERIAIS.xls
2019,M05,Cantarias de calcário e granito,JAN,110.6,cife2019_MATERIAIS.xls
2019,M05,Cantarias de calcário e granito,FEV,110.6,cife2019_MATERIAIS.xls
2019,M05,Cantarias de calcário e granito,MAR,110.6,cife2019_MATERIAIS.xls
2019,M05,Cantarias de calcário e granito,ABR,110.6,cife2019_MATERIAIS.xls
2019,M05,Cantarias de calcário e granito,MAI,110.6,cife2019_MATERIAIS.xls
2019,M05,Cantarias de calcário e granito,JUN,110.6,cife2019_MATERIAIS.xls
2019,M05,Cantarias de calcário e granito,JUL,110.6,cife2019_MATERIAIS.xls
2019,M05,Cantarias de calcário e granito,AGO,110.6,cife2019_MATERIAIS.xls
2019,M05,Cantarias de calcário e granito,SET,110.6,cife2019_MATERIAIS.xls
2019,M05,Cantarias de calcário e granito,OUT,110.6,cife2019_MATERIAIS.xls
2019,M05,Cantarias de calcário e granito,NOV,110.6,cife2019_MATERIAIS.xls
2019,M05,Cantarias de calcário e granito,DEZ,110.6,cife2019_MATERIAIS.xls
2019,M06,Ladr. e cant. de calcário e granito,JAN,96.4,cife2019_MATERIAIS.xls
2019,M06,Ladr. e cant. de calcário e granito,FEV,96.4,cife2019_MATERIAIS.xls
2019,M06,Ladr. e cant. de calcário e granito,MAR,96.4,cife2019_MATERIAIS.xls
2019,M06,Ladr. e cant. de calcário e granito,ABR,96.4,cife2019_MATERIAIS.xls
2019,M06,Ladr. e cant. de calcário e granito,MAI,96.4,cife2019_MATERIAIS.xls
2019,M06,Ladr. e cant. de calcário e granito,JUN,96.4,cife2019_MATERIAIS.xls
2019,M06,Ladr. e cant. de calcário e granito,JUL,96.4,cife2019_MATERIAIS.xls
2019,M06,Ladr. e cant. de calcário e granito,AGO,96.4,cife2019_MATERIAIS.xls
2019,M06,Ladr. e cant. de calcário e granito,SET,96.4,cife2019_MATERIAIS.xls
2019,M06,Ladr. e cant. de calcário e granito,OUT,96.4,cife2019_MATERIAIS.xls
2019,M06,Ladr. e cant. de calcário e granito,NOV,96.4,cife2019_MATERIAIS.xls
2019,M06,Ladr. e cant. de calcário e granito,DEZ,95.2,cife2019_MATERIAIS.xls
2019,M07,Telhas cerâmicas,JAN,122.5,cife2019_MATERIAIS.xls
2019,M07,Telhas cerâmicas,FEV,118.7,cife2019_MATERIAIS.xls
2019,M07,Telhas cerâmicas,MAR,121.6,cife2019_MATERIAIS.xls
2019,M07,Telhas cerâmicas,ABR,120.4,cife2019_MATERIAIS.xls
2019,M07,Telhas cerâmicas,MAI,121.1,cife2019_MATERIAIS.xls
2019,M07,Telhas cerâmicas,JUN,125.6,cife2019_MATERIAIS.xls
2019,M07,Telhas cerâmicas,JUL,126.4,cife2019_MATERIAIS.xls
2019,M07,Telhas cerâmicas,AGO,136.6,cife2019_MATERIAIS.xls
2019,M07,Telhas cerâmicas,SET,137.9,cife2019_MATERIAIS.xls
2019,M07,Telhas cerâmicas,OUT,135.8,cife2019_MATERIAIS.xls
2019,M07,Telhas cerâmicas,NOV,134.3,cife2019_MATERIAIS.xls
2019,M07,Telhas cerâmicas,DEZ,135.6,cife2019_MATERIAIS.xls
2019,M08,Tijolos cerâmicos,JAN,94.5,cife2019_MATERIAIS.xls
2019,M08,Tijolos cerâmicos,FEV,94.1,cife2019_MATERIAIS.xls
2019,M08,Tijolos cerâmicos,MAR,94.5,cife2019_MATERIAIS.xls
2019,M08,Tijolos cerâmicos,ABR,94.3,cife2019_MATERIAIS.xls
2019,M08,Tijolos cerâmicos,MAI,94.6,cife2019_MATERIAIS.xls
2019,M08,Tijolos cerâmicos,JUN,94.8,cife2019_MATERIAIS.xls
2019,M08,Tijolos cerâmicos,JUL,94.9,cife2019_MATERIAIS.xls
2019,M08,Tijolos cerâmicos,AGO,95.1,cife2019_MATERIAIS.xls
2019,M08,Tijolos cerâmicos,SET,95.1,cife2019_MATERIAIS.xls
2019,M08,Tijolos cerâmicos,OUT,94.9,cife2019_MATERIAIS.xls
2019,M08,Tijolos cerâmicos,NOV,94.9,cife2019_MATERIAIS.xls
2019,M08,Tijolos cerâmicos,DEZ,95.1,cife2019_MATERIAIS.xls
2019,M09,Produtos Cerâmicos Vermelhos,JAN,98.0,cife2019_MATERIAIS.xls
2019,M09,Produtos Cerâmicos Vermelhos,FEV,96.5,cife2019_MATERIAIS.xls
2019,M09,Produtos Cerâmicos Vermelhos,MAR,97.6,cife2019_MATERIAIS.xls
2019,M09,Produtos Cerâmicos Vermelhos,ABR,97.2,cife2019_MATERIAIS.xls
2019,M09,Produtos Cerâmicos Vermelhos,MAI,97.6,cife2019_MATERIAIS.xls
2019,M09,Produtos Cerâmicos Vermelhos,JUN,99.1,cife2019_MATERIAIS.xls
2019,M09,Produtos Cerâmicos Vermelhos,JUL,99.4,cife2019_MATERIAIS.xls
2019,M09,Produtos Cerâmicos Vermelhos,AGO,101.1,cife2019_MATERIAIS.xls
2019,M09,Produtos Cerâmicos Vermelhos,SET,101.4,cife2019_MATERIAIS.xls
2019,M09,Produtos Cerâmicos Vermelhos,OUT,100.9,cife2019_MATERIAIS.xls
2019,M09,Produtos Cerâmicos Vermelhos,NOV,100.7,cife2019_MATERIAIS.xls
2019,M09,Produtos Cerâmicos Vermelhos,DEZ,100.8,cife2019_MATERIAIS.xls
2019,M10,Azulejos e Mosaicos,JAN,89.5,cife2019_MATERIAIS.xls
2019,M10,Azulejos e Mosaicos,FEV,89.5,cife2019_MATERIAIS.xls
2019,M10,Azulejos e Mosaicos,MAR,89.2,cife2019_MATERIAIS.xls
2019,M10,Azulejos e Mosaicos,ABR,89.3,cife2019_MATERIAIS.xls
2019,M10,Azulejos e Mosaicos,MAI,89.3,cife2019_MATERIAIS.xls
2019,M10,Azulejos e Mosaicos,JUN,89.1,cife2019_MATERIAIS.xls
2019,M10,Azulejos e Mosaicos,JUL,89.1,cife2019_MATERIAIS.xls
2019,M10,Azulejos e Mosaicos,AGO,89.2,cife2019_MATERIAIS.xls
2019,M10,Azulejos e Mosaicos,SET,89.0,cife2019_MATERIAIS.xls
2019,M10,Azulejos e Mosaicos,OUT,89.2,cife2019_MATERIAIS.xls
2019,M10,Azulejos e Mosaicos,NOV,89.2,cife2019_MATERIAIS.xls
2019,M10,Azulejos e Mosaicos,DEZ,87.8,cife2019_MATERIAIS.xls
2019,M12,Aço em Varão e Perfilados,JAN,274.8,cife2019_MATERIAIS.xls
2019,M12,Aço em Varão e Perfilados,FEV,274.8,cife2019_MATERIAIS.xls
2019,M12,Aço em Varão e Perfilados,MAR,275.8,cife2019_MATERIAIS.xls
2019,M12,Aço em Varão e Perfilados,ABR,266.7,cife2019_MATERIAIS.xls
2019,M12,Aço em Varão e Perfilados,MAI,267.8,cife2019_MATERIAIS.xls
2019,M12,Aço em Varão e Perfilados,JUN,262.2,cife2019_MATERIAIS.xls
2019,M12,Aço em Varão e Perfilados,JUL,256.2,cife2019_MATERIAIS.xls
2019,M12,Aço em Varão e Perfilados,AGO,251.7,cife2019_MATERIAIS.xls
2019,M12,Aço em Varão e Perfilados,SET,251.7,cife2019_MATERIAIS.xls
2019,M12,Aço em Varão e Perfilados,OUT,245.7,cife2019_MATERIAIS.xls
2019,M12,Aço em Varão e Perfilados,NOV,249.9,cife2019_MATERIAIS.xls
2019,M12,Aço em Varão e Perfilados,DEZ,257.0,cife2019_MATERIAIS.xls
2019,M13,Chapa de Aço Macio,JAN,147.2,cife2019_MATERIAIS.xls
2019,M13,Chapa de Aço Macio,FEV,147.2,cife2019_MATERIAIS.xls
2019,M13,Chapa de Aço Macio,MAR,148.1,cife2019_MATERIAIS.xls
2019,M13,Chapa de Aço Macio,ABR,144.5,cife2019_MATERIAIS.xls
2019,M13,Chapa de Aço Macio,MAI,147.8,cife2019_MATERIAIS.xls
2019,M13,Chapa de Aço Macio,JUN,146.1,cife2019_MATERIAIS.xls
2019,M13,Chapa de Aço Macio,JUL,144.5,cife2019_MATERIAIS.xls
2019,M13,Chapa de Aço Macio,AGO,142.8,cife2019_MATERIAIS.xls
2019,M13,Chapa de Aço Macio,SET,142.8,cife2019_MATERIAIS.xls
2019,M13,Chapa de Aço Macio,OUT,140.9,cife2019_MATERIAIS.xls
2019,M13,Chapa de Aço Macio,NOV,140.4,cife2019_MATERIAIS.xls
2019,M13,Chapa de Aço Macio,DEZ,140.3,cife2019_MATERIAIS.xls
2019,M14,Rede electrossoldada,JAN,185.1,cife2019_MATERIAIS.xls
2019,M14,Rede electrossoldada,FEV,185.1,cife2019_MATERIAIS.xls
2019,M14,Rede electrossoldada,MAR,186.3,cife2019_MATERIAIS.xls
2019,M14,Rede electrossoldada,ABR,185.6,cife2019_MATERIAIS.xls
2019,M14,Rede electrossoldada,MAI,180.8,cife2019_MATERIAIS.xls
2019,M14,Rede electrossoldada,JUN,180.0,cife2019_MATERIAIS.xls
2019,M14,Rede electrossoldada,JUL,174.3,cife2019_MATERIAIS.xls
2019,M14,Rede electrossoldada,AGO,173.9,cife2019_MATERIAIS.xls
2019,M14,Rede electrossoldada,SET,173.9,cife2019_MATERIAIS.xls
2019,M14,Rede electrossoldada,OUT,173.9,cife2019_MATERIAIS.xls
2019,M14,Rede electrossoldada,NOV,173.9,cife2019_MATERIAIS.xls
2019,M14,Rede electrossoldada,DEZ,173.9,cife2019_MATERIAIS.xls
2019,M15,Chapa de aço galvanizada,JAN,147.1,cife2019_MATERIAIS.xls
2019,M15,Chapa de aço galvanizada,FEV,147.1,cife2019_MATERIAIS.xls
2019,M15,Chapa de aço galvanizada,MAR,148.1,cife2019_MATERIAIS.xls
2019,M15,Chapa de aço galvanizada,ABR,142.8,cife2019_MATERIAIS.xls
2019,M15,Chapa de aço galvanizada,MAI,143.7,cife2019_MATERIAIS.xls
2019,M15,Chapa de aço galvanizada,JUN,143.7,cife2019_MATERIAIS.xls
2019,M15,Chapa de aço galvanizada,JUL,144.8,cife2019_MATERIAIS.xls
2019,M15,Chapa de aço galvanizada,AGO,141.9,cife2019_MATERIAIS.xls
2019,M15,Chapa de aço galvanizada,SET,141.9,cife2019_MATERIAIS.xls
2019,M15,Chapa de aço galvanizada,OUT,140.0,cife2019_MATERIAIS.xls
2019,M15,Chapa de aço galvanizada,NOV,139.4,cife2019_MATERIAIS.xls
2019,M15,Chapa de aço galvanizada,DEZ,139.4,cife2019_MATERIAIS.xls
2019,M16,Fio de Cobre Nu,JAN,260.7,cife2019_MATERIAIS.xls
2019,M16,Fio de Cobre Nu,FEV,258.2,cife2019_MATERIAIS.xls
2019,M16,Fio de Cobre Nu,MAR,267.2,cife2019_MATERIAIS.xls
2019,M16,Fio de Cobre Nu,ABR,267.9,cife2019_MATERIAIS.xls
2019,M16,Fio de Cobre Nu,MAI,267.4,cife2019_MATERIAIS.xls
2019,M16,Fio de Cobre Nu,JUN,261.5,cife2019_MATERIAIS.xls
2019,M16,Fio de Cobre Nu,JUL,259.6,cife2019_MATERIAIS.xls
2019,M16,Fio de Cobre Nu,AGO,260.0,cife2019_MATERIAIS.xls
2019,M16,Fio de Cobre Nu,SET,257.9,cife2019_MATERIAIS.xls
2019,M16,Fio de Cobre Nu,OUT,259.5,cife2019_MATERIAIS.xls
2019,M16,Fio de Cobre Nu,NOV,258.6,cife2019_MATERIAIS.xls
2019,M16,Fio de Cobre Nu,DEZ,261.2,cife2019_MATERIAIS.xls
2019,M17,Fio de cobre revestido,JAN,216.0,cife2019_MATERIAIS.xls
2019,M17,Fio de cobre revestido,FEV,213.9,cife2019_MATERIAIS.xls
2019,M17,Fio de cobre revestido,MAR,221.4,cife2019_MATERIAIS.xls
2019,M17,Fio de cobre revestido,ABR,221.9,cife2019_MATERIAIS.xls
2019,M17,Fio de cobre revestido,MAI,221.5,cife2019_MATERIAIS.xls
2019,M17,Fio de cobre revestido,JUN,216.6,cife2019_MATERIAIS.xls
2019,M17,Fio de cobre revestido,JUL,215.1,cife2019_MATERIAIS.xls
2019,M17,Fio de cobre revestido,AGO,215.5,cife2019_MATERIAIS.xls
2019,M17,Fio de cobre revestido,SET,213.8,cife2019_MATERIAIS.xls
2019,M17,Fio de cobre revestido,OUT,215.0,cife2019_MATERIAIS.xls
2019,M17,Fio de cobre revestido,NOV,214.4,cife2019_MATERIAIS.xls
2019,M17,Fio de cobre revestido,DEZ,216.4,cife2019_MATERIAIS.xls
2019,M18,Betumes a Granel,JAN,356.8,cife2019_MATERIAIS.xls
2019,M18,Betumes a Granel,FEV,364.4,cife2019_MATERIAIS.xls
2019,M18,Betumes a Granel,MAR,405.6,cife2019_MATERIAIS.xls
2019,M18,Betumes a Granel,ABR,414.5,cife2019_MATERIAIS.xls
2019,M18,Betumes a Granel,MAI,428.3,cife2019_MATERIAIS.xls
2019,M18,Betumes a Granel,JUN,426.6,cife2019_MATERIAIS.xls
2019,M18,Betumes a Granel,JUL,406.0,cife2019_MATERIAIS.xls
2019,M18,Betumes a Granel,AGO,422.4,cife2019_MATERIAIS.xls
2019,M18,Betumes a Granel,SET,385.3,cife2019_MATERIAIS.xls
2019,M18,Betumes a Granel,OUT,406.5,cife2019_MATERIAIS.xls
2019,M18,Betumes a Granel,NOV,383.4,cife2019_MATERIAIS.xls
2019,M18,Betumes a Granel,DEZ,399.5,cife2019_MATERIAIS.xls
2019,M19,Betumes em Tambores,JAN,461.2,cife2019_MATERIAIS.xls
2019,M19,Betumes em Tambores,FEV,462.6,cife2019_MATERIAIS.xls
2019,M19,Betumes em Tambores,MAR,478.6,cife2019_MATERIAIS.xls
2019,M19,Betumes em Tambores,ABR,486.4,cife2019_MATERIAIS.xls
2019,M19,Betumes em Tambores,MAI,502.6,cife2019_MATERIAIS.xls
2019,M19,Betumes em Tambores,JUN,518.4,cife2019_MATERIAIS.xls
2019,M19,Betumes em Tambores,JUL,516.7,cife2019_MATERIAIS.xls
2019,M19,Betumes em Tambores,AGO,528.1,cife2019_MATERIAIS.xls
2019,M19,Betumes em Tambores,SET,487.5,cife2019_MATERIAIS.xls
2019,M19,Betumes em Tambores,OUT,508.9,cife2019_MATERIAIS.xls
2019,M19,Betumes em Tambores,NOV,489.1,cife2019_MATERIAIS.xls
2019,M19,Betumes em Tambores,DEZ,493.0,cife2019_MATERIAIS.xls
2019,M20,Cimento em saco,JAN,156.3,cife2019_MATERIAIS.xls
2019,M20,Cimento em saco,FEV,156.2,cife2019_MATERIAIS.xls
2019,M20,Cimento em saco,MAR,156.1,cife2019_MATERIAIS.xls
2019,M20,Cimento em saco,ABR,153.2,cife2019_MATERIAIS.xls
2019,M20,Cimento em saco,MAI,156.2,cife2019_MATERIAIS.xls
2019,M20,Cimento em saco,JUN,156.2,cife2019_MATERIAIS.xls
2019,M20,Cimento em saco,JUL,156.0,cife2019_MATERIAIS.xls
2019,M20,Cimento em saco,AGO,156.1,cife2019_MATERIAIS.xls
2019,M20,Cimento em saco,SET,156.1,cife2019_MATERIAIS.xls
2019,M20,Cimento em saco,OUT,155.6,cife2019_MATERIAIS.xls
2019,M20,Cimento em saco,NOV,156.3,cife2019_MATERIAIS.xls
2019,M20,Cimento em saco,DEZ,156.3,cife2019_MATERIAIS.xls
2019,M21,Explosivos,JAN,159.0,cife2019_MATERIAIS.xls
2019,M21,Explosivos,FEV,159.0,cife2019_MATERIAIS.xls
2019,M21,Explosivos,MAR,159.0,cife2019_MATERIAIS.xls
2019,M21,Explosivos,ABR,159.0,cife2019_MATERIAIS.xls
2019,M21,Explosivos,MAI,159.0,cife2019_MATERIAIS.xls
2019,M21,Explosivos,JUN,159.8,cife2019_MATERIAIS.xls
2019,M21,Explosivos,JUL,159.8,cife2019_MATERIAIS.xls
2019,M21,Explosivos,AGO,160.7,cife2019_MATERIAIS.xls
2019,M21,Explosivos,SET,160.7,cife2019_MATERIAIS.xls
2019,M21,Explosivos,OUT,161.6,cife2019_MATERIAIS.xls
2019,M21,Explosivos,NOV,166.4,cife2019_MATERIAIS.xls
2019,M21,Explosivos,DEZ,166.4,cife2019_MATERIAIS.xls
2019,M22,Gasóleo,JAN,294.1,cife2019_MATERIAIS.xls
2019,M22,Gasóleo,FEV,294.1,cife2019_MATERIAIS.xls
2019,M22,Gasóleo,MAR,305.8,cife2019_MATERIAIS.xls
2019,M22,Gasóleo,ABR,308.3,cife2019_MATERIAIS.xls
2019,M22,Gasóleo,MAI,312.6,cife2019_MATERIAIS.xls
2019,M22,Gasóleo,JUN,301.5,cife2019_MATERIAIS.xls
2019,M22,Gasóleo,JUL,302.2,cife2019_MATERIAIS.xls
2019,M22,Gasóleo,AGO,300.9,cife2019_MATERIAIS.xls
2019,M22,Gasóleo,SET,304.6,cife2019_MATERIAIS.xls
2019,M22,Gasóleo,OUT,307.3,cife2019_MATERIAIS.xls
2019,M22,Gasóleo,NOV,306.1,cife2019_MATERIAIS.xls
2019,M22,Gasóleo,DEZ,307.8,cife2019_MATERIAIS.xls
2019,M23,Vidro,JAN,92.8,cife2019_MATERIAIS.xls
2019,M23,Vidro,FEV,87.6,cife2019_MATERIAIS.xls
2019,M23,Vidro,MAR,88.9,cife2019_MATERIAIS.xls
2019,M23,Vidro,ABR,85.8,cife2019_MATERIAIS.xls
2019,M23,Vidro,MAI,85.0,cife2019_MATERIAIS.xls
2019,M23,Vidro,JUN,85.1,cife2019_MATERIAIS.xls
2019,M23,Vidro,JUL,84.3,cife2019_MATERIAIS.xls
2019,M23,Vidro,AGO,85.1,cife2019_MATERIAIS.xls
2019,M23,Vidro,SET,84.5,cife2019_MATERIAIS.xls
2019,M23,Vidro,OUT,83.4,cife2019_MATERIAIS.xls
2019,M23,Vidro,NOV,81.4,cife2019_MATERIAIS.xls
2019,M23,Vidro,DEZ,81.8,cife2019_MATERIAIS.xls
2019,M24,Madeiras de Pinho,JAN,165.7,cife2019_MATERIAIS.xls
2019,M24,Madeiras de Pinho,FEV,165.7,cife2019_MATERIAIS.xls
2019,M24,Madeiras de Pinho,MAR,165.7,cife2019_MATERIAIS.xls
2019,M24,Madeiras de Pinho,ABR,165.7,cife2019_MATERIAIS.xls
2019,M24,Madeiras de Pinho,MAI,165.7,cife2019_MATERIAIS.xls
2019,M24,Madeiras de Pinho,JUN,165.7,cife2019_MATERIAIS.xls
2019,M24,Madeiras de Pinho,JUL,165.7,cife2019_MATERIAIS.xls
2019,M24,Madeiras de Pinho,AGO,165.7,cife2019_MATERIAIS.xls
2019,M24,Madeiras de Pinho,SET,165.7,cife2019_MATERIAIS.xls
2019,M24,Madeiras de Pinho,OUT,167.0,cife2019_MATERIAIS.xls
2019,M24,Madeiras de Pinho,NOV,167.0,cife2019_MATERIAIS.xls
2019,M24,Madeiras de Pinho,DEZ,167.5,cife2019_MATERIAIS.xls
2019,M25,Madeiras Especiais ou Exóticas,JAN,150.3,cife2019_MATERIAIS.xls
2019,M25,Madeiras Especiais ou Exóticas,FEV,150.3,cife2019_MATERIAIS.xls
2019,M25,Madeiras Especiais ou Exóticas,MAR,150.3,cife2019_MATERIAIS.xls
2019,M25,Madeiras Especiais ou Exóticas,ABR,150.3,cife2019_MATERIAIS.xls
2019,M25,Madeiras Especiais ou Exóticas,MAI,150.3,cife2019_MATERIAIS.xls
2019,M25,Madeiras Especiais ou Exóticas,JUN,150.3,cife2019_MATERIAIS.xls
2019,M25,Madeiras Especiais ou Exóticas,JUL,150.3,cife2019_MATERIAIS.xls
2019,M25,Madeiras Especiais ou Exóticas,AGO,150.3,cife2019_MATERIAIS.xls
2019,M25,Madeiras Especiais ou Exóticas,SET,150.3,cife2019_MATERIAIS.xls
2019,M25,Madeiras Especiais ou Exóticas,OUT,150.3,cife2019_MATERIAIS.xls
2019,M25,Madeiras Especiais ou Exóticas,NOV,150.3,cife2019_MATERIAIS.xls
2019,M25,Madeiras Especiais ou Exóticas,DEZ,150.3,cife2019_MATERIAIS.xls
2019,M26,Derivados de madeira,JAN,128.1,cife2019_MATERIAIS.xls
2019,M26,Derivados de madeira,FEV,128.4,cife2019_MATERIAIS.xls
2019,M26,Derivados de madeira,MAR,127.3,cife2019_MATERIAIS.xls
2019,M26,Derivados de madeira,ABR,125.2,cife2019_MATERIAIS.xls
2019,M26,Derivados de madeira,MAI,125.0,cife2019_MATERIAIS.xls
2019,M26,Derivados de madeira,JUN,123.9,cife2019_MATERIAIS.xls
2019,M26,Derivados de madeira,JUL,120.7,cife2019_MATERIAIS.xls
2019,M26,Derivados de madeira,AGO,126.3,cife2019_MATERIAIS.xls
2019,M26,Derivados de madeira,SET,121.2,cife2019_MATERIAIS.xls
2019,M26,Derivados de madeira,OUT,126.0,cife2019_MATERIAIS.xls
2019,M26,Derivados de madeira,NOV,123.2,cife2019_MATERIAIS.xls
2019,M26,Derivados de madeira,DEZ,123.6,cife2019_MATERIAIS.xls
2019,M27,Aglomerado negro de cortiça,JAN,174.1,cife2019_MATERIAIS.xls
2019,M27,Aglomerado negro de cortiça,FEV,174.1,cife2019_MATERIAIS.xls
2019,M27,Aglomerado negro de cortiça,MAR,174.1,cife2019_MATERIAIS.xls
2019,M27,Aglomerado negro de cortiça,ABR,174.1,cife2019_MATERIAIS.xls
2019,M27,Aglomerado negro de cortiça,MAI,174.1,cife2019_MATERIAIS.xls
2019,M27,Aglomerado negro de cortiça,JUN,174.1,cife2019_MATERIAIS.xls
2019,M27,Aglomerado negro de cortiça,JUL,174.1,cife2019_MATERIAIS.xls
2019,M27,Aglomerado negro de cortiça,AGO,174.1,cife2019_MATERIAIS.xls
2019,M27,Aglomerado negro de cortiça,SET,174.1,cife2019_MATERIAIS.xls
2019,M27,Aglomerado negro de cortiça,OUT,174.1,cife2019_MATERIAIS.xls
2019,M27,Aglomerado negro de cortiça,NOV,174.1,cife2019_MATERIAIS.xls
2019,M27,Aglomerado negro de cortiça,DEZ,174.1,cife2019_MATERIAIS.xls
2019,M28,Ladrilho de cortiça,JAN,108.6,cife2019_MATERIAIS.xls
2019,M28,Ladrilho de cortiça,FEV,108.6,cife2019_MATERIAIS.xls
2019,M28,Ladrilho de cortiça,MAR,108.6,cife2019_MATERIAIS.xls
2019,M28,Ladrilho de cortiça,ABR,108.6,cife2019_MATERIAIS.xls
2019,M28,Ladrilho de cortiça,MAI,108.6,cife2019_MATERIAIS.xls
2019,M28,Ladrilho de cortiça,JUN,108.6,cife2019_MATERIAIS.xls
2019,M28,Ladrilho de cortiça,JUL,108.5,cife2019_MATERIAIS.xls
2019,M28,Ladrilho de cortiça,AGO,108.5,cife2019_MATERIAIS.xls
2019,M28,Ladrilho de cortiça,SET,108.5,cife2019_MATERIAIS.xls
2019,M28,Ladrilho de cortiça,OUT,108.5,cife2019_MATERIAIS.xls
2019,M28,Ladrilho de cortiça,NOV,108.5,cife2019_MATERIAIS.xls
2019,M28,Ladrilho de cortiça,DEZ,108.5,cife2019_MATERIAIS.xls
2019,M29,Tintas para construção civil,JAN,300.6,cife2019_MATERIAIS.xls
2019,M29,Tintas para construção civil,FEV,307.8,cife2019_MATERIAIS.xls
2019,M29,Tintas para construção civil,MAR,307.8,cife2019_MATERIAIS.xls
2019,M29,Tintas para construção civil,ABR,307.8,cife2019_MATERIAIS.xls
2019,M29,Tintas para construção civil,MAI,307.8,cife2019_MATERIAIS.xls
2019,M29,Tintas para construção civil,JUN,307.8,cife2019_MATERIAIS.xls
2019,M29,Tintas para construção civil,JUL,307.8,cife2019_MATERIAIS.xls
2019,M29,Tintas para construção civil,AGO,307.8,cife2019_MATERIAIS.xls
2019,M29,Tintas para construção civil,SET,307.8,cife2019_MATERIAIS.xls
2019,M29,Tintas para construção civil,OUT,307.8,cife2019_MATERIAIS.xls
2019,M29,Tintas para construção civil,NOV,307.8,cife2019_MATERIAIS.xls
2019,M29,Tintas para construção civil,DEZ,307.8,cife2019_MATERIAIS.xls
2019,M30,Tintas para estradas,JAN,285.8,cife2019_MATERIAIS.xls
2019,M30,Tintas para estradas,FEV,286.0,cife2019_MATERIAIS.xls
2019,M30,Tintas para estradas,MAR,286.0,cife2019_MATERIAIS.xls
2019,M30,Tintas para estradas,ABR,286.0,cife2019_MATERIAIS.xls
2019,M30,Tintas para estradas,MAI,286.0,cife2019_MATERIAIS.xls
2019,M30,Tintas para estradas,JUN,286.0,cife2019_MATERIAIS.xls
2019,M30,Tintas para estradas,JUL,286.0,cife2019_MATERIAIS.xls
2019,M30,Tintas para estradas,AGO,286.0,cife2019_MATERIAIS.xls
2019,M30,Tintas para estradas,SET,286.0,cife2019_MATERIAIS.xls
2019,M30,Tintas para estradas,OUT,286.0,cife2019_MATERIAIS.xls
2019,M30,Tintas para estradas,NOV,286.0,cife2019_MATERIAIS.xls
2019,M30,Tintas para estradas,DEZ,286.0,cife2019_MATERIAIS.xls
2019,M31,Membrana betuminosa,JAN,258.9,cife2019_MATERIAIS.xls
2019,M31,Membrana betuminosa,FEV,258.9,cife2019_MATERIAIS.xls
2019,M31,Membrana betuminosa,MAR,258.9,cife2019_MATERIAIS.xls
2019,M31,Membrana betuminosa,ABR,258.9,cife2019_MATERIAIS.xls
2019,M31,Membrana betuminosa,MAI,258.9,cife2019_MATERIAIS.xls
2019,M31,Membrana betuminosa,JUN,258.9,cife2019_MATERIAIS.xls
2019,M31,Membrana betuminosa,JUL,258.9,cife2019_MATERIAIS.xls
2019,M31,Membrana betuminosa,AGO,258.9,cife2019_MATERIAIS.xls
2019,M31,Membrana betuminosa,SET,258.9,cife2019_MATERIAIS.xls
2019,M31,Membrana betuminosa,OUT,258.9,cife2019_MATERIAIS.xls
2019,M31,Membrana betuminosa,NOV,258.9,cife2019_MATERIAIS.xls
2019,M31,Membrana betuminosa,DEZ,258.9,cife2019_MATERIAIS.xls
2019,M32,Tubo de PVC,JAN,123.8,cife2019_MATERIAIS.xls
2019,M32,Tubo de PVC,FEV,123.8,cife2019_MATERIAIS.xls
2019,M32,Tubo de PVC,MAR,123.8,cife2019_MATERIAIS.xls
2019,M32,Tubo de PVC,ABR,123.8,cife2019_MATERIAIS.xls
2019,M32,Tubo de PVC,MAI,123.8,cife2019_MATERIAIS.xls
2019,M32,Tubo de PVC,JUN,127.2,cife2019_MATERIAIS.xls
2019,M32,Tubo de PVC,JUL,128.8,cife2019_MATERIAIS.xls
2019,M32,Tubo de PVC,AGO,130.5,cife2019_MATERIAIS.xls
2019,M32,Tubo de PVC,SET,130.5,cife2019_MATERIAIS.xls
2019,M32,Tubo de PVC,OUT,128.9,cife2019_MATERIAIS.xls
2019,M32,Tubo de PVC,NOV,128.9,cife2019_MATERIAIS.xls
2019,M32,Tubo de PVC,DEZ,128.9,cife2019_MATERIAIS.xls
2019,M33,Tubo de PVC p/ instalações elétricas,JAN,172.5,cife2019_MATERIAIS.xls
2019,M33,Tubo de PVC p/ instalações elétricas,FEV,172.5,cife2019_MATERIAIS.xls
2019,M33,Tubo de PVC p/ instalações elétricas,MAR,172.5,cife2019_MATERIAIS.xls
2019,M33,Tubo de PVC p/ instalações elétricas,ABR,172.5,cife2019_MATERIAIS.xls
2019,M33,Tubo de PVC p/ instalações elétricas,MAI,172.5,cife2019_MATERIAIS.xls
2019,M33,Tubo de PVC p/ instalações elétricas,JUN,172.5,cife2019_MATERIAIS.xls
2019,M33,Tubo de PVC p/ instalações elétricas,JUL,172.5,cife2019_MATERIAIS.xls
2019,M33,Tubo de PVC p/ instalações elétricas,AGO,172.5,cife2019_MATERIAIS.xls
2019,M33,Tubo de PVC p/ instalações elétricas,SET,172.5,cife2019_MATERIAIS.xls
2019,M33,Tubo de PVC p/ instalações elétricas,OUT,172.5,cife2019_MATERIAIS.xls
2019,M33,Tubo de PVC p/ instalações elétricas,NOV,172.5,cife2019_MATERIAIS.xls
2019,M33,Tubo de PVC p/ instalações elétricas,DEZ,172.5,cife2019_MATERIAIS.xls
2019,M34,Blocos de betão normal,JAN,111.7,cife2019_MATERIAIS.xls
2019,M34,Blocos de betão normal,FEV,111.7,cife2019_MATERIAIS.xls
2019,M34,Blocos de betão normal,MAR,111.7,cife2019_MATERIAIS.xls
2019,M34,Blocos de betão normal,ABR,111.7,cife2019_MATERIAIS.xls
2019,M34,Blocos de betão normal,MAI,111.7,cife2019_MATERIAIS.xls
2019,M34,Blocos de betão normal,JUN,111.7,cife2019_MATERIAIS.xls
2019,M34,Blocos de betão normal,JUL,111.7,cife2019_MATERIAIS.xls
2019,M34,Blocos de betão normal,AGO,111.7,cife2019_MATERIAIS.xls
2019,M34,Blocos de betão normal,SET,111.7,cife2019_MATERIAIS.xls
2019,M34,Blocos de betão normal,OUT,111.7,cife2019_MATERIAIS.xls
2019,M34,Blocos de betão normal,NOV,111.7,cife2019_MATERIAIS.xls
2019,M34,Blocos de betão normal,DEZ,111.7,cife2019_MATERIAIS.xls
2019,M35,Manilhas de betão,JAN,152.6,cife2019_MATERIAIS.xls
2019,M35,Manilhas de betão,FEV,152.6,cife2019_MATERIAIS.xls
2019,M35,Manilhas de betão,MAR,152.6,cife2019_MATERIAIS.xls
2019,M35,Manilhas de betão,ABR,152.6,cife2019_MATERIAIS.xls
2019,M35,Manilhas de betão,MAI,153.1,cife2019_MATERIAIS.xls
2019,M35,Manilhas de betão,JUN,153.1,cife2019_MATERIAIS.xls
2019,M35,Manilhas de betão,JUL,153.1,cife2019_MATERIAIS.xls
2019,M35,Manilhas de betão,AGO,153.1,cife2019_MATERIAIS.xls
2019,M35,Manilhas de betão,SET,153.1,cife2019_MATERIAIS.xls
2019,M35,Manilhas de betão,OUT,153.1,cife2019_MATERIAIS.xls
2019,M35,Manilhas de betão,NOV,153.1,cife2019_MATERIAIS.xls
2019,M35,Manilhas de betão,DEZ,153.1,cife2019_MATERIAIS.xls
2019,M36,Tubagem de fibrocimento,JAN,157.9,cife2019_MATERIAIS.xls
2019,M36,Tubagem de fibrocimento,FEV,157.9,cife2019_MATERIAIS.xls
2019,M36,Tubagem de fibrocimento,MAR,157.9,cife2019_MATERIAIS.xls
2019,M36,Tubagem de fibrocimento,ABR,157.9,cife2019_MATERIAIS.xls
2019,M36,Tubagem de fibrocimento,MAI,157.9,cife2019_MATERIAIS.xls
2019,M36,Tubagem de fibrocimento,JUN,157.9,cife2019_MATERIAIS.xls
2019,M36,Tubagem de fibrocimento,JUL,157.9,cife2019_MATERIAIS.xls
2019,M36,Tubagem de fibrocimento,AGO,157.9,cife2019_MATERIAIS.xls
2019,M36,Tubagem de fibrocimento,SET,157.9,cife2019_MATERIAIS.xls
2019,M36,Tubagem de fibrocimento,OUT,157.9,cife2019_MATERIAIS.xls
2019,M36,Tubagem de fibrocimento,NOV,157.9,cife2019_MATERIAIS.xls
2019,M36,Tubagem de fibrocimento,DEZ,157.9,cife2019_MATERIAIS.xls
2019,M37,Chapa de fibrocimento (1),JAN,236.3,cife2019_MATERIAIS.xls
2019,M37,Chapa de fibrocimento (1),FEV,236.3,cife2019_MATERIAIS.xls
2019,M37,Chapa de fibrocimento (1),MAR,236.3,cife2019_MATERIAIS.xls
2019,M37,Chapa de fibrocimento (1),ABR,236.3,cife2019_MATERIAIS.xls
2019,M37,Chapa de fibrocimento (1),MAI,236.3,cife2019_MATERIAIS.xls
2019,M37,Chapa de fibrocimento (1),JUN,236.3,cife2019_MATERIAIS.xls
2019,M37,Chapa de fibrocimento (1),JUL,236.3,cife2019_MATERIAIS.xls
2019,M37,Chapa de fibrocimento (1),AGO,236.3,cife2019_MATERIAIS.xls
2019,M37,Chapa de fibrocimento (1),SET,236.3,cife2019_MATERIAIS.xls
2019,M37,Chapa de fibrocimento (1),OUT,236.3,cife2019_MATERIAIS.xls
2019,M37,Chapa de fibrocimento (1),NOV,236.3,cife2019_MATERIAIS.xls
2019,M37,Chapa de fibrocimento (1),DEZ,236.3,cife2019_MATERIAIS.xls
2019,M39,Caixilharias em alumínio anodizado,JAN,146.7,cife2019_MATERIAIS.xls
2019,M39,Caixilharias em alumínio anodizado,FEV,146.7,cife2019_MATERIAIS.xls
2019,M39,Caixilharias em alumínio anodizado,MAR,146.7,cife2019_MATERIAIS.xls
2019,M39,Caixilharias em alumínio anodizado,ABR,146.1,cife2019_MATERIAIS.xls
2019,M39,Caixilharias em alumínio anodizado,MAI,145.8,cife2019_MATERIAIS.xls
2019,M39,Caixilharias em alumínio anodizado,JUN,145.4,cife2019_MATERIAIS.xls
2019,M39,Caixilharias em alumínio anodizado,JUL,146.0,cife2019_MATERIAIS.xls
2019,M39,Caixilharias em alumínio anodizado,AGO,144.1,cife2019_MATERIAIS.xls
2019,M39,Caixilharias em alumínio anodizado,SET,143.5,cife2019_MATERIAIS.xls
2019,M39,Caixilharias em alumínio anodizado,OUT,143.5,cife2019_MATERIAIS.xls
2019,M39,Caixilharias em alumínio anodizado,NOV,143.5,cife2019_MATERIAIS.xls
2019,M39,Caixilharias em alumínio anodizado,DEZ,143.5,cife2019_MATERIAIS.xls
2019,M40,Caixilharias em alumínio termolacado,JAN,128.6,cife2019_MATERIAIS.xls
2019,M40,Caixilharias em alumínio termolacado,FEV,128.6,cife2019_MATERIAIS.xls
2019,M40,Caixilharias em alumínio termolacado,MAR,127.7,cife2019_MATERIAIS.xls
2019,M40,Caixilharias em alumínio termolacado,ABR,126.7,cife2019_MATERIAIS.xls
2019,M40,Caixilharias em alumínio termolacado,MAI,125.6,cife2019_MATERIAIS.xls
2019,M40,Caixilharias em alumínio termolacado,JUN,125.2,cife2019_MATERIAIS.xls
2019,M40,Caixilharias em alumínio termolacado,JUL,125.7,cife2019_MATERIAIS.xls
2019,M40,Caixilharias em alumínio termolacado,AGO,124.1,cife2019_MATERIAIS.xls
2019,M40,Caixilharias em alumínio termolacado,SET,124.0,cife2019_MATERIAIS.xls
2019,M40,Caixilharias em alumínio termolacado,OUT,124.0,cife2019_MATERIAIS.xls
2019,M40,Caixilharias em alumínio termolacado,NOV,124.0,cife2019_MATERIAIS.xls
2019,M40,Caixilharias em alumínio termolacado,DEZ,124.0,cife2019_MATERIAIS.xls
2019,M41,Pavimentos aligeirados de vigotas pré-esforçadas e blocos cerâmicos,JAN,142.6,cife2019_MATERIAIS.xls
2019,M41,Pavimentos aligeirados de vigotas pré-esforçadas e blocos cerâmicos,FEV,142.0,cife2019_MATERIAIS.xls
2019,M41,Pavimentos aligeirados de vigotas pré-esforçadas e blocos cerâmicos,MAR,143.4,cife2019_MATERIAIS.xls
2019,M41,Pavimentos aligeirados de vigotas pré-esforçadas e blocos cerâmicos,ABR,145.6,cife2019_MATERIAIS.xls
2019,M41,Pavimentos aligeirados de vigotas pré-esforçadas e blocos cerâmicos,MAI,145.0,cife2019_MATERIAIS.xls
2019,M41,Pavimentos aligeirados de vigotas pré-esforçadas e blocos cerâmicos,JUN,145.5,cife2019_MATERIAIS.xls
2019,M41,Pavimentos aligeirados de vigotas pré-esforçadas e blocos cerâmicos,JUL,142.7,cife2019_MATERIAIS.xls
2019,M41,Pavimentos aligeirados de vigotas pré-esforçadas e blocos cerâmicos,AGO,144.5,cife2019_MATERIAIS.xls
2019,M41,Pavimentos aligeirados de vigotas pré-esforçadas e blocos cerâmicos,SET,144.2,cife2019_MATERIAIS.xls
2019,M41,Pavimentos aligeirados de vigotas pré-esforçadas e blocos cerâmicos,OUT,144.2,cife2019_MATERIAIS.xls
2019,M41,Pavimentos aligeirados de vigotas pré-esforçadas e blocos cerâmicos,NOV,144.2,cife2019_MATERIAIS.xls
2019,M41,Pavimentos aligeirados de vigotas pré-esforçadas e blocos cerâmicos,DEZ,144.2,cife2019_MATERIAIS.xls
2019,M42,Tubagem de aço e aparelhos para canalizações,JAN,99.7,cife2019_MATERIAIS.xls
2019,M42,Tubagem de aço e aparelhos para canalizações,FEV,99.7,cife2019_MATERIAIS.xls
2019,M42,Tubagem de aço e aparelhos para canalizações,MAR,99.7,cife2019_MATERIAIS.xls
2019,M42,Tubagem de aço e aparelhos para canalizações,ABR,99.7,cife2019_MATERIAIS.xls
2019,M42,Tubagem de aço e aparelhos para canalizações,MAI,99.7,cife2019_MATERIAIS.xls
2019,M42,Tubagem de aço e aparelhos para canalizações,JUN,99.7,cife2019_MATERIAIS.xls
2019,M42,Tubagem de aço e aparelhos para canalizações,JUL,99.7,cife2019_MATERIAIS.xls
2019,M42,Tubagem de aço e aparelhos para canalizações,AGO,99.6,cife2019_MATERIAIS.xls
2019,M42,Tubagem de aço e aparelhos para canalizações,SET,105.5,cife2019_MATERIAIS.xls
2019,M42,Tubagem de aço e aparelhos para canalizações,OUT,105.5,cife2019_MATERIAIS.xls
2019,M42,Tubagem de aço e aparelhos para canalizações,NOV,105.5,cife2019_MATERIAIS.xls
2019,M42,Tubagem de aço e aparelhos para canalizações,DEZ,105.5,cife2019_MATERIAIS.xls
2019,M43,Aço para betão armado,JAN,167.4,cife2019_MATERIAIS.xls
2019,M43,Aço para betão armado,FEV,167.4,cife2019_MATERIAIS.xls
2019,M43,Aço para betão armado,MAR,167.4,cife2019_MATERIAIS.xls
2019,M43,Aço para betão armado,ABR,167.1,cife2019_MATERIAIS.xls
2019,M43,Aço para betão armado,MAI,167.3,cife2019_MATERIAIS.xls
2019,M43,Aço para betão armado,JUN,167.0,cife2019_MATERIAIS.xls
2019,M43,Aço para betão armado,JUL,167.0,cife2019_MATERIAIS.xls
2019,M43,Aço para betão armado,AGO,166.9,cife2019_MATERIAIS.xls
2019,M43,Aço para betão armado,SET,166.8,cife2019_MATERIAIS.xls
2019,M43,Aço para betão armado,OUT,166.8,cife2019_MATERIAIS.xls
2019,M43,Aço para betão armado,NOV,166.8,cife2019_MATERIAIS.xls
2019,M43,Aço para betão armado,DEZ,166.8,cife2019_MATERIAIS.xls
2019,M44,Aço para betão pré-esforçado,JAN,170.6,cife2019_MATERIAIS.xls
2019,M44,Aço para betão pré-esforçado,FEV,170.6,cife2019_MATERIAIS.xls
2019,M44,Aço para betão pré-esforçado,MAR,170.6,cife2019_MATERIAIS.xls
2019,M44,Aço para betão pré-esforçado,ABR,168.0,cife2019_MATERIAIS.xls
2019,M44,Aço para betão pré-esforçado,MAI,170.5,cife2019_MATERIAIS.xls
2019,M44,Aço para betão pré-esforçado,JUN,166.1,cife2019_MATERIAIS.xls
2019,M44,Aço para betão pré-esforçado,JUL,166.1,cife2019_MATERIAIS.xls
2019,M44,Aço para betão pré-esforçado,AGO,163.1,cife2019_MATERIAIS.xls
2019,M44,Aço para betão pré-esforçado,SET,164.0,cife2019_MATERIAIS.xls
2019,M44,Aço para betão pré-esforçado,OUT,164.0,cife2019_MATERIAIS.xls
2019,M44,Aço para betão pré-esforçado,NOV,164.0,cife2019_MATERIAIS.xls
2019,M44,Aço para betão pré-esforçado,DEZ,164.0,cife2019_MATERIAIS.xls
2019,M45,Perfilados pesados e ligeiros,JAN,178.7,cife2019_MATERIAIS.xls
2019,M45,Perfilados pesados e ligeiros,FEV,178.7,cife2019_MATERIAIS.xls
2019,M45,Perfilados pesados e ligeiros,MAR,178.7,cife2019_MATERIAIS.xls
2019,M45,Perfilados pesados e ligeiros,ABR,178.7,cife2019_MATERIAIS.xls
2019,M45,Perfilados pesados e ligeiros,MAI,178.7,cife2019_MATERIAIS.xls
2019,M45,Perfilados pesados e ligeiros,JUN,178.7,cife2019_MATERIAIS.xls
2019,M45,Perfilados pesados e ligeiros,JUL,178.7,cife2019_MATERIAIS.xls
2019,M45,Perfilados pesados e ligeiros,AGO,178.7,cife2019_MATERIAIS.xls
2019,M45,Perfilados pesados e ligeiros,SET,178.7,cife2019_MATERIAIS.xls
2019,M45,Perfilados pesados e ligeiros,OUT,178.7,cife2019_MATERIAIS.xls
2019,M45,Perfilados pesados e ligeiros,NOV,178.7,cife2019_MATERIAIS.xls
2019,M45,Perfilados pesados e ligeiros,DEZ,178.7,cife2019_MATERIAIS.xls
2019,M46,Produtos para instalações elétricas,JAN,163.9,cife2019_MATERIAIS.xls
2019,M46,Produtos para instalações elétricas,FEV,162.6,cife2019_MATERIAIS.xls
2019,M46,Produtos para instalações elétricas,MAR,166.6,cife2019_MATERIAIS.xls
2019,M46,Produtos para instalações elétricas,ABR,169.5,cife2019_MATERIAIS.xls
2019,M46,Produtos para instalações elétricas,MAI,169.3,cife2019_MATERIAIS.xls
2019,M46,Produtos para instalações elétricas,JUN,166.1,cife2019_MATERIAIS.xls
2019,M46,Produtos para instalações elétricas,JUL,165.9,cife2019_MATERIAIS.xls
2019,M46,Produtos para instalações elétricas,AGO,165.9,cife2019_MATERIAIS.xls
2019,M46,Produtos para instalações elétricas,SET,165.7,cife2019_MATERIAIS.xls
2019,M46,Produtos para instalações elétricas,OUT,165.7,cife2019_MATERIAIS.xls
2019,M46,Produtos para instalações elétricas,NOV,165.7,cife2019_MATERIAIS.xls
2019,M46,Produtos para instalações elétricas,DEZ,165.7,cife2019_MATERIAIS.xls
2019,M47,Produtos pré-fabricados de betão,JAN,99.2,cife2019_MATERIAIS.xls
2019,M47,Produtos pré-fabricados de betão,FEV,99.2,cife2019_MATERIAIS.xls
2019,M47,Produtos pré-fabricados de betão,MAR,99.2,cife2019_MATERIAIS.xls
2019,M47,Produtos pré-fabricados de betão,ABR,99.2,cife2019_MATERIAIS.xls
2019,M47,Produtos pré-fabricados de betão,MAI,99.3,cife2019_MATERIAIS.xls
2019,M47,Produtos pré-fabricados de betão,JUN,99.3,cife2019_MATERIAIS.xls
2019,M47,Produtos pré-fabricados de betão,JUL,98.7,cife2019_MATERIAIS.xls
2019,M47,Produtos pré-fabricados de betão,AGO,99.3,cife2019_MATERIAIS.xls
2019,M47,Produtos pré-fabricados de betão,SET,99.2,cife2019_MATERIAIS.xls
2019,M47,Produtos pré-fabricados de betão,OUT,99.2,cife2019_MATERIAIS.xls
2019,M47,Produtos pré-fabricados de betão,NOV,99.2,cife2019_MATERIAIS.xls
2019,M47,Produtos pré-fabricados de betão,DEZ,99.2,cife2019_MATERIAIS.xls
2019,M48,Produtos para ajardinamentos,JAN,113.2,cife2019_MATERIAIS.xls
2019,M48,Produtos para ajardinamentos,FEV,113.2,cife2019_MATERIAIS.xls
2019,M48,Produtos para ajardinamentos,MAR,114.8,cife2019_MATERIAIS.xls
2019,M48,Produtos para ajardinamentos,ABR,116.8,cife2019_MATERIAIS.xls
2019,M48,Produtos para ajardinamentos,MAI,116.8,cife2019_MATERIAIS.xls
2019,M48,Produtos para ajardinamentos,JUN,116.7,cife2019_MATERIAIS.xls
2019,M48,Produtos para ajardinamentos,JUL,116.7,cife2019_MATERIAIS.xls
2019,M48,Produtos para ajardinamentos,AGO,116.7,cife2019_MATERIAIS.xls
2019,M48,Produtos para ajardinamentos,SET,116.5,cife2019_MATERIAIS.xls
2019,M48,Produtos para ajardinamentos,OUT,116.5,cife2019_MATERIAIS.xls
2019,M48,Produtos para ajardinamentos,NOV,116.5,cife2019_MATERIAIS.xls
2019,M48,Produtos para ajardinamentos,DEZ,116.5,cife2019_MATERIAIS.xls
2019,M49,Geotêxteis,JAN,98.9,cife2019_MATERIAIS.xls
2019,M49,Geotêxteis,FEV,98.9,cife2019_MATERIAIS.xls
2019,M49,Geotêxteis,MAR,98.9,cife2019_MATERIAIS.xls
2019,M49,Geotêxteis,ABR,98.9,cife2019_MATERIAIS.xls
2019,M49,Geotêxteis,MAI,98.9,cife2019_MATERIAIS.xls
2019,M49,Geotêxteis,JUN,99.5,cife2019_MATERIAIS.xls
2019,M49,Geotêxteis,JUL,99.8,cife2019_MATERIAIS.xls
2019,M49,Geotêxteis,AGO,100.1,cife2019_MATERIAIS.xls
2019,M49,Geotêxteis,SET,100.1,cife2019_MATERIAIS.xls
2019,M49,Geotêxteis,OUT,100.1,cife2019_MATERIAIS.xls
2019,M49,Geotêxteis,NOV,100.1,cife2019_MATERIAIS.xls
2019,M49,Geotêxteis,DEZ,100.1,cife2019_MATERIAIS.xls
2019,M50,Tubos e Acessórios de Ferro Fundido e Aço,JAN,153.3,cife2019_MATERIAIS.xls
2019,M50,Tubos e Acessórios de Ferro Fundido e Aço,FEV,153.4,cife2019_MATERIAIS.xls
2019,M50,Tubos e Acessórios de Ferro Fundido e Aço,MAR,154.4,cife2019_MATERIAIS.xls
2019,M50,Tubos e Acessórios de Ferro Fundido e Aço,ABR,154.0,cife2019_MATERIAIS.xls
2019,M50,Tubos e Acessórios de Ferro Fundido e Aço,MAI,153.4,cife2019_MATERIAIS.xls
2019,M50,Tubos e Acessórios de Ferro Fundido e Aço,JUN,153.4,cife2019_MATERIAIS.xls
2019,M50,Tubos e Acessórios de Ferro Fundido e Aço,JUL,153.2,cife2019_MATERIAIS.xls
2019,M50,Tubos e Acessórios de Ferro Fundido e Aço,AGO,151.5,cife2019_MATERIAIS.xls
2019,M50,Tubos e Acessórios de Ferro Fundido e Aço,SET,151.5,cife2019_MATERIAIS.xls
2019,M50,Tubos e Acessórios de Ferro Fundido e Aço,OUT,151.5,cife2019_MATERIAIS.xls
2019,M50,Tubos e Acessórios de Ferro Fundido e Aço,NOV,151.5,cife2019_MATERIAIS.xls
2019,M50,Tubos e Acessórios de Ferro Fundido e Aço,DEZ,151.5,cife2019_MATERIAIS.xls
2019,M51,Tintas para Construções Metálicas,JAN,131.7,cife2019_MATERIAIS.xls
2019,M51,Tintas para Construções Metálicas,FEV,133.2,cife2019_MATERIAIS.xls
2019,M51,Tintas para Construções Metálicas,MAR,133.2,cife2019_MATERIAIS.xls
2019,M51,Tintas para Construções Metálicas,ABR,133.2,cife2019_MATERIAIS.xls
2019,M51,Tintas para Construções Metálicas,MAI,133.2,cife2019_MATERIAIS.xls
2019,M51,Tintas para Construções Metálicas,JUN,133.2,cife2019_MATERIAIS.xls
2019,M51,Tintas para Construções Metálicas,JUL,133.2,cife2019_MATERIAIS.xls
2019,M51,Tintas para Construções Metálicas,AGO,133.2,cife2019_MATERIAIS.xls
2019,M51,Tintas para Construções Metálicas,SET,133.2,cife2019_MATERIAIS.xls
2019,M51,Tintas para Construções Metálicas,OUT,133.2,cife2019_MATERIAIS.xls
2019,M51,Tintas para Construções Metálicas,NOV,133.2,cife2019_MATERIAIS.xls
2019,M51,Tintas para Construções Metálicas,DEZ,133.2,cife2019_MATERIAIS.xls
2020,M01,Britas,JAN,106.3,cife2020_MATERIAIS.xls
2020,M01,Britas,FEV,106.3,cife2020_MATERIAIS.xls
2020,M01,Britas,MAR,106.4,cife2020_MATERIAIS.xls
2020,M01,Britas,ABR,107.4,cife2020_MATERIAIS.xls
2020,M01,Britas,MAI,107.7,cife2020_MATERIAIS.xls
2020,M01,Britas,JUN,107.4,cife2020_MATERIAIS.xls
2020,M01,Britas,JUL,107.6,cife2020_MATERIAIS.xls
2020,M01,Britas,AGO,107.3,cife2020_MATERIAIS.xls
2020,M01,Britas,SET,107.6,cife2020_MATERIAIS.xls
2020,M01,Britas,OUT,107.8,cife2020_MATERIAIS.xls
2020,M01,Britas,NOV,108.0,cife2020_MATERIAIS.xls
2020,M01,Britas,DEZ,108.1,cife2020_MATERIAIS.xls
2020,M02,Areias,JAN,89.2,cife2020_MATERIAIS.xls
2020,M02,Areias,FEV,86.2,cife2020_MATERIAIS.xls
2020,M02,Areias,MAR,87.9,cife2020_MATERIAIS.xls
2020,M02,Areias,ABR,88.0,cife2020_MATERIAIS.xls
2020,M02,Areias,MAI,88.3,cife2020_MATERIAIS.xls
2020,M02,Areias,JUN,90.2,cife2020_MATERIAIS.xls
2020,M02,Areias,JUL,91.0,cife2020_MATERIAIS.xls
2020,M02,Areias,AGO,91.0,cife2020_MATERIAIS.xls
2020,M02,Areias,SET,91.1,cife2020_MATERIAIS.xls
2020,M02,Areias,OUT,91.4,cife2020_MATERIAIS.xls
2020,M02,Areias,NOV,91.4,cife2020_MATERIAIS.xls
2020,M02,Areias,DEZ,87.6,cife2020_MATERIAIS.xls
2020,M03,Inertes,JAN,100.2,cife2020_MATERIAIS.xls
2020,M03,Inertes,FEV,99.0,cife2020_MATERIAIS.xls
2020,M03,Inertes,MAR,99.7,cife2020_MATERIAIS.xls
2020,M03,Inertes,ABR,100.4,cife2020_MATERIAIS.xls
2020,M03,Inertes,MAI,100.6,cife2020_MATERIAIS.xls
2020,M03,Inertes,JUN,101.3,cife2020_MATERIAIS.xls
2020,M03,Inertes,JUL,101.7,cife2020_MATERIAIS.xls
2020,M03,Inertes,AGO,101.5,cife2020_MATERIAIS.xls
2020,M03,Inertes,SET,101.7,cife2020_MATERIAIS.xls
2020,M03,Inertes,OUT,102.0,cife2020_MATERIAIS.xls
2020,M03,Inertes,NOV,102.1,cife2020_MATERIAIS.xls
2020,M03,Inertes,DEZ,100.6,cife2020_MATERIAIS.xls
2020,M04,Ladrilhos de calcário e granito,JAN,94.5,cife2020_MATERIAIS.xls
2020,M04,Ladrilhos de calcário e granito,FEV,94.5,cife2020_MATERIAIS.xls
2020,M04,Ladrilhos de calcário e granito,MAR,94.5,cife2020_MATERIAIS.xls
2020,M04,Ladrilhos de calcário e granito,ABR,91.2,cife2020_MATERIAIS.xls
2020,M04,Ladrilhos de calcário e granito,MAI,88.0,cife2020_MATERIAIS.xls
2020,M04,Ladrilhos de calcário e granito,JUN,88.0,cife2020_MATERIAIS.xls
2020,M04,Ladrilhos de calcário e granito,JUL,84.5,cife2020_MATERIAIS.xls
2020,M04,Ladrilhos de calcário e granito,AGO,81.3,cife2020_MATERIAIS.xls
2020,M04,Ladrilhos de calcário e granito,SET,84.4,cife2020_MATERIAIS.xls
2020,M04,Ladrilhos de calcário e granito,OUT,84.4,cife2020_MATERIAIS.xls
2020,M04,Ladrilhos de calcário e granito,NOV,84.4,cife2020_MATERIAIS.xls
2020,M04,Ladrilhos de calcário e granito,DEZ,84.4,cife2020_MATERIAIS.xls
2020,M05,Cantarias de calcário e granito,JAN,111.1,cife2020_MATERIAIS.xls
2020,M05,Cantarias de calcário e granito,FEV,111.1,cife2020_MATERIAIS.xls
2020,M05,Cantarias de calcário e granito,MAR,111.1,cife2020_MATERIAIS.xls
2020,M05,Cantarias de calcário e granito,ABR,110.7,cife2020_MATERIAIS.xls
2020,M05,Cantarias de calcário e granito,MAI,110.4,cife2020_MATERIAIS.xls
2020,M05,Cantarias de calcário e granito,JUN,110.4,cife2020_MATERIAIS.xls
2020,M05,Cantarias de calcário e granito,JUL,110.4,cife2020_MATERIAIS.xls
2020,M05,Cantarias de calcário e granito,AGO,110.4,cife2020_MATERIAIS.xls
2020,M05,Cantarias de calcário e granito,SET,110.4,cife2020_MATERIAIS.xls
2020,M05,Cantarias de calcário e granito,OUT,110.4,cife2020_MATERIAIS.xls
2020,M05,Cantarias de calcário e granito,NOV,110.9,cife2020_MATERIAIS.xls
2020,M05,Cantarias de calcário e granito,DEZ,112.0,cife2020_MATERIAIS.xls
2020,M06,Ladr. e cant. de calcário e granito,JAN,95.3,cife2020_MATERIAIS.xls
2020,M06,Ladr. e cant. de calcário e granito,FEV,95.3,cife2020_MATERIAIS.xls
2020,M06,Ladr. e cant. de calcário e granito,MAR,95.3,cife2020_MATERIAIS.xls
2020,M06,Ladr. e cant. de calcário e granito,ABR,92.7,cife2020_MATERIAIS.xls
2020,M06,Ladr. e cant. de calcário e granito,MAI,90.2,cife2020_MATERIAIS.xls
2020,M06,Ladr. e cant. de calcário e granito,JUN,90.2,cife2020_MATERIAIS.xls
2020,M06,Ladr. e cant. de calcário e granito,JUL,87.5,cife2020_MATERIAIS.xls
2020,M06,Ladr. e cant. de calcário e granito,AGO,85.0,cife2020_MATERIAIS.xls
2020,M06,Ladr. e cant. de calcário e granito,SET,87.5,cife2020_MATERIAIS.xls
2020,M06,Ladr. e cant. de calcário e granito,OUT,87.5,cife2020_MATERIAIS.xls
2020,M06,Ladr. e cant. de calcário e granito,NOV,87.6,cife2020_MATERIAIS.xls
2020,M06,Ladr. e cant. de calcário e granito,DEZ,87.8,cife2020_MATERIAIS.xls
2020,M07,Telhas cerâmicas,JAN,141.2,cife2020_MATERIAIS.xls
2020,M07,Telhas cerâmicas,FEV,137.4,cife2020_MATERIAIS.xls
2020,M07,Telhas cerâmicas,MAR,136.2,cife2020_MATERIAIS.xls
2020,M07,Telhas cerâmicas,ABR,137.0,cife2020_MATERIAIS.xls
2020,M07,Telhas cerâmicas,MAI,137.3,cife2020_MATERIAIS.xls
2020,M07,Telhas cerâmicas,JUN,139.9,cife2020_MATERIAIS.xls
2020,M07,Telhas cerâmicas,JUL,137.7,cife2020_MATERIAIS.xls
2020,M07,Telhas cerâmicas,AGO,142.6,cife2020_MATERIAIS.xls
2020,M07,Telhas cerâmicas,SET,143.9,cife2020_MATERIAIS.xls
2020,M07,Telhas cerâmicas,OUT,143.1,cife2020_MATERIAIS.xls
2020,M07,Telhas cerâmicas,NOV,143.7,cife2020_MATERIAIS.xls
2020,M07,Telhas cerâmicas,DEZ,142.5,cife2020_MATERIAIS.xls
2020,M08,Tijolos cerâmicos,JAN,96.3,cife2020_MATERIAIS.xls
2020,M08,Tijolos cerâmicos,FEV,97.6,cife2020_MATERIAIS.xls
2020,M08,Tijolos cerâmicos,MAR,97.5,cife2020_MATERIAIS.xls
2020,M08,Tijolos cerâmicos,ABR,100.4,cife2020_MATERIAIS.xls
2020,M08,Tijolos cerâmicos,MAI,101.7,cife2020_MATERIAIS.xls
2020,M08,Tijolos cerâmicos,JUN,103.3,cife2020_MATERIAIS.xls
2020,M08,Tijolos cerâmicos,JUL,105.7,cife2020_MATERIAIS.xls
2020,M08,Tijolos cerâmicos,AGO,107.7,cife2020_MATERIAIS.xls
2020,M08,Tijolos cerâmicos,SET,107.1,cife2020_MATERIAIS.xls
2020,M08,Tijolos cerâmicos,OUT,107.3,cife2020_MATERIAIS.xls
2020,M08,Tijolos cerâmicos,NOV,106.5,cife2020_MATERIAIS.xls
2020,M08,Tijolos cerâmicos,DEZ,106.3,cife2020_MATERIAIS.xls
2020,M09,Produtos Cerâmicos Vermelhos,JAN,102.7,cife2020_MATERIAIS.xls
2020,M09,Produtos Cerâmicos Vermelhos,FEV,103.3,cife2020_MATERIAIS.xls
2020,M09,Produtos Cerâmicos Vermelhos,MAR,103.0,cife2020_MATERIAIS.xls
2020,M09,Produtos Cerâmicos Vermelhos,ABR,105.6,cife2020_MATERIAIS.xls
2020,M09,Produtos Cerâmicos Vermelhos,MAI,106.7,cife2020_MATERIAIS.xls
2020,M09,Produtos Cerâmicos Vermelhos,JUN,108.5,cife2020_MATERIAIS.xls
2020,M09,Produtos Cerâmicos Vermelhos,JUL,110.2,cife2020_MATERIAIS.xls
2020,M09,Produtos Cerâmicos Vermelhos,AGO,112.6,cife2020_MATERIAIS.xls
2020,M09,Produtos Cerâmicos Vermelhos,SET,112.3,cife2020_MATERIAIS.xls
2020,M09,Produtos Cerâmicos Vermelhos,OUT,112.3,cife2020_MATERIAIS.xls
2020,M09,Produtos Cerâmicos Vermelhos,NOV,111.8,cife2020_MATERIAIS.xls
2020,M09,Produtos Cerâmicos Vermelhos,DEZ,111.4,cife2020_MATERIAIS.xls
2020,M10,Azulejos e Mosaicos,JAN,87.2,cife2020_MATERIAIS.xls
2020,M10,Azulejos e Mosaicos,FEV,86.8,cife2020_MATERIAIS.xls
2020,M10,Azulejos e Mosaicos,MAR,85.5,cife2020_MATERIAIS.xls
2020,M10,Azulejos e Mosaicos,ABR,85.8,cife2020_MATERIAIS.xls
2020,M10,Azulejos e Mosaicos,MAI,86.3,cife2020_MATERIAIS.xls
2020,M10,Azulejos e Mosaicos,JUN,87.1,cife2020_MATERIAIS.xls
2020,M10,Azulejos e Mosaicos,JUL,87.7,cife2020_MATERIAIS.xls
2020,M10,Azulejos e Mosaicos,AGO,88.4,cife2020_MATERIAIS.xls
2020,M10,Azulejos e Mosaicos,SET,88.1,cife2020_MATERIAIS.xls
2020,M10,Azulejos e Mosaicos,OUT,89.1,cife2020_MATERIAIS.xls
2020,M10,Azulejos e Mosaicos,NOV,88.9,cife2020_MATERIAIS.xls
2020,M10,Azulejos e Mosaicos,DEZ,92.4,cife2020_MATERIAIS.xls
2020,M12,Aço em Varão e Perfilados,JAN,261.9,cife2020_MATERIAIS.xls
2020,M12,Aço em Varão e Perfilados,FEV,257.0,cife2020_MATERIAIS.xls
2020,M12,Aço em Varão e Perfilados,MAR,261.0,cife2020_MATERIAIS.xls
2020,M12,Aço em Varão e Perfilados,ABR,255.0,cife2020_MATERIAIS.xls
2020,M12,Aço em Varão e Perfilados,MAI,252.0,cife2020_MATERIAIS.xls
2020,M12,Aço em Varão e Perfilados,JUN,249.2,cife2020_MATERIAIS.xls
2020,M12,Aço em Varão e Perfilados,JUL,244.6,cife2020_MATERIAIS.xls
2020,M12,Aço em Varão e Perfilados,AGO,249.5,cife2020_MATERIAIS.xls
2020,M12,Aço em Varão e Perfilados,SET,251.0,cife2020_MATERIAIS.xls
2020,M12,Aço em Varão e Perfilados,OUT,251.1,cife2020_MATERIAIS.xls
2020,M12,Aço em Varão e Perfilados,NOV,250.1,cife2020_MATERIAIS.xls
2020,M12,Aço em Varão e Perfilados,DEZ,272.6,cife2020_MATERIAIS.xls
2020,M13,Chapa de Aço Macio,JAN,140.3,cife2020_MATERIAIS.xls
2020,M13,Chapa de Aço Macio,FEV,139.7,cife2020_MATERIAIS.xls
2020,M13,Chapa de Aço Macio,MAR,140.1,cife2020_MATERIAIS.xls
2020,M13,Chapa de Aço Macio,ABR,140.0,cife2020_MATERIAIS.xls
2020,M13,Chapa de Aço Macio,MAI,138.1,cife2020_MATERIAIS.xls
2020,M13,Chapa de Aço Macio,JUN,136.8,cife2020_MATERIAIS.xls
2020,M13,Chapa de Aço Macio,JUL,134.1,cife2020_MATERIAIS.xls
2020,M13,Chapa de Aço Macio,AGO,132.6,cife2020_MATERIAIS.xls
2020,M13,Chapa de Aço Macio,SET,136.5,cife2020_MATERIAIS.xls
2020,M13,Chapa de Aço Macio,OUT,138.3,cife2020_MATERIAIS.xls
2020,M13,Chapa de Aço Macio,NOV,139.3,cife2020_MATERIAIS.xls
2020,M13,Chapa de Aço Macio,DEZ,162.3,cife2020_MATERIAIS.xls
2020,M14,Rede electrossoldada,JAN,173.8,cife2020_MATERIAIS.xls
2020,M14,Rede electrossoldada,FEV,173.3,cife2020_MATERIAIS.xls
2020,M14,Rede electrossoldada,MAR,173.0,cife2020_MATERIAIS.xls
2020,M14,Rede electrossoldada,ABR,172.4,cife2020_MATERIAIS.xls
2020,M14,Rede electrossoldada,MAI,172.3,cife2020_MATERIAIS.xls
2020,M14,Rede electrossoldada,JUN,171.9,cife2020_MATERIAIS.xls
2020,M14,Rede electrossoldada,JUL,171.8,cife2020_MATERIAIS.xls
2020,M14,Rede electrossoldada,AGO,171.7,cife2020_MATERIAIS.xls
2020,M14,Rede electrossoldada,SET,171.7,cife2020_MATERIAIS.xls
2020,M14,Rede electrossoldada,OUT,171.8,cife2020_MATERIAIS.xls
2020,M14,Rede electrossoldada,NOV,172.5,cife2020_MATERIAIS.xls
2020,M14,Rede electrossoldada,DEZ,173.5,cife2020_MATERIAIS.xls
2020,M15,Chapa de aço galvanizada,JAN,139.5,cife2020_MATERIAIS.xls
2020,M15,Chapa de aço galvanizada,FEV,139.8,cife2020_MATERIAIS.xls
2020,M15,Chapa de aço galvanizada,MAR,138.6,cife2020_MATERIAIS.xls
2020,M15,Chapa de aço galvanizada,ABR,139.6,cife2020_MATERIAIS.xls
2020,M15,Chapa de aço galvanizada,MAI,138.8,cife2020_MATERIAIS.xls
2020,M15,Chapa de aço galvanizada,JUN,138.1,cife2020_MATERIAIS.xls
2020,M15,Chapa de aço galvanizada,JUL,137.3,cife2020_MATERIAIS.xls
2020,M15,Chapa de aço galvanizada,AGO,137.7,cife2020_MATERIAIS.xls
2020,M15,Chapa de aço galvanizada,SET,138.7,cife2020_MATERIAIS.xls
2020,M15,Chapa de aço galvanizada,OUT,138.8,cife2020_MATERIAIS.xls
2020,M15,Chapa de aço galvanizada,NOV,139.1,cife2020_MATERIAIS.xls
2020,M15,Chapa de aço galvanizada,DEZ,149.5,cife2020_MATERIAIS.xls
2020,M16,Fio de Cobre Nu,JAN,270.2,cife2020_MATERIAIS.xls
2020,M16,Fio de Cobre Nu,FEV,270.2,cife2020_MATERIAIS.xls
2020,M16,Fio de Cobre Nu,MAR,226.3,cife2020_MATERIAIS.xls
2020,M16,Fio de Cobre Nu,ABR,308.1,cife2020_MATERIAIS.xls
2020,M16,Fio de Cobre Nu,MAI,308.1,cife2020_MATERIAIS.xls
2020,M16,Fio de Cobre Nu,JUN,308.1,cife2020_MATERIAIS.xls
2020,M16,Fio de Cobre Nu,JUL,308.1,cife2020_MATERIAIS.xls
2020,M16,Fio de Cobre Nu,AGO,308.1,cife2020_MATERIAIS.xls
2020,M16,Fio de Cobre Nu,SET,308.1,cife2020_MATERIAIS.xls
2020,M16,Fio de Cobre Nu,OUT,308.1,cife2020_MATERIAIS.xls
2020,M16,Fio de Cobre Nu,NOV,308.1,cife2020_MATERIAIS.xls
2020,M16,Fio de Cobre Nu,DEZ,308.1,cife2020_MATERIAIS.xls
2020,M17,Fio de cobre revestido,JAN,218.6,cife2020_MATERIAIS.xls
2020,M17,Fio de cobre revestido,FEV,218.3,cife2020_MATERIAIS.xls
2020,M17,Fio de cobre revestido,MAR,213.8,cife2020_MATERIAIS.xls
2020,M17,Fio de cobre revestido,ABR,210.0,cife2020_MATERIAIS.xls
2020,M17,Fio de cobre revestido,MAI,207.3,cife2020_MATERIAIS.xls
2020,M17,Fio de cobre revestido,JUN,206.1,cife2020_MATERIAIS.xls
2020,M17,Fio de cobre revestido,JUL,212.2,cife2020_MATERIAIS.xls
2020,M17,Fio de cobre revestido,AGO,220.0,cife2020_MATERIAIS.xls
2020,M17,Fio de cobre revestido,SET,222.4,cife2020_MATERIAIS.xls
2020,M17,Fio de cobre revestido,OUT,224.2,cife2020_MATERIAIS.xls
2020,M17,Fio de cobre revestido,NOV,226.3,cife2020_MATERIAIS.xls
2020,M17,Fio de cobre revestido,DEZ,233.9,cife2020_MATERIAIS.xls
2020,M18,Betumes a Granel,JAN,420.7,cife2020_MATERIAIS.xls
2020,M18,Betumes a Granel,FEV,458.7,cife2020_MATERIAIS.xls
2020,M18,Betumes a Granel,MAR,429.2,cife2020_MATERIAIS.xls
2020,M18,Betumes a Granel,ABR,314.1,cife2020_MATERIAIS.xls
2020,M18,Betumes a Granel,MAI,274.2,cife2020_MATERIAIS.xls
2020,M18,Betumes a Granel,JUN,286.3,cife2020_MATERIAIS.xls
2020,M18,Betumes a Granel,JUL,312.0,cife2020_MATERIAIS.xls
2020,M18,Betumes a Granel,AGO,313.5,cife2020_MATERIAIS.xls
2020,M18,Betumes a Granel,SET,321.5,cife2020_MATERIAIS.xls
2020,M18,Betumes a Granel,OUT,312.3,cife2020_MATERIAIS.xls
2020,M18,Betumes a Granel,NOV,312.1,cife2020_MATERIAIS.xls
2020,M18,Betumes a Granel,DEZ,322.6,cife2020_MATERIAIS.xls
2020,M19,Betumes em Tambores,JAN,514.2,cife2020_MATERIAIS.xls
2020,M19,Betumes em Tambores,FEV,537.8,cife2020_MATERIAIS.xls
2020,M19,Betumes em Tambores,MAR,510.5,cife2020_MATERIAIS.xls
2020,M19,Betumes em Tambores,ABR,418.9,cife2020_MATERIAIS.xls
2020,M19,Betumes em Tambores,MAI,382.9,cife2020_MATERIAIS.xls
2020,M19,Betumes em Tambores,JUN,405.9,cife2020_MATERIAIS.xls
2020,M19,Betumes em Tambores,JUL,445.4,cife2020_MATERIAIS.xls
2020,M19,Betumes em Tambores,AGO,443.5,cife2020_MATERIAIS.xls
2020,M19,Betumes em Tambores,SET,454.3,cife2020_MATERIAIS.xls
2020,M19,Betumes em Tambores,OUT,454.3,cife2020_MATERIAIS.xls
2020,M19,Betumes em Tambores,NOV,454.3,cife2020_MATERIAIS.xls
2020,M19,Betumes em Tambores,DEZ,454.3,cife2020_MATERIAIS.xls
2020,M20,Cimento em saco,JAN,162.0,cife2020_MATERIAIS.xls
2020,M20,Cimento em saco,FEV,161.8,cife2020_MATERIAIS.xls
2020,M20,Cimento em saco,MAR,162.3,cife2020_MATERIAIS.xls
2020,M20,Cimento em saco,ABR,162.0,cife2020_MATERIAIS.xls
2020,M20,Cimento em saco,MAI,162.4,cife2020_MATERIAIS.xls
2020,M20,Cimento em saco,JUN,160.5,cife2020_MATERIAIS.xls
2020,M20,Cimento em saco,JUL,162.4,cife2020_MATERIAIS.xls
2020,M20,Cimento em saco,AGO,162.2,cife2020_MATERIAIS.xls
2020,M20,Cimento em saco,SET,160.9,cife2020_MATERIAIS.xls
2020,M20,Cimento em saco,OUT,162.1,cife2020_MATERIAIS.xls
2020,M20,Cimento em saco,NOV,161.8,cife2020_MATERIAIS.xls
2020,M20,Cimento em saco,DEZ,161.7,cife2020_MATERIAIS.xls
2020,M21,Explosivos,JAN,166.4,cife2020_MATERIAIS.xls
2020,M21,Explosivos,FEV,166.9,cife2020_MATERIAIS.xls
2020,M21,Explosivos,MAR,166.9,cife2020_MATERIAIS.xls
2020,M21,Explosivos,ABR,166.9,cife2020_MATERIAIS.xls
2020,M21,Explosivos,MAI,167.1,cife2020_MATERIAIS.xls
2020,M21,Explosivos,JUN,167.1,cife2020_MATERIAIS.xls
2020,M21,Explosivos,JUL,167.1,cife2020_MATERIAIS.xls
2020,M21,Explosivos,AGO,167.3,cife2020_MATERIAIS.xls
2020,M21,Explosivos,SET,168.5,cife2020_MATERIAIS.xls
2020,M21,Explosivos,OUT,168.8,cife2020_MATERIAIS.xls
2020,M21,Explosivos,NOV,168.7,cife2020_MATERIAIS.xls
2020,M21,Explosivos,DEZ,168.9,cife2020_MATERIAIS.xls
2020,M22,Gasóleo,JAN,316.5,cife2020_MATERIAIS.xls
2020,M22,Gasóleo,FEV,305.3,cife2020_MATERIAIS.xls
2020,M22,Gasóleo,MAR,288.6,cife2020_MATERIAIS.xls
2020,M22,Gasóleo,ABR,269.8,cife2020_MATERIAIS.xls
2020,M22,Gasóleo,MAI,261.8,cife2020_MATERIAIS.xls
2020,M22,Gasóleo,JUN,271.4,cife2020_MATERIAIS.xls
2020,M22,Gasóleo,JUL,279.2,cife2020_MATERIAIS.xls
2020,M22,Gasóleo,AGO,280.0,cife2020_MATERIAIS.xls
2020,M22,Gasóleo,SET,275.4,cife2020_MATERIAIS.xls
2020,M22,Gasóleo,OUT,274.2,cife2020_MATERIAIS.xls
2020,M22,Gasóleo,NOV,274.7,cife2020_MATERIAIS.xls
2020,M22,Gasóleo,DEZ,283.4,cife2020_MATERIAIS.xls
2020,M23,Vidro,JAN,81.7,cife2020_MATERIAIS.xls
2020,M23,Vidro,FEV,83.5,cife2020_MATERIAIS.xls
2020,M23,Vidro,MAR,83.4,cife2020_MATERIAIS.xls
2020,M23,Vidro,ABR,83.5,cife2020_MATERIAIS.xls
2020,M23,Vidro,MAI,83.5,cife2020_MATERIAIS.xls
2020,M23,Vidro,JUN,83.5,cife2020_MATERIAIS.xls
2020,M23,Vidro,JUL,83.5,cife2020_MATERIAIS.xls
2020,M23,Vidro,AGO,83.5,cife2020_MATERIAIS.xls
2020,M23,Vidro,SET,83.6,cife2020_MATERIAIS.xls
2020,M23,Vidro,OUT,83.7,cife2020_MATERIAIS.xls
2020,M23,Vidro,NOV,84.8,cife2020_MATERIAIS.xls
2020,M23,Vidro,DEZ,84.7,cife2020_MATERIAIS.xls
2020,M24,Madeiras de Pinho,JAN,167.5,cife2020_MATERIAIS.xls
2020,M24,Madeiras de Pinho,FEV,167.5,cife2020_MATERIAIS.xls
2020,M24,Madeiras de Pinho,MAR,179.2,cife2020_MATERIAIS.xls
2020,M24,Madeiras de Pinho,ABR,179.2,cife2020_MATERIAIS.xls
2020,M24,Madeiras de Pinho,MAI,179.2,cife2020_MATERIAIS.xls
2020,M24,Madeiras de Pinho,JUN,179.2,cife2020_MATERIAIS.xls
2020,M24,Madeiras de Pinho,JUL,179.2,cife2020_MATERIAIS.xls
2020,M24,Madeiras de Pinho,AGO,179.2,cife2020_MATERIAIS.xls
2020,M24,Madeiras de Pinho,SET,179.2,cife2020_MATERIAIS.xls
2020,M24,Madeiras de Pinho,OUT,179.2,cife2020_MATERIAIS.xls
2020,M24,Madeiras de Pinho,NOV,179.2,cife2020_MATERIAIS.xls
2020,M24,Madeiras de Pinho,DEZ,179.2,cife2020_MATERIAIS.xls
2020,M25,Madeiras Especiais ou Exóticas,JAN,150.3,cife2020_MATERIAIS.xls
2020,M25,Madeiras Especiais ou Exóticas,FEV,150.3,cife2020_MATERIAIS.xls
2020,M25,Madeiras Especiais ou Exóticas,MAR,150.3,cife2020_MATERIAIS.xls
2020,M25,Madeiras Especiais ou Exóticas,ABR,150.3,cife2020_MATERIAIS.xls
2020,M25,Madeiras Especiais ou Exóticas,MAI,150.3,cife2020_MATERIAIS.xls
2020,M25,Madeiras Especiais ou Exóticas,JUN,150.3,cife2020_MATERIAIS.xls
2020,M25,Madeiras Especiais ou Exóticas,JUL,150.3,cife2020_MATERIAIS.xls
2020,M25,Madeiras Especiais ou Exóticas,AGO,150.3,cife2020_MATERIAIS.xls
2020,M25,Madeiras Especiais ou Exóticas,SET,150.3,cife2020_MATERIAIS.xls
2020,M25,Madeiras Especiais ou Exóticas,OUT,150.3,cife2020_MATERIAIS.xls
2020,M25,Madeiras Especiais ou Exóticas,NOV,150.3,cife2020_MATERIAIS.xls
2020,M25,Madeiras Especiais ou Exóticas,DEZ,150.3,cife2020_MATERIAIS.xls
2020,M26,Derivados de madeira,JAN,124.0,cife2020_MATERIAIS.xls
2020,M26,Derivados de madeira,FEV,123.6,cife2020_MATERIAIS.xls
2020,M26,Derivados de madeira,MAR,125.2,cife2020_MATERIAIS.xls
2020,M26,Derivados de madeira,ABR,124.5,cife2020_MATERIAIS.xls
2020,M26,Derivados de madeira,MAI,126.9,cife2020_MATERIAIS.xls
2020,M26,Derivados de madeira,JUN,127.2,cife2020_MATERIAIS.xls
2020,M26,Derivados de madeira,JUL,127.1,cife2020_MATERIAIS.xls
2020,M26,Derivados de madeira,AGO,128.4,cife2020_MATERIAIS.xls
2020,M26,Derivados de madeira,SET,125.3,cife2020_MATERIAIS.xls
2020,M26,Derivados de madeira,OUT,125.2,cife2020_MATERIAIS.xls
2020,M26,Derivados de madeira,NOV,123.5,cife2020_MATERIAIS.xls
2020,M26,Derivados de madeira,DEZ,121.0,cife2020_MATERIAIS.xls
2020,M27,Aglomerado negro de cortiça,JAN,170.5,cife2020_MATERIAIS.xls
2020,M27,Aglomerado negro de cortiça,FEV,171.3,cife2020_MATERIAIS.xls
2020,M27,Aglomerado negro de cortiça,MAR,171.2,cife2020_MATERIAIS.xls
2020,M27,Aglomerado negro de cortiça,ABR,169.3,cife2020_MATERIAIS.xls
2020,M27,Aglomerado negro de cortiça,MAI,166.6,cife2020_MATERIAIS.xls
2020,M27,Aglomerado negro de cortiça,JUN,168.7,cife2020_MATERIAIS.xls
2020,M27,Aglomerado negro de cortiça,JUL,171.0,cife2020_MATERIAIS.xls
2020,M27,Aglomerado negro de cortiça,AGO,171.1,cife2020_MATERIAIS.xls
2020,M27,Aglomerado negro de cortiça,SET,172.6,cife2020_MATERIAIS.xls
2020,M27,Aglomerado negro de cortiça,OUT,168.4,cife2020_MATERIAIS.xls
2020,M27,Aglomerado negro de cortiça,NOV,170.6,cife2020_MATERIAIS.xls
2020,M27,Aglomerado negro de cortiça,DEZ,169.3,cife2020_MATERIAIS.xls
2020,M28,Ladrilho de cortiça,JAN,111.6,cife2020_MATERIAIS.xls
2020,M28,Ladrilho de cortiça,FEV,109.9,cife2020_MATERIAIS.xls
2020,M28,Ladrilho de cortiça,MAR,110.0,cife2020_MATERIAIS.xls
2020,M28,Ladrilho de cortiça,ABR,109.5,cife2020_MATERIAIS.xls
2020,M28,Ladrilho de cortiça,MAI,111.2,cife2020_MATERIAIS.xls
2020,M28,Ladrilho de cortiça,JUN,109.6,cife2020_MATERIAIS.xls
2020,M28,Ladrilho de cortiça,JUL,119.0,cife2020_MATERIAIS.xls
2020,M28,Ladrilho de cortiça,AGO,122.3,cife2020_MATERIAIS.xls
2020,M28,Ladrilho de cortiça,SET,121.9,cife2020_MATERIAIS.xls
2020,M28,Ladrilho de cortiça,OUT,118.5,cife2020_MATERIAIS.xls
2020,M28,Ladrilho de cortiça,NOV,118.5,cife2020_MATERIAIS.xls
2020,M28,Ladrilho de cortiça,DEZ,118.0,cife2020_MATERIAIS.xls
2020,M29,Tintas para construção civil,JAN,307.7,cife2020_MATERIAIS.xls
2020,M29,Tintas para construção civil,FEV,307.6,cife2020_MATERIAIS.xls
2020,M29,Tintas para construção civil,MAR,310.4,cife2020_MATERIAIS.xls
2020,M29,Tintas para construção civil,ABR,309.8,cife2020_MATERIAIS.xls
2020,M29,Tintas para construção civil,MAI,310.7,cife2020_MATERIAIS.xls
2020,M29,Tintas para construção civil,JUN,310.6,cife2020_MATERIAIS.xls
2020,M29,Tintas para construção civil,JUL,310.3,cife2020_MATERIAIS.xls
2020,M29,Tintas para construção civil,AGO,310.3,cife2020_MATERIAIS.xls
2020,M29,Tintas para construção civil,SET,310.3,cife2020_MATERIAIS.xls
2020,M29,Tintas para construção civil,OUT,310.4,cife2020_MATERIAIS.xls
2020,M29,Tintas para construção civil,NOV,310.4,cife2020_MATERIAIS.xls
2020,M29,Tintas para construção civil,DEZ,310.4,cife2020_MATERIAIS.xls
2020,M30,Tintas para estradas,JAN,282.9,cife2020_MATERIAIS.xls
2020,M30,Tintas para estradas,FEV,286.9,cife2020_MATERIAIS.xls
2020,M30,Tintas para estradas,MAR,275.5,cife2020_MATERIAIS.xls
2020,M30,Tintas para estradas,ABR,266.9,cife2020_MATERIAIS.xls
2020,M30,Tintas para estradas,MAI,266.4,cife2020_MATERIAIS.xls
2020,M30,Tintas para estradas,JUN,270.0,cife2020_MATERIAIS.xls
2020,M30,Tintas para estradas,JUL,271.3,cife2020_MATERIAIS.xls
2020,M30,Tintas para estradas,AGO,263.4,cife2020_MATERIAIS.xls
2020,M30,Tintas para estradas,SET,262.8,cife2020_MATERIAIS.xls
2020,M30,Tintas para estradas,OUT,252.4,cife2020_MATERIAIS.xls
2020,M30,Tintas para estradas,NOV,257.8,cife2020_MATERIAIS.xls
2020,M30,Tintas para estradas,DEZ,247.4,cife2020_MATERIAIS.xls
2020,M31,Membrana betuminosa,JAN,260.7,cife2020_MATERIAIS.xls
2020,M31,Membrana betuminosa,FEV,256.1,cife2020_MATERIAIS.xls
2020,M31,Membrana betuminosa,MAR,254.4,cife2020_MATERIAIS.xls
2020,M31,Membrana betuminosa,ABR,251.8,cife2020_MATERIAIS.xls
2020,M31,Membrana betuminosa,MAI,251.8,cife2020_MATERIAIS.xls
2020,M31,Membrana betuminosa,JUN,251.8,cife2020_MATERIAIS.xls
2020,M31,Membrana betuminosa,JUL,244.8,cife2020_MATERIAIS.xls
2020,M31,Membrana betuminosa,AGO,241.6,cife2020_MATERIAIS.xls
2020,M31,Membrana betuminosa,SET,241.6,cife2020_MATERIAIS.xls
2020,M31,Membrana betuminosa,OUT,241.6,cife2020_MATERIAIS.xls
2020,M31,Membrana betuminosa,NOV,241.6,cife2020_MATERIAIS.xls
2020,M31,Membrana betuminosa,DEZ,241.6,cife2020_MATERIAIS.xls
2020,M32,Tubo de PVC,JAN,129.0,cife2020_MATERIAIS.xls
2020,M32,Tubo de PVC,FEV,129.4,cife2020_MATERIAIS.xls
2020,M32,Tubo de PVC,MAR,128.1,cife2020_MATERIAIS.xls
2020,M32,Tubo de PVC,ABR,128.1,cife2020_MATERIAIS.xls
2020,M32,Tubo de PVC,MAI,126.0,cife2020_MATERIAIS.xls
2020,M32,Tubo de PVC,JUN,127.4,cife2020_MATERIAIS.xls
2020,M32,Tubo de PVC,JUL,125.1,cife2020_MATERIAIS.xls
2020,M32,Tubo de PVC,AGO,125.8,cife2020_MATERIAIS.xls
2020,M32,Tubo de PVC,SET,127.5,cife2020_MATERIAIS.xls
2020,M32,Tubo de PVC,OUT,126.6,cife2020_MATERIAIS.xls
2020,M32,Tubo de PVC,NOV,126.0,cife2020_MATERIAIS.xls
2020,M32,Tubo de PVC,DEZ,125.8,cife2020_MATERIAIS.xls
2020,M33,Tubo de PVC p/ instalações elétricas,JAN,174.3,cife2020_MATERIAIS.xls
2020,M33,Tubo de PVC p/ instalações elétricas,FEV,169.3,cife2020_MATERIAIS.xls
2020,M33,Tubo de PVC p/ instalações elétricas,MAR,164.9,cife2020_MATERIAIS.xls
2020,M33,Tubo de PVC p/ instalações elétricas,ABR,165.1,cife2020_MATERIAIS.xls
2020,M33,Tubo de PVC p/ instalações elétricas,MAI,165.0,cife2020_MATERIAIS.xls
2020,M33,Tubo de PVC p/ instalações elétricas,JUN,167.3,cife2020_MATERIAIS.xls
2020,M33,Tubo de PVC p/ instalações elétricas,JUL,169.3,cife2020_MATERIAIS.xls
2020,M33,Tubo de PVC p/ instalações elétricas,AGO,172.9,cife2020_MATERIAIS.xls
2020,M33,Tubo de PVC p/ instalações elétricas,SET,168.9,cife2020_MATERIAIS.xls
2020,M33,Tubo de PVC p/ instalações elétricas,OUT,170.7,cife2020_MATERIAIS.xls
2020,M33,Tubo de PVC p/ instalações elétricas,NOV,170.9,cife2020_MATERIAIS.xls
2020,M33,Tubo de PVC p/ instalações elétricas,DEZ,165.6,cife2020_MATERIAIS.xls
2020,M34,Blocos de betão normal,JAN,112.1,cife2020_MATERIAIS.xls
2020,M34,Blocos de betão normal,FEV,112.0,cife2020_MATERIAIS.xls
2020,M34,Blocos de betão normal,MAR,113.6,cife2020_MATERIAIS.xls
2020,M34,Blocos de betão normal,ABR,113.5,cife2020_MATERIAIS.xls
2020,M34,Blocos de betão normal,MAI,114.1,cife2020_MATERIAIS.xls
2020,M34,Blocos de betão normal,JUN,113.7,cife2020_MATERIAIS.xls
2020,M34,Blocos de betão normal,JUL,113.7,cife2020_MATERIAIS.xls
2020,M34,Blocos de betão normal,AGO,113.8,cife2020_MATERIAIS.xls
2020,M34,Blocos de betão normal,SET,114.9,cife2020_MATERIAIS.xls
2020,M34,Blocos de betão normal,OUT,115.0,cife2020_MATERIAIS.xls
2020,M34,Blocos de betão normal,NOV,114.7,cife2020_MATERIAIS.xls
2020,M34,Blocos de betão normal,DEZ,115.1,cife2020_MATERIAIS.xls
2020,M35,Manilhas de betão,JAN,150.4,cife2020_MATERIAIS.xls
2020,M35,Manilhas de betão,FEV,151.9,cife2020_MATERIAIS.xls
2020,M35,Manilhas de betão,MAR,154.1,cife2020_MATERIAIS.xls
2020,M35,Manilhas de betão,ABR,151.5,cife2020_MATERIAIS.xls
2020,M35,Manilhas de betão,MAI,155.1,cife2020_MATERIAIS.xls
2020,M35,Manilhas de betão,JUN,154.9,cife2020_MATERIAIS.xls
2020,M35,Manilhas de betão,JUL,153.6,cife2020_MATERIAIS.xls
2020,M35,Manilhas de betão,AGO,153.7,cife2020_MATERIAIS.xls
2020,M35,Manilhas de betão,SET,157.3,cife2020_MATERIAIS.xls
2020,M35,Manilhas de betão,OUT,156.3,cife2020_MATERIAIS.xls
2020,M35,Manilhas de betão,NOV,158.7,cife2020_MATERIAIS.xls
2020,M35,Manilhas de betão,DEZ,158.8,cife2020_MATERIAIS.xls
2020,M36,Tubagem de fibrocimento,JAN,157.9,cife2020_MATERIAIS.xls
2020,M36,Tubagem de fibrocimento,FEV,157.9,cife2020_MATERIAIS.xls
2020,M36,Tubagem de fibrocimento,MAR,157.9,cife2020_MATERIAIS.xls
2020,M36,Tubagem de fibrocimento,ABR,157.9,cife2020_MATERIAIS.xls
2020,M36,Tubagem de fibrocimento,MAI,157.9,cife2020_MATERIAIS.xls
2020,M36,Tubagem de fibrocimento,JUN,157.9,cife2020_MATERIAIS.xls
2020,M36,Tubagem de fibrocimento,JUL,157.9,cife2020_MATERIAIS.xls
2020,M36,Tubagem de fibrocimento,AGO,157.9,cife2020_MATERIAIS.xls
2020,M36,Tubagem de fibrocimento,SET,157.9,cife2020_MATERIAIS.xls
2020,M36,Tubagem de fibrocimento,OUT,157.9,cife2020_MATERIAIS.xls
2020,M36,Tubagem de fibrocimento,NOV,157.9,cife2020_MATERIAIS.xls
2020,M36,Tubagem de fibrocimento,DEZ,157.9,cife2020_MATERIAIS.xls
2020,M37,Chapa de fibrocimento (1),JAN,236.3,cife2020_MATERIAIS.xls
2020,M37,Chapa de fibrocimento (1),FEV,236.3,cife2020_MATERIAIS.xls
2020,M37,Chapa de fibrocimento (1),MAR,236.3,cife2020_MATERIAIS.xls
2020,M37,Chapa de fibrocimento (1),ABR,236.3,cife2020_MATERIAIS.xls
2020,M37,Chapa de fibrocimento (1),MAI,236.3,cife2020_MATERIAIS.xls
2020,M37,Chapa de fibrocimento (1),JUN,236.3,cife2020_MATERIAIS.xls
2020,M37,Chapa de fibrocimento (1),JUL,236.3,cife2020_MATERIAIS.xls
2020,M37,Chapa de fibrocimento (1),AGO,236.3,cife2020_MATERIAIS.xls
2020,M37,Chapa de fibrocimento (1),SET,236.3,cife2020_MATERIAIS.xls
2020,M37,Chapa de fibrocimento (1),OUT,236.3,cife2020_MATERIAIS.xls
2020,M37,Chapa de fibrocimento (1),NOV,236.3,cife2020_MATERIAIS.xls
2020,M37,Chapa de fibrocimento (1),DEZ,236.3,cife2020_MATERIAIS.xls
2020,M39,Caixilharias em alumínio anodizado,JAN,143.5,cife2020_MATERIAIS.xls
2020,M39,Caixilharias em alumínio anodizado,FEV,143.5,cife2020_MATERIAIS.xls
2020,M39,Caixilharias em alumínio anodizado,MAR,143.5,cife2020_MATERIAIS.xls
2020,M39,Caixilharias em alumínio anodizado,ABR,143.5,cife2020_MATERIAIS.xls
2020,M39,Caixilharias em alumínio anodizado,MAI,143.5,cife2020_MATERIAIS.xls
2020,M39,Caixilharias em alumínio anodizado,JUN,143.5,cife2020_MATERIAIS.xls
2020,M39,Caixilharias em alumínio anodizado,JUL,143.5,cife2020_MATERIAIS.xls
2020,M39,Caixilharias em alumínio anodizado,AGO,143.5,cife2020_MATERIAIS.xls
2020,M39,Caixilharias em alumínio anodizado,SET,143.5,cife2020_MATERIAIS.xls
2020,M39,Caixilharias em alumínio anodizado,OUT,143.5,cife2020_MATERIAIS.xls
2020,M39,Caixilharias em alumínio anodizado,NOV,143.5,cife2020_MATERIAIS.xls
2020,M39,Caixilharias em alumínio anodizado,DEZ,143.5,cife2020_MATERIAIS.xls
2020,M40,Caixilharias em alumínio termolacado,JAN,124.0,cife2020_MATERIAIS.xls
2020,M40,Caixilharias em alumínio termolacado,FEV,124.0,cife2020_MATERIAIS.xls
2020,M40,Caixilharias em alumínio termolacado,MAR,124.0,cife2020_MATERIAIS.xls
2020,M40,Caixilharias em alumínio termolacado,ABR,124.0,cife2020_MATERIAIS.xls
2020,M40,Caixilharias em alumínio termolacado,MAI,124.0,cife2020_MATERIAIS.xls
2020,M40,Caixilharias em alumínio termolacado,JUN,124.0,cife2020_MATERIAIS.xls
2020,M40,Caixilharias em alumínio termolacado,JUL,124.0,cife2020_MATERIAIS.xls
2020,M40,Caixilharias em alumínio termolacado,AGO,124.0,cife2020_MATERIAIS.xls
2020,M40,Caixilharias em alumínio termolacado,SET,124.0,cife2020_MATERIAIS.xls
2020,M40,Caixilharias em alumínio termolacado,OUT,124.0,cife2020_MATERIAIS.xls
2020,M40,Caixilharias em alumínio termolacado,NOV,124.0,cife2020_MATERIAIS.xls
2020,M40,Caixilharias em alumínio termolacado,DEZ,124.0,cife2020_MATERIAIS.xls
2020,M41,Pavimentos aligeirados de vigotas pré-esforçadas e blocos cerâmicos,JAN,144.3,cife2020_MATERIAIS.xls
2020,M41,Pavimentos aligeirados de vigotas pré-esforçadas e blocos cerâmicos,FEV,144.9,cife2020_MATERIAIS.xls
2020,M41,Pavimentos aligeirados de vigotas pré-esforçadas e blocos cerâmicos,MAR,145.9,cife2020_MATERIAIS.xls
2020,M41,Pavimentos aligeirados de vigotas pré-esforçadas e blocos cerâmicos,ABR,146.1,cife2020_MATERIAIS.xls
2020,M41,Pavimentos aligeirados de vigotas pré-esforçadas e blocos cerâmicos,MAI,146.1,cife2020_MATERIAIS.xls
2020,M41,Pavimentos aligeirados de vigotas pré-esforçadas e blocos cerâmicos,JUN,145.9,cife2020_MATERIAIS.xls
2020,M41,Pavimentos aligeirados de vigotas pré-esforçadas e blocos cerâmicos,JUL,145.9,cife2020_MATERIAIS.xls
2020,M41,Pavimentos aligeirados de vigotas pré-esforçadas e blocos cerâmicos,AGO,146.2,cife2020_MATERIAIS.xls
2020,M41,Pavimentos aligeirados de vigotas pré-esforçadas e blocos cerâmicos,SET,146.2,cife2020_MATERIAIS.xls
2020,M41,Pavimentos aligeirados de vigotas pré-esforçadas e blocos cerâmicos,OUT,144.6,cife2020_MATERIAIS.xls
2020,M41,Pavimentos aligeirados de vigotas pré-esforçadas e blocos cerâmicos,NOV,144.9,cife2020_MATERIAIS.xls
2020,M41,Pavimentos aligeirados de vigotas pré-esforçadas e blocos cerâmicos,DEZ,145.4,cife2020_MATERIAIS.xls
2020,M42,Tubagem de aço e aparelhos para canalizações,JAN,106.2,cife2020_MATERIAIS.xls
2020,M42,Tubagem de aço e aparelhos para canalizações,FEV,106.1,cife2020_MATERIAIS.xls
2020,M42,Tubagem de aço e aparelhos para canalizações,MAR,105.8,cife2020_MATERIAIS.xls
2020,M42,Tubagem de aço e aparelhos para canalizações,ABR,106.2,cife2020_MATERIAIS.xls
2020,M42,Tubagem de aço e aparelhos para canalizações,MAI,106.5,cife2020_MATERIAIS.xls
2020,M42,Tubagem de aço e aparelhos para canalizações,JUN,106.8,cife2020_MATERIAIS.xls
2020,M42,Tubagem de aço e aparelhos para canalizações,JUL,107.3,cife2020_MATERIAIS.xls
2020,M42,Tubagem de aço e aparelhos para canalizações,AGO,107.4,cife2020_MATERIAIS.xls
2020,M42,Tubagem de aço e aparelhos para canalizações,SET,107.2,cife2020_MATERIAIS.xls
2020,M42,Tubagem de aço e aparelhos para canalizações,OUT,107.1,cife2020_MATERIAIS.xls
2020,M42,Tubagem de aço e aparelhos para canalizações,NOV,107.3,cife2020_MATERIAIS.xls
2020,M42,Tubagem de aço e aparelhos para canalizações,DEZ,107.1,cife2020_MATERIAIS.xls
2020,M43,Aço para betão armado,JAN,170.9,cife2020_MATERIAIS.xls
2020,M43,Aço para betão armado,FEV,163.8,cife2020_MATERIAIS.xls
2020,M43,Aço para betão armado,MAR,167.6,cife2020_MATERIAIS.xls
2020,M43,Aço para betão armado,ABR,161.8,cife2020_MATERIAIS.xls
2020,M43,Aço para betão armado,MAI,159.9,cife2020_MATERIAIS.xls
2020,M43,Aço para betão armado,JUN,157.4,cife2020_MATERIAIS.xls
2020,M43,Aço para betão armado,JUL,153.2,cife2020_MATERIAIS.xls
2020,M43,Aço para betão armado,AGO,159.5,cife2020_MATERIAIS.xls
2020,M43,Aço para betão armado,SET,161.3,cife2020_MATERIAIS.xls
2020,M43,Aço para betão armado,OUT,161.0,cife2020_MATERIAIS.xls
2020,M43,Aço para betão armado,NOV,159.9,cife2020_MATERIAIS.xls
2020,M43,Aço para betão armado,DEZ,179.9,cife2020_MATERIAIS.xls
2020,M44,Aço para betão pré-esforçado,JAN,162.3,cife2020_MATERIAIS.xls
2020,M44,Aço para betão pré-esforçado,FEV,162.3,cife2020_MATERIAIS.xls
2020,M44,Aço para betão pré-esforçado,MAR,162.3,cife2020_MATERIAIS.xls
2020,M44,Aço para betão pré-esforçado,ABR,161.2,cife2020_MATERIAIS.xls
2020,M44,Aço para betão pré-esforçado,MAI,161.2,cife2020_MATERIAIS.xls
2020,M44,Aço para betão pré-esforçado,JUN,161.2,cife2020_MATERIAIS.xls
2020,M44,Aço para betão pré-esforçado,JUL,161.2,cife2020_MATERIAIS.xls
2020,M44,Aço para betão pré-esforçado,AGO,161.2,cife2020_MATERIAIS.xls
2020,M44,Aço para betão pré-esforçado,SET,162.2,cife2020_MATERIAIS.xls
2020,M44,Aço para betão pré-esforçado,OUT,162.2,cife2020_MATERIAIS.xls
2020,M44,Aço para betão pré-esforçado,NOV,164.3,cife2020_MATERIAIS.xls
2020,M44,Aço para betão pré-esforçado,DEZ,165.4,cife2020_MATERIAIS.xls
2020,M45,Perfilados pesados e ligeiros,JAN,180.8,cife2020_MATERIAIS.xls
2020,M45,Perfilados pesados e ligeiros,FEV,182.1,cife2020_MATERIAIS.xls
2020,M45,Perfilados pesados e ligeiros,MAR,183.0,cife2020_MATERIAIS.xls
2020,M45,Perfilados pesados e ligeiros,ABR,181.6,cife2020_MATERIAIS.xls
2020,M45,Perfilados pesados e ligeiros,MAI,179.3,cife2020_MATERIAIS.xls
2020,M45,Perfilados pesados e ligeiros,JUN,178.4,cife2020_MATERIAIS.xls
2020,M45,Perfilados pesados e ligeiros,JUL,177.1,cife2020_MATERIAIS.xls
2020,M45,Perfilados pesados e ligeiros,AGO,176.7,cife2020_MATERIAIS.xls
2020,M45,Perfilados pesados e ligeiros,SET,176.6,cife2020_MATERIAIS.xls
2020,M45,Perfilados pesados e ligeiros,OUT,177.1,cife2020_MATERIAIS.xls
2020,M45,Perfilados pesados e ligeiros,NOV,177.3,cife2020_MATERIAIS.xls
2020,M45,Perfilados pesados e ligeiros,DEZ,184.9,cife2020_MATERIAIS.xls
2020,M46,Produtos para instalações elétricas,JAN,165.2,cife2020_MATERIAIS.xls
2020,M46,Produtos para instalações elétricas,FEV,170.6,cife2020_MATERIAIS.xls
2020,M46,Produtos para instalações elétricas,MAR,166.5,cife2020_MATERIAIS.xls
2020,M46,Produtos para instalações elétricas,ABR,164.5,cife2020_MATERIAIS.xls
2020,M46,Produtos para instalações elétricas,MAI,165.4,cife2020_MATERIAIS.xls
2020,M46,Produtos para instalações elétricas,JUN,168.3,cife2020_MATERIAIS.xls
2020,M46,Produtos para instalações elétricas,JUL,167.8,cife2020_MATERIAIS.xls
2020,M46,Produtos para instalações elétricas,AGO,169.2,cife2020_MATERIAIS.xls
2020,M46,Produtos para instalações elétricas,SET,169.9,cife2020_MATERIAIS.xls
2020,M46,Produtos para instalações elétricas,OUT,170.5,cife2020_MATERIAIS.xls
2020,M46,Produtos para instalações elétricas,NOV,171.5,cife2020_MATERIAIS.xls
2020,M46,Produtos para instalações elétricas,DEZ,172.1,cife2020_MATERIAIS.xls
2020,M47,Produtos pré-fabricados de betão,JAN,98.7,cife2020_MATERIAIS.xls
2020,M47,Produtos pré-fabricados de betão,FEV,99.2,cife2020_MATERIAIS.xls
2020,M47,Produtos pré-fabricados de betão,MAR,99.4,cife2020_MATERIAIS.xls
2020,M47,Produtos pré-fabricados de betão,ABR,99.4,cife2020_MATERIAIS.xls
2020,M47,Produtos pré-fabricados de betão,MAI,99.8,cife2020_MATERIAIS.xls
2020,M47,Produtos pré-fabricados de betão,JUN,99.5,cife2020_MATERIAIS.xls
2020,M47,Produtos pré-fabricados de betão,JUL,99.8,cife2020_MATERIAIS.xls
2020,M47,Produtos pré-fabricados de betão,AGO,99.9,cife2020_MATERIAIS.xls
2020,M47,Produtos pré-fabricados de betão,SET,100.6,cife2020_MATERIAIS.xls
2020,M47,Produtos pré-fabricados de betão,OUT,100.5,cife2020_MATERIAIS.xls
2020,M47,Produtos pré-fabricados de betão,NOV,101.0,cife2020_MATERIAIS.xls
2020,M47,Produtos pré-fabricados de betão,DEZ,101.1,cife2020_MATERIAIS.xls
2020,M48,Produtos para ajardinamentos,JAN,117.0,cife2020_MATERIAIS.xls
2020,M48,Produtos para ajardinamentos,FEV,115.5,cife2020_MATERIAIS.xls
2020,M48,Produtos para ajardinamentos,MAR,114.7,cife2020_MATERIAIS.xls
2020,M48,Produtos para ajardinamentos,ABR,115.8,cife2020_MATERIAIS.xls
2020,M48,Produtos para ajardinamentos,MAI,116.0,cife2020_MATERIAIS.xls
2020,M48,Produtos para ajardinamentos,JUN,115.8,cife2020_MATERIAIS.xls
2020,M48,Produtos para ajardinamentos,JUL,116.0,cife2020_MATERIAIS.xls
2020,M48,Produtos para ajardinamentos,AGO,115.9,cife2020_MATERIAIS.xls
2020,M48,Produtos para ajardinamentos,SET,116.6,cife2020_MATERIAIS.xls
2020,M48,Produtos para ajardinamentos,OUT,116.4,cife2020_MATERIAIS.xls
2020,M48,Produtos para ajardinamentos,NOV,116.2,cife2020_MATERIAIS.xls
2020,M48,Produtos para ajardinamentos,DEZ,114.7,cife2020_MATERIAIS.xls
2020,M49,Geotêxteis,JAN,99.2,cife2020_MATERIAIS.xls
2020,M49,Geotêxteis,FEV,98.7,cife2020_MATERIAIS.xls
2020,M49,Geotêxteis,MAR,98.7,cife2020_MATERIAIS.xls
2020,M49,Geotêxteis,ABR,98.0,cife2020_MATERIAIS.xls
2020,M49,Geotêxteis,MAI,97.7,cife2020_MATERIAIS.xls
2020,M49,Geotêxteis,JUN,97.7,cife2020_MATERIAIS.xls
2020,M49,Geotêxteis,JUL,97.7,cife2020_MATERIAIS.xls
2020,M49,Geotêxteis,AGO,97.7,cife2020_MATERIAIS.xls
2020,M49,Geotêxteis,SET,97.7,cife2020_MATERIAIS.xls
2020,M49,Geotêxteis,OUT,97.7,cife2020_MATERIAIS.xls
2020,M49,Geotêxteis,NOV,97.7,cife2020_MATERIAIS.xls
2020,M49,Geotêxteis,DEZ,97.7,cife2020_MATERIAIS.xls
2020,M50,Tubos e Acessórios de Ferro Fundido e Aço,JAN,152.3,cife2020_MATERIAIS.xls
2020,M50,Tubos e Acessórios de Ferro Fundido e Aço,FEV,150.0,cife2020_MATERIAIS.xls
2020,M50,Tubos e Acessórios de Ferro Fundido e Aço,MAR,151.0,cife2020_MATERIAIS.xls
2020,M50,Tubos e Acessórios de Ferro Fundido e Aço,ABR,151.9,cife2020_MATERIAIS.xls
2020,M50,Tubos e Acessórios de Ferro Fundido e Aço,MAI,152.6,cife2020_MATERIAIS.xls
2020,M50,Tubos e Acessórios de Ferro Fundido e Aço,JUN,150.1,cife2020_MATERIAIS.xls
2020,M50,Tubos e Acessórios de Ferro Fundido e Aço,JUL,152.5,cife2020_MATERIAIS.xls
2020,M50,Tubos e Acessórios de Ferro Fundido e Aço,AGO,152.7,cife2020_MATERIAIS.xls
2020,M50,Tubos e Acessórios de Ferro Fundido e Aço,SET,152.5,cife2020_MATERIAIS.xls
2020,M50,Tubos e Acessórios de Ferro Fundido e Aço,OUT,153.2,cife2020_MATERIAIS.xls
2020,M50,Tubos e Acessórios de Ferro Fundido e Aço,NOV,150.4,cife2020_MATERIAIS.xls
2020,M50,Tubos e Acessórios de Ferro Fundido e Aço,DEZ,156.2,cife2020_MATERIAIS.xls
2020,M51,Tintas para Construções Metálicas,JAN,133.3,cife2020_MATERIAIS.xls
2020,M51,Tintas para Construções Metálicas,FEV,133.3,cife2020_MATERIAIS.xls
2020,M51,Tintas para Construções Metálicas,MAR,133.4,cife2020_MATERIAIS.xls
2020,M51,Tintas para Construções Metálicas,ABR,133.3,cife2020_MATERIAIS.xls
2020,M51,Tintas para Construções Metálicas,MAI,132.8,cife2020_MATERIAIS.xls
2020,M51,Tintas para Construções Metálicas,JUN,132.7,cife2020_MATERIAIS.xls
2020,M51,Tintas para Construções Metálicas,JUL,132.7,cife2020_MATERIAIS.xls
2020,M51,Tintas para Construções Metálicas,AGO,132.7,cife2020_MATERIAIS.xls
2020,M51,Tintas para Construções Metálicas,SET,133.3,cife2020_MATERIAIS.xls
2020,M51,Tintas para Construções Metálicas,OUT,133.1,cife2020_MATERIAIS.xls
2020,M51,Tintas para Construções Metálicas,NOV,134.2,cife2020_MATERIAIS.xls
2020,M51,Tintas para Construções Metálicas,DEZ,135.4,cife2020_MATERIAIS.xls
2020,M52,Redes e equipamentos de média e alta tensão,JAN,100.2,cife2020_MATERIAIS.xls
2020,M52,Redes e equipamentos de média e alta tensão,FEV,100.0,cife2020_MATERIAIS.xls
2020,M52,Redes e equipamentos de média e alta tensão,MAR,99.7,cife2020_MATERIAIS.xls
2020,M52,Redes e equipamentos de média e alta tensão,ABR,98.9,cife2020_MATERIAIS.xls
2020,M52,Redes e equipamentos de média e alta tensão,MAI,99.2,cife2020_MATERIAIS.xls
2020,M52,Redes e equipamentos de média e alta tensão,JUN,99.6,cife2020_MATERIAIS.xls
2020,M52,Redes e equipamentos de média e alta tensão,JUL,100.2,cife2020_MATERIAIS.xls
2020,M52,Redes e equipamentos de média e alta tensão,AGO,100.0,cife2020_MATERIAIS.xls
2020,M52,Redes e equipamentos de média e alta tensão,SET,99.5,cife2020_MATERIAIS.xls
2020,M52,Redes e equipamentos de média e alta tensão,OUT,100.0,cife2020_MATERIAIS.xls
2020,M52,Redes e equipamentos de média e alta tensão,NOV,99.6,cife2020_MATERIAIS.xls
2020,M52,Redes e equipamentos de média e alta tensão,DEZ,100.0,cife2020_MATERIAIS.xls
2020,M53,Tubagem e acessórios para redes prediais de distribuição de água,JAN,100.0,cife2020_MATERIAIS.xls
2020,M53,Tubagem e acessórios para redes prediais de distribuição de água,FEV,100.6,cife2020_MATERIAIS.xls
2020,M53,Tubagem e acessórios para redes prediais de distribuição de água,MAR,100.5,cife2020_MATERIAIS.xls
2020,M53,Tubagem e acessórios para redes prediais de distribuição de água,ABR,100.3,cife2020_MATERIAIS.xls
2020,M53,Tubagem e acessórios para redes prediais de distribuição de água,MAI,100.4,cife2020_MATERIAIS.xls
2020,M53,Tubagem e acessórios para redes prediais de distribuição de água,JUN,100.4,cife2020_MATERIAIS.xls
2020,M53,Tubagem e acessórios para redes prediais de distribuição de água,JUL,100.4,cife2020_MATERIAIS.xls
2020,M53,Tubagem e acessórios para redes prediais de distribuição de água,AGO,100.1,cife2020_MATERIAIS.xls
2020,M53,Tubagem e acessórios para redes prediais de distribuição de água,SET,100.3,cife2020_MATERIAIS.xls
2020,M53,Tubagem e acessórios para redes prediais de distribuição de água,OUT,100.6,cife2020_MATERIAIS.xls
2020,M53,Tubagem e acessórios para redes prediais de distribuição de água,NOV,100.8,cife2020_MATERIAIS.xls
2020,M53,Tubagem e acessórios para redes prediais de distribuição de água,DEZ,100.9,cife2020_MATERIAIS.xls
2020,M54,Produtos com base em ligantes minerais pré-doseados para  revestimentos,JAN,105.5,cife2020_MATERIAIS.xls
2020,M54,Produtos com base em ligantes minerais pré-doseados para  revestimentos,FEV,106.5,cife2020_MATERIAIS.xls
2020,M54,Produtos com base em ligantes minerais pré-doseados para  revestimentos,MAR,106.5,cife2020_MATERIAIS.xls
2020,M54,Produtos com base em ligantes minerais pré-doseados para  revestimentos,ABR,106.2,cife2020_MATERIAIS.xls
2020,M54,Produtos com base em ligantes minerais pré-doseados para  revestimentos,MAI,106.2,cife2020_MATERIAIS.xls
2020,M54,Produtos com base em ligantes minerais pré-doseados para  revestimentos,JUN,105.8,cife2020_MATERIAIS.xls
2020,M54,Produtos com base em ligantes minerais pré-doseados para  revestimentos,JUL,106.0,cife2020_MATERIAIS.xls
2020,M54,Produtos com base em ligantes minerais pré-doseados para  revestimentos,AGO,106.5,cife2020_MATERIAIS.xls
2020,M54,Produtos com base em ligantes minerais pré-doseados para  revestimentos,SET,106.4,cife2020_MATERIAIS.xls
2020,M54,Produtos com base em ligantes minerais pré-doseados para  revestimentos,OUT,109.4,cife2020_MATERIAIS.xls
2020,M54,Produtos com base em ligantes minerais pré-doseados para  revestimentos,NOV,105.6,cife2020_MATERIAIS.xls
2020,M54,Produtos com base em ligantes minerais pré-doseados para  revestimentos,DEZ,108.8,cife2020_MATERIAIS.xls
2020,M55,Chapas e painéis para revestimento de coberturas,JAN,100.0,cife2020_MATERIAIS.xls
2020,M55,Chapas e painéis para revestimento de coberturas,FEV,100.0,cife2020_MATERIAIS.xls
2020,M55,Chapas e painéis para revestimento de coberturas,MAR,100.0,cife2020_MATERIAIS.xls
2020,M55,Chapas e painéis para revestimento de coberturas,ABR,100.0,cife2020_MATERIAIS.xls
2020,M55,Chapas e painéis para revestimento de coberturas,MAI,100.0,cife2020_MATERIAIS.xls
2020,M55,Chapas e painéis para revestimento de coberturas,JUN,100.0,cife2020_MATERIAIS.xls
2020,M55,Chapas e painéis para revestimento de coberturas,JUL,100.0,cife2020_MATERIAIS.xls
2020,M55,Chapas e painéis para revestimento de coberturas,AGO,100.0,cife2020_MATERIAIS.xls
2020,M55,Chapas e painéis para revestimento de coberturas,SET,100.0,cife2020_MATERIAIS.xls
2020,M55,Chapas e painéis para revestimento de coberturas,OUT,100.0,cife2020_MATERIAIS.xls
2020,M55,Chapas e painéis para revestimento de coberturas,NOV,100.0,cife2020_MATERIAIS.xls
2020,M55,Chapas e painéis para revestimento de coberturas,DEZ,101.7,cife2020_MATERIAIS.xls
2020,M56,Sistemas compósitos de isolamento térmico pelo exterior (ETIC),JAN,100.0,cife2020_MATERIAIS.xls
2020,M56,Sistemas compósitos de isolamento térmico pelo exterior (ETIC),FEV,100.1,cife2020_MATERIAIS.xls
2020,M56,Sistemas compósitos de isolamento térmico pelo exterior (ETIC),MAR,100.1,cife2020_MATERIAIS.xls
2020,M56,Sistemas compósitos de isolamento térmico pelo exterior (ETIC),ABR,101.1,cife2020_MATERIAIS.xls
2020,M56,Sistemas compósitos de isolamento térmico pelo exterior (ETIC),MAI,101.5,cife2020_MATERIAIS.xls
2020,M56,Sistemas compósitos de isolamento térmico pelo exterior (ETIC),JUN,101.4,cife2020_MATERIAIS.xls
2020,M56,Sistemas compósitos de isolamento térmico pelo exterior (ETIC),JUL,100.1,cife2020_MATERIAIS.xls
2020,M56,Sistemas compósitos de isolamento térmico pelo exterior (ETIC),AGO,100.2,cife2020_MATERIAIS.xls
2020,M56,Sistemas compósitos de isolamento térmico pelo exterior (ETIC),SET,99.9,cife2020_MATERIAIS.xls
2020,M56,Sistemas compósitos de isolamento térmico pelo exterior (ETIC),OUT,100.0,cife2020_MATERIAIS.xls
2020,M56,Sistemas compósitos de isolamento térmico pelo exterior (ETIC),NOV,100.5,cife2020_MATERIAIS.xls
2020,M56,Sistemas compósitos de isolamento térmico pelo exterior (ETIC),DEZ,100.9,cife2020_MATERIAIS.xls
2020,M57,Isolamentos térmicos e acústicos,JAN,100.5,cife2020_MATERIAIS.xls
2020,M57,Isolamentos térmicos e acústicos,FEV,100.0,cife2020_MATERIAIS.xls
2020,M57,Isolamentos térmicos e acústicos,MAR,100.0,cife2020_MATERIAIS.xls
2020,M57,Isolamentos térmicos e acústicos,ABR,100.7,cife2020_MATERIAIS.xls
2020,M57,Isolamentos térmicos e acústicos,MAI,101.6,cife2020_MATERIAIS.xls
2020,M57,Isolamentos térmicos e acústicos,JUN,101.7,cife2020_MATERIAIS.xls
2020,M57,Isolamentos térmicos e acústicos,JUL,100.0,cife2020_MATERIAIS.xls
2020,M57,Isolamentos térmicos e acústicos,AGO,100.2,cife2020_MATERIAIS.xls
2020,M57,Isolamentos térmicos e acústicos,SET,100.0,cife2020_MATERIAIS.xls
2020,M57,Isolamentos térmicos e acústicos,OUT,100.2,cife2020_MATERIAIS.xls
2020,M57,Isolamentos térmicos e acústicos,NOV,99.9,cife2020_MATERIAIS.xls
2020,M57,Isolamentos térmicos e acústicos,DEZ,100.5,cife2020_MATERIAIS.xls
2021,M01,Britas,JAN,108.9,cife2021_MATERIAIS.xls
2021,M01,Britas,FEV,109.8,cife2021_MATERIAIS.xls
2021,M01,Britas,MAR,110.6,cife2021_MATERIAIS.xls
2021,M01,Britas,ABR,110.0,cife2021_MATERIAIS.xls
2021,M01,Britas,MAI,110.7,cife2021_MATERIAIS.xls
2021,M01,Britas,JUN,112.8,cife2021_MATERIAIS.xls
2021,M01,Britas,JUL,112.5,cife2021_MATERIAIS.xls
2021,M01,Britas,AGO,113.8,cife2021_MATERIAIS.xls
2021,M01,Britas,SET,113.6,cife2021_MATERIAIS.xls
2021,M01,Britas,OUT,112.9,cife2021_MATERIAIS.xls
2021,M01,Britas,NOV,113.3,cife2021_MATERIAIS.xls
2021,M01,Britas,DEZ,113.6,cife2021_MATERIAIS.xls
2021,M02,Areias,JAN,90.8,cife2021_MATERIAIS.xls
2021,M02,Areias,FEV,90.1,cife2021_MATERIAIS.xls
2021,M02,Areias,MAR,93.1,cife2021_MATERIAIS.xls
2021,M02,Areias,ABR,90.7,cife2021_MATERIAIS.xls
2021,M02,Areias,MAI,92.7,cife2021_MATERIAIS.xls
2021,M02,Areias,JUN,96.8,cife2021_MATERIAIS.xls
2021,M02,Areias,JUL,98.3,cife2021_MATERIAIS.xls
2021,M02,Areias,AGO,98.5,cife2021_MATERIAIS.xls
2021,M02,Areias,SET,98.2,cife2021_MATERIAIS.xls
2021,M02,Areias,OUT,96.0,cife2021_MATERIAIS.xls
2021,M02,Areias,NOV,98.7,cife2021_MATERIAIS.xls
2021,M02,Areias,DEZ,96.6,cife2021_MATERIAIS.xls
2021,M03,Inertes,JAN,102.4,cife2021_MATERIAIS.xls
2021,M03,Inertes,FEV,102.7,cife2021_MATERIAIS.xls
2021,M03,Inertes,MAR,104.4,cife2021_MATERIAIS.xls
2021,M03,Inertes,ABR,103.1,cife2021_MATERIAIS.xls
2021,M03,Inertes,MAI,104.3,cife2021_MATERIAIS.xls
2021,M03,Inertes,JUN,107.2,cife2021_MATERIAIS.xls
2021,M03,Inertes,JUL,107.7,cife2021_MATERIAIS.xls
2021,M03,Inertes,AGO,108.6,cife2021_MATERIAIS.xls
2021,M03,Inertes,SET,108.3,cife2021_MATERIAIS.xls
2021,M03,Inertes,OUT,107.0,cife2021_MATERIAIS.xls
2021,M03,Inertes,NOV,108.4,cife2021_MATERIAIS.xls
2021,M03,Inertes,DEZ,107.7,cife2021_MATERIAIS.xls
2021,M04,Ladrilhos de calcário e granito,JAN,84.4,cife2021_MATERIAIS.xls
2021,M04,Ladrilhos de calcário e granito,FEV,84.4,cife2021_MATERIAIS.xls
2021,M04,Ladrilhos de calcário e granito,MAR,84.4,cife2021_MATERIAIS.xls
2021,M04,Ladrilhos de calcário e granito,ABR,84.4,cife2021_MATERIAIS.xls
2021,M04,Ladrilhos de calcário e granito,MAI,87.3,cife2021_MATERIAIS.xls
2021,M04,Ladrilhos de calcário e granito,JUN,87.3,cife2021_MATERIAIS.xls
2021,M04,Ladrilhos de calcário e granito,JUL,87.3,cife2021_MATERIAIS.xls
2021,M04,Ladrilhos de calcário e granito,AGO,87.3,cife2021_MATERIAIS.xls
2021,M04,Ladrilhos de calcário e granito,SET,87.3,cife2021_MATERIAIS.xls
2021,M04,Ladrilhos de calcário e granito,OUT,87.3,cife2021_MATERIAIS.xls
2021,M04,Ladrilhos de calcário e granito,NOV,87.3,cife2021_MATERIAIS.xls
2021,M04,Ladrilhos de calcário e granito,DEZ,87.3,cife2021_MATERIAIS.xls
2021,M05,Cantarias de calcário e granito,JAN,113.7,cife2021_MATERIAIS.xls
2021,M05,Cantarias de calcário e granito,FEV,114.1,cife2021_MATERIAIS.xls
2021,M05,Cantarias de calcário e granito,MAR,113.9,cife2021_MATERIAIS.xls
2021,M05,Cantarias de calcário e granito,ABR,113.9,cife2021_MATERIAIS.xls
2021,M05,Cantarias de calcário e granito,MAI,114.6,cife2021_MATERIAIS.xls
2021,M05,Cantarias de calcário e granito,JUN,115.7,cife2021_MATERIAIS.xls
2021,M05,Cantarias de calcário e granito,JUL,116.6,cife2021_MATERIAIS.xls
2021,M05,Cantarias de calcário e granito,AGO,117.4,cife2021_MATERIAIS.xls
2021,M05,Cantarias de calcário e granito,SET,117.2,cife2021_MATERIAIS.xls
2021,M05,Cantarias de calcário e granito,OUT,117.2,cife2021_MATERIAIS.xls
2021,M05,Cantarias de calcário e granito,NOV,116.8,cife2021_MATERIAIS.xls
2021,M05,Cantarias de calcário e granito,DEZ,116.4,cife2021_MATERIAIS.xls
2021,M06,Ladr. e cant. de calcário e granito,JAN,88.1,cife2021_MATERIAIS.xls
2021,M06,Ladr. e cant. de calcário e granito,FEV,88.2,cife2021_MATERIAIS.xls
2021,M06,Ladr. e cant. de calcário e granito,MAR,88.2,cife2021_MATERIAIS.xls
2021,M06,Ladr. e cant. de calcário e granito,ABR,88.2,cife2021_MATERIAIS.xls
2021,M06,Ladr. e cant. de calcário e granito,MAI,90.5,cife2021_MATERIAIS.xls
2021,M06,Ladr. e cant. de calcário e granito,JUN,90.7,cife2021_MATERIAIS.xls
2021,M06,Ladr. e cant. de calcário e granito,JUL,90.9,cife2021_MATERIAIS.xls
2021,M06,Ladr. e cant. de calcário e granito,AGO,91.0,cife2021_MATERIAIS.xls
2021,M06,Ladr. e cant. de calcário e granito,SET,91.0,cife2021_MATERIAIS.xls
2021,M06,Ladr. e cant. de calcário e granito,OUT,91.0,cife2021_MATERIAIS.xls
2021,M06,Ladr. e cant. de calcário e granito,NOV,90.9,cife2021_MATERIAIS.xls
2021,M06,Ladr. e cant. de calcário e granito,DEZ,90.8,cife2021_MATERIAIS.xls
2021,M07,Telhas cerâmicas,JAN,143.3,cife2021_MATERIAIS.xls
2021,M07,Telhas cerâmicas,FEV,145.8,cife2021_MATERIAIS.xls
2021,M07,Telhas cerâmicas,MAR,145.2,cife2021_MATERIAIS.xls
2021,M07,Telhas cerâmicas,ABR,147.6,cife2021_MATERIAIS.xls
2021,M07,Telhas cerâmicas,MAI,148.8,cife2021_MATERIAIS.xls
2021,M07,Telhas cerâmicas,JUN,148.3,cife2021_MATERIAIS.xls
2021,M07,Telhas cerâmicas,JUL,152.1,cife2021_MATERIAIS.xls
2021,M07,Telhas cerâmicas,AGO,152.7,cife2021_MATERIAIS.xls
2021,M07,Telhas cerâmicas,SET,147.8,cife2021_MATERIAIS.xls
2021,M07,Telhas cerâmicas,OUT,154.0,cife2021_MATERIAIS.xls
2021,M07,Telhas cerâmicas,NOV,153.5,cife2021_MATERIAIS.xls
2021,M07,Telhas cerâmicas,DEZ,159.5,cife2021_MATERIAIS.xls
2021,M08,Tijolos cerâmicos,JAN,107.8,cife2021_MATERIAIS.xls
2021,M08,Tijolos cerâmicos,FEV,109.8,cife2021_MATERIAIS.xls
2021,M08,Tijolos cerâmicos,MAR,109.2,cife2021_MATERIAIS.xls
2021,M08,Tijolos cerâmicos,ABR,113.6,cife2021_MATERIAIS.xls
2021,M08,Tijolos cerâmicos,MAI,116.2,cife2021_MATERIAIS.xls
2021,M08,Tijolos cerâmicos,JUN,119.4,cife2021_MATERIAIS.xls
2021,M08,Tijolos cerâmicos,JUL,116.8,cife2021_MATERIAIS.xls
2021,M08,Tijolos cerâmicos,AGO,117.1,cife2021_MATERIAIS.xls
2021,M08,Tijolos cerâmicos,SET,113.5,cife2021_MATERIAIS.xls
2021,M08,Tijolos cerâmicos,OUT,113.6,cife2021_MATERIAIS.xls
2021,M08,Tijolos cerâmicos,NOV,113.4,cife2021_MATERIAIS.xls
2021,M08,Tijolos cerâmicos,DEZ,112.8,cife2021_MATERIAIS.xls
2021,M09,Produtos Cerâmicos Vermelhos,JAN,112.8,cife2021_MATERIAIS.xls
2021,M09,Produtos Cerâmicos Vermelhos,FEV,114.9,cife2021_MATERIAIS.xls
2021,M09,Produtos Cerâmicos Vermelhos,MAR,114.2,cife2021_MATERIAIS.xls
2021,M09,Produtos Cerâmicos Vermelhos,ABR,118.3,cife2021_MATERIAIS.xls
2021,M09,Produtos Cerâmicos Vermelhos,MAI,120.7,cife2021_MATERIAIS.xls
2021,M09,Produtos Cerâmicos Vermelhos,JUN,123.2,cife2021_MATERIAIS.xls
2021,M09,Produtos Cerâmicos Vermelhos,JUL,121.7,cife2021_MATERIAIS.xls
2021,M09,Produtos Cerâmicos Vermelhos,AGO,122.1,cife2021_MATERIAIS.xls
2021,M09,Produtos Cerâmicos Vermelhos,SET,118.3,cife2021_MATERIAIS.xls
2021,M09,Produtos Cerâmicos Vermelhos,OUT,119.4,cife2021_MATERIAIS.xls
2021,M09,Produtos Cerâmicos Vermelhos,NOV,119.1,cife2021_MATERIAIS.xls
2021,M09,Produtos Cerâmicos Vermelhos,DEZ,119.6,cife2021_MATERIAIS.xls
2021,M10,Azulejos e Mosaicos,JAN,91.1,cife2021_MATERIAIS.xls
2021,M10,Azulejos e Mosaicos,FEV,94.0,cife2021_MATERIAIS.xls
2021,M10,Azulejos e Mosaicos,MAR,94.2,cife2021_MATERIAIS.xls
2021,M10,Azulejos e Mosaicos,ABR,95.8,cife2021_MATERIAIS.xls
2021,M10,Azulejos e Mosaicos,MAI,94.4,cife2021_MATERIAIS.xls
2021,M10,Azulejos e Mosaicos,JUN,92.7,cife2021_MATERIAIS.xls
2021,M10,Azulejos e Mosaicos,JUL,94.9,cife2021_MATERIAIS.xls
2021,M10,Azulejos e Mosaicos,AGO,93.4,cife2021_MATERIAIS.xls
2021,M10,Azulejos e Mosaicos,SET,96.4,cife2021_MATERIAIS.xls
2021,M10,Azulejos e Mosaicos,OUT,100.2,cife2021_MATERIAIS.xls
2021,M10,Azulejos e Mosaicos,NOV,97.6,cife2021_MATERIAIS.xls
2021,M10,Azulejos e Mosaicos,DEZ,99.7,cife2021_MATERIAIS.xls
2021,M12,Aço em Varão e Perfilados,JAN,316.1,cife2021_MATERIAIS.xls
2021,M12,Aço em Varão e Perfilados,FEV,317.0,cife2021_MATERIAIS.xls
2021,M12,Aço em Varão e Perfilados,MAR,314.6,cife2021_MATERIAIS.xls
2021,M12,Aço em Varão e Perfilados,ABR,313.1,cife2021_MATERIAIS.xls
2021,M12,Aço em Varão e Perfilados,MAI,353.5,cife2021_MATERIAIS.xls
2021,M12,Aço em Varão e Perfilados,JUN,372.6,cife2021_MATERIAIS.xls
2021,M12,Aço em Varão e Perfilados,JUL,380.8,cife2021_MATERIAIS.xls
2021,M12,Aço em Varão e Perfilados,AGO,385.4,cife2021_MATERIAIS.xls
2021,M12,Aço em Varão e Perfilados,SET,382.8,cife2021_MATERIAIS.xls
2021,M12,Aço em Varão e Perfilados,OUT,388.1,cife2021_MATERIAIS.xls
2021,M12,Aço em Varão e Perfilados,NOV,385.9,cife2021_MATERIAIS.xls
2021,M12,Aço em Varão e Perfilados,DEZ,386.3,cife2021_MATERIAIS.xls
2021,M13,Chapa de Aço Macio,JAN,177.4,cife2021_MATERIAIS.xls
2021,M13,Chapa de Aço Macio,FEV,174.7,cife2021_MATERIAIS.xls
2021,M13,Chapa de Aço Macio,MAR,179.7,cife2021_MATERIAIS.xls
2021,M13,Chapa de Aço Macio,ABR,192.8,cife2021_MATERIAIS.xls
2021,M13,Chapa de Aço Macio,MAI,230.8,cife2021_MATERIAIS.xls
2021,M13,Chapa de Aço Macio,JUN,239.5,cife2021_MATERIAIS.xls
2021,M13,Chapa de Aço Macio,JUL,241.2,cife2021_MATERIAIS.xls
2021,M13,Chapa de Aço Macio,AGO,239.6,cife2021_MATERIAIS.xls
2021,M13,Chapa de Aço Macio,SET,233.7,cife2021_MATERIAIS.xls
2021,M13,Chapa de Aço Macio,OUT,233.0,cife2021_MATERIAIS.xls
2021,M13,Chapa de Aço Macio,NOV,233.6,cife2021_MATERIAIS.xls
2021,M13,Chapa de Aço Macio,DEZ,233.6,cife2021_MATERIAIS.xls
2021,M14,Rede electrossoldada,JAN,180.7,cife2021_MATERIAIS.xls
2021,M14,Rede electrossoldada,FEV,184.6,cife2021_MATERIAIS.xls
2021,M14,Rede electrossoldada,MAR,185.5,cife2021_MATERIAIS.xls
2021,M14,Rede electrossoldada,ABR,185.7,cife2021_MATERIAIS.xls
2021,M14,Rede electrossoldada,MAI,200.5,cife2021_MATERIAIS.xls
2021,M14,Rede electrossoldada,JUN,202.1,cife2021_MATERIAIS.xls
2021,M14,Rede electrossoldada,JUL,202.8,cife2021_MATERIAIS.xls
2021,M14,Rede electrossoldada,AGO,203.3,cife2021_MATERIAIS.xls
2021,M14,Rede electrossoldada,SET,203.3,cife2021_MATERIAIS.xls
2021,M14,Rede electrossoldada,OUT,203.3,cife2021_MATERIAIS.xls
2021,M14,Rede electrossoldada,NOV,203.3,cife2021_MATERIAIS.xls
2021,M14,Rede electrossoldada,DEZ,203.2,cife2021_MATERIAIS.xls
2021,M15,Chapa de aço galvanizada,JAN,161.8,cife2021_MATERIAIS.xls
2021,M15,Chapa de aço galvanizada,FEV,163.5,cife2021_MATERIAIS.xls
2021,M15,Chapa de aço galvanizada,MAR,165.6,cife2021_MATERIAIS.xls
2021,M15,Chapa de aço galvanizada,ABR,176.7,cife2021_MATERIAIS.xls
2021,M15,Chapa de aço galvanizada,MAI,190.6,cife2021_MATERIAIS.xls
2021,M15,Chapa de aço galvanizada,JUN,196.8,cife2021_MATERIAIS.xls
2021,M15,Chapa de aço galvanizada,JUL,198.2,cife2021_MATERIAIS.xls
2021,M15,Chapa de aço galvanizada,AGO,200.3,cife2021_MATERIAIS.xls
2021,M15,Chapa de aço galvanizada,SET,200.5,cife2021_MATERIAIS.xls
2021,M15,Chapa de aço galvanizada,OUT,199.7,cife2021_MATERIAIS.xls
2021,M15,Chapa de aço galvanizada,NOV,198.9,cife2021_MATERIAIS.xls
2021,M15,Chapa de aço galvanizada,DEZ,198.2,cife2021_MATERIAIS.xls
2021,M16,Fio de Cobre Nu,JAN,308.1,cife2021_MATERIAIS.xls
2021,M16,Fio de Cobre Nu,FEV,308.1,cife2021_MATERIAIS.xls
2021,M16,Fio de Cobre Nu,MAR,308.1,cife2021_MATERIAIS.xls
2021,M16,Fio de Cobre Nu,ABR,308.1,cife2021_MATERIAIS.xls
2021,M16,Fio de Cobre Nu,MAI,308.1,cife2021_MATERIAIS.xls
2021,M16,Fio de Cobre Nu,JUN,308.1,cife2021_MATERIAIS.xls
2021,M16,Fio de Cobre Nu,JUL,308.1,cife2021_MATERIAIS.xls
2021,M16,Fio de Cobre Nu,AGO,308.1,cife2021_MATERIAIS.xls
2021,M16,Fio de Cobre Nu,SET,308.1,cife2021_MATERIAIS.xls
2021,M16,Fio de Cobre Nu,OUT,308.4,cife2021_MATERIAIS.xls
2021,M16,Fio de Cobre Nu,NOV,316.5,cife2021_MATERIAIS.xls
2021,M16,Fio de Cobre Nu,DEZ,323.8,cife2021_MATERIAIS.xls
2021,M17,Fio de cobre revestido,JAN,241.0,cife2021_MATERIAIS.xls
2021,M17,Fio de cobre revestido,FEV,247.8,cife2021_MATERIAIS.xls
2021,M17,Fio de cobre revestido,MAR,264.4,cife2021_MATERIAIS.xls
2021,M17,Fio de cobre revestido,ABR,279.2,cife2021_MATERIAIS.xls
2021,M17,Fio de cobre revestido,MAI,289.8,cife2021_MATERIAIS.xls
2021,M17,Fio de cobre revestido,JUN,304.3,cife2021_MATERIAIS.xls
2021,M17,Fio de cobre revestido,JUL,302.4,cife2021_MATERIAIS.xls
2021,M17,Fio de cobre revestido,AGO,305.7,cife2021_MATERIAIS.xls
2021,M17,Fio de cobre revestido,SET,308.4,cife2021_MATERIAIS.xls
2021,M17,Fio de cobre revestido,OUT,308.7,cife2021_MATERIAIS.xls
2021,M17,Fio de cobre revestido,NOV,316.9,cife2021_MATERIAIS.xls
2021,M17,Fio de cobre revestido,DEZ,324.2,cife2021_MATERIAIS.xls
2021,M18,Betumes a Granel,JAN,345.5,cife2021_MATERIAIS.xls
2021,M18,Betumes a Granel,FEV,369.1,cife2021_MATERIAIS.xls
2021,M18,Betumes a Granel,MAR,411.1,cife2021_MATERIAIS.xls
2021,M18,Betumes a Granel,ABR,444.5,cife2021_MATERIAIS.xls
2021,M18,Betumes a Granel,MAI,452.7,cife2021_MATERIAIS.xls
2021,M18,Betumes a Granel,JUN,452.5,cife2021_MATERIAIS.xls
2021,M18,Betumes a Granel,JUL,471.2,cife2021_MATERIAIS.xls
2021,M18,Betumes a Granel,AGO,483.9,cife2021_MATERIAIS.xls
2021,M18,Betumes a Granel,SET,480.6,cife2021_MATERIAIS.xls
2021,M18,Betumes a Granel,OUT,498.9,cife2021_MATERIAIS.xls
2021,M18,Betumes a Granel,NOV,543.7,cife2021_MATERIAIS.xls
2021,M18,Betumes a Granel,DEZ,519.9,cife2021_MATERIAIS.xls
2021,M19,Betumes em Tambores,JAN,470.5,cife2021_MATERIAIS.xls
2021,M19,Betumes em Tambores,FEV,473.3,cife2021_MATERIAIS.xls
2021,M19,Betumes em Tambores,MAR,477.4,cife2021_MATERIAIS.xls
2021,M19,Betumes em Tambores,ABR,481.9,cife2021_MATERIAIS.xls
2021,M19,Betumes em Tambores,MAI,482.8,cife2021_MATERIAIS.xls
2021,M19,Betumes em Tambores,JUN,482.8,cife2021_MATERIAIS.xls
2021,M19,Betumes em Tambores,JUL,482.8,cife2021_MATERIAIS.xls
2021,M19,Betumes em Tambores,AGO,482.8,cife2021_MATERIAIS.xls
2021,M19,Betumes em Tambores,SET,482.8,cife2021_MATERIAIS.xls
2021,M19,Betumes em Tambores,OUT,482.8,cife2021_MATERIAIS.xls
2021,M19,Betumes em Tambores,NOV,482.8,cife2021_MATERIAIS.xls
2021,M19,Betumes em Tambores,DEZ,482.8,cife2021_MATERIAIS.xls
2021,M20,Cimento em saco,JAN,165.5,cife2021_MATERIAIS.xls
2021,M20,Cimento em saco,FEV,166.6,cife2021_MATERIAIS.xls
2021,M20,Cimento em saco,MAR,165.2,cife2021_MATERIAIS.xls
2021,M20,Cimento em saco,ABR,166.9,cife2021_MATERIAIS.xls
2021,M20,Cimento em saco,MAI,166.2,cife2021_MATERIAIS.xls
2021,M20,Cimento em saco,JUN,166.2,cife2021_MATERIAIS.xls
2021,M20,Cimento em saco,JUL,166.2,cife2021_MATERIAIS.xls
2021,M20,Cimento em saco,AGO,166.7,cife2021_MATERIAIS.xls
2021,M20,Cimento em saco,SET,166.5,cife2021_MATERIAIS.xls
2021,M20,Cimento em saco,OUT,167.8,cife2021_MATERIAIS.xls
2021,M20,Cimento em saco,NOV,168.7,cife2021_MATERIAIS.xls
2021,M20,Cimento em saco,DEZ,168.7,cife2021_MATERIAIS.xls
2021,M21,Explosivos,JAN,169.0,cife2021_MATERIAIS.xls
2021,M21,Explosivos,FEV,168.9,cife2021_MATERIAIS.xls
2021,M21,Explosivos,MAR,169.0,cife2021_MATERIAIS.xls
2021,M21,Explosivos,ABR,169.4,cife2021_MATERIAIS.xls
2021,M21,Explosivos,MAI,169.4,cife2021_MATERIAIS.xls
2021,M21,Explosivos,JUN,169.5,cife2021_MATERIAIS.xls
2021,M21,Explosivos,JUL,169.5,cife2021_MATERIAIS.xls
2021,M21,Explosivos,AGO,169.5,cife2021_MATERIAIS.xls
2021,M21,Explosivos,SET,169.6,cife2021_MATERIAIS.xls
2021,M21,Explosivos,OUT,169.7,cife2021_MATERIAIS.xls
2021,M21,Explosivos,NOV,169.7,cife2021_MATERIAIS.xls
2021,M21,Explosivos,DEZ,170.0,cife2021_MATERIAIS.xls
2021,M22,Gasóleo,JAN,286.4,cife2021_MATERIAIS.xls
2021,M22,Gasóleo,FEV,297.0,cife2021_MATERIAIS.xls
2021,M22,Gasóleo,MAR,305.8,cife2021_MATERIAIS.xls
2021,M22,Gasóleo,ABR,305.0,cife2021_MATERIAIS.xls
2021,M22,Gasóleo,MAI,310.9,cife2021_MATERIAIS.xls
2021,M22,Gasóleo,JUN,318.0,cife2021_MATERIAIS.xls
2021,M22,Gasóleo,JUL,324.3,cife2021_MATERIAIS.xls
2021,M22,Gasóleo,AGO,321.9,cife2021_MATERIAIS.xls
2021,M22,Gasóleo,SET,325.9,cife2021_MATERIAIS.xls
2021,M22,Gasóleo,OUT,338.3,cife2021_MATERIAIS.xls
2021,M22,Gasóleo,NOV,341.5,cife2021_MATERIAIS.xls
2021,M22,Gasóleo,DEZ,334.2,cife2021_MATERIAIS.xls
2021,M23,Vidro,JAN,84.8,cife2021_MATERIAIS.xls
2021,M23,Vidro,FEV,84.8,cife2021_MATERIAIS.xls
2021,M23,Vidro,MAR,88.4,cife2021_MATERIAIS.xls
2021,M23,Vidro,ABR,88.4,cife2021_MATERIAIS.xls
2021,M23,Vidro,MAI,90.4,cife2021_MATERIAIS.xls
2021,M23,Vidro,JUN,90.7,cife2021_MATERIAIS.xls
2021,M23,Vidro,JUL,92.0,cife2021_MATERIAIS.xls
2021,M23,Vidro,AGO,92.1,cife2021_MATERIAIS.xls
2021,M23,Vidro,SET,93.6,cife2021_MATERIAIS.xls
2021,M23,Vidro,OUT,93.8,cife2021_MATERIAIS.xls
2021,M23,Vidro,NOV,107.2,cife2021_MATERIAIS.xls
2021,M23,Vidro,DEZ,108.5,cife2021_MATERIAIS.xls
2021,M24,Madeiras de Pinho,JAN,179.2,cife2021_MATERIAIS.xls
2021,M24,Madeiras de Pinho,FEV,179.9,cife2021_MATERIAIS.xls
2021,M24,Madeiras de Pinho,MAR,180.7,cife2021_MATERIAIS.xls
2021,M24,Madeiras de Pinho,ABR,180.9,cife2021_MATERIAIS.xls
2021,M24,Madeiras de Pinho,MAI,185.4,cife2021_MATERIAIS.xls
2021,M24,Madeiras de Pinho,JUN,186.3,cife2021_MATERIAIS.xls
2021,M24,Madeiras de Pinho,JUL,201.7,cife2021_MATERIAIS.xls
2021,M24,Madeiras de Pinho,AGO,220.9,cife2021_MATERIAIS.xls
2021,M24,Madeiras de Pinho,SET,223.1,cife2021_MATERIAIS.xls
2021,M24,Madeiras de Pinho,OUT,226.7,cife2021_MATERIAIS.xls
2021,M24,Madeiras de Pinho,NOV,242.5,cife2021_MATERIAIS.xls
2021,M24,Madeiras de Pinho,DEZ,242.5,cife2021_MATERIAIS.xls
2021,M25,Madeiras Especiais ou Exóticas,JAN,150.3,cife2021_MATERIAIS.xls
2021,M25,Madeiras Especiais ou Exóticas,FEV,150.3,cife2021_MATERIAIS.xls
2021,M25,Madeiras Especiais ou Exóticas,MAR,151.8,cife2021_MATERIAIS.xls
2021,M25,Madeiras Especiais ou Exóticas,ABR,151.9,cife2021_MATERIAIS.xls
2021,M25,Madeiras Especiais ou Exóticas,MAI,151.9,cife2021_MATERIAIS.xls
2021,M25,Madeiras Especiais ou Exóticas,JUN,154.9,cife2021_MATERIAIS.xls
2021,M25,Madeiras Especiais ou Exóticas,JUL,154.9,cife2021_MATERIAIS.xls
2021,M25,Madeiras Especiais ou Exóticas,AGO,155.7,cife2021_MATERIAIS.xls
2021,M25,Madeiras Especiais ou Exóticas,SET,155.7,cife2021_MATERIAIS.xls
2021,M25,Madeiras Especiais ou Exóticas,OUT,152.9,cife2021_MATERIAIS.xls
2021,M25,Madeiras Especiais ou Exóticas,NOV,153.5,cife2021_MATERIAIS.xls
2021,M25,Madeiras Especiais ou Exóticas,DEZ,153.9,cife2021_MATERIAIS.xls
2021,M26,Derivados de madeira,JAN,127.2,cife2021_MATERIAIS.xls
2021,M26,Derivados de madeira,FEV,129.0,cife2021_MATERIAIS.xls
2021,M26,Derivados de madeira,MAR,133.6,cife2021_MATERIAIS.xls
2021,M26,Derivados de madeira,ABR,136.2,cife2021_MATERIAIS.xls
2021,M26,Derivados de madeira,MAI,139.5,cife2021_MATERIAIS.xls
2021,M26,Derivados de madeira,JUN,144.9,cife2021_MATERIAIS.xls
2021,M26,Derivados de madeira,JUL,162.3,cife2021_MATERIAIS.xls
2021,M26,Derivados de madeira,AGO,165.1,cife2021_MATERIAIS.xls
2021,M26,Derivados de madeira,SET,180.0,cife2021_MATERIAIS.xls
2021,M26,Derivados de madeira,OUT,185.2,cife2021_MATERIAIS.xls
2021,M26,Derivados de madeira,NOV,195.8,cife2021_MATERIAIS.xls
2021,M26,Derivados de madeira,DEZ,200.0,cife2021_MATERIAIS.xls
2021,M27,Aglomerado negro de cortiça,JAN,167.7,cife2021_MATERIAIS.xls
2021,M27,Aglomerado negro de cortiça,FEV,167.1,cife2021_MATERIAIS.xls
2021,M27,Aglomerado negro de cortiça,MAR,168.4,cife2021_MATERIAIS.xls
2021,M27,Aglomerado negro de cortiça,ABR,170.9,cife2021_MATERIAIS.xls
2021,M27,Aglomerado negro de cortiça,MAI,172.8,cife2021_MATERIAIS.xls
2021,M27,Aglomerado negro de cortiça,JUN,177.8,cife2021_MATERIAIS.xls
2021,M27,Aglomerado negro de cortiça,JUL,182.2,cife2021_MATERIAIS.xls
2021,M27,Aglomerado negro de cortiça,AGO,180.0,cife2021_MATERIAIS.xls
2021,M27,Aglomerado negro de cortiça,SET,179.2,cife2021_MATERIAIS.xls
2021,M27,Aglomerado negro de cortiça,OUT,198.9,cife2021_MATERIAIS.xls
2021,M27,Aglomerado negro de cortiça,NOV,202.1,cife2021_MATERIAIS.xls
2021,M27,Aglomerado negro de cortiça,DEZ,210.6,cife2021_MATERIAIS.xls
2021,M28,Ladrilho de cortiça,JAN,117.6,cife2021_MATERIAIS.xls
2021,M28,Ladrilho de cortiça,FEV,116.2,cife2021_MATERIAIS.xls
2021,M28,Ladrilho de cortiça,MAR,116.2,cife2021_MATERIAIS.xls
2021,M28,Ladrilho de cortiça,ABR,115.1,cife2021_MATERIAIS.xls
2021,M28,Ladrilho de cortiça,MAI,115.1,cife2021_MATERIAIS.xls
2021,M28,Ladrilho de cortiça,JUN,118.1,cife2021_MATERIAIS.xls
2021,M28,Ladrilho de cortiça,JUL,117.7,cife2021_MATERIAIS.xls
2021,M28,Ladrilho de cortiça,AGO,118.2,cife2021_MATERIAIS.xls
2021,M28,Ladrilho de cortiça,SET,115.9,cife2021_MATERIAIS.xls
2021,M28,Ladrilho de cortiça,OUT,115.1,cife2021_MATERIAIS.xls
2021,M28,Ladrilho de cortiça,NOV,117.0,cife2021_MATERIAIS.xls
2021,M28,Ladrilho de cortiça,DEZ,118.1,cife2021_MATERIAIS.xls
2021,M29,Tintas para construção civil,JAN,310.7,cife2021_MATERIAIS.xls
2021,M29,Tintas para construção civil,FEV,313.0,cife2021_MATERIAIS.xls
2021,M29,Tintas para construção civil,MAR,313.0,cife2021_MATERIAIS.xls
2021,M29,Tintas para construção civil,ABR,313.1,cife2021_MATERIAIS.xls
2021,M29,Tintas para construção civil,MAI,319.7,cife2021_MATERIAIS.xls
2021,M29,Tintas para construção civil,JUN,319.7,cife2021_MATERIAIS.xls
2021,M29,Tintas para construção civil,JUL,320.1,cife2021_MATERIAIS.xls
2021,M29,Tintas para construção civil,AGO,320.1,cife2021_MATERIAIS.xls
2021,M29,Tintas para construção civil,SET,323.8,cife2021_MATERIAIS.xls
2021,M29,Tintas para construção civil,OUT,324.1,cife2021_MATERIAIS.xls
2021,M29,Tintas para construção civil,NOV,332.7,cife2021_MATERIAIS.xls
2021,M29,Tintas para construção civil,DEZ,334.2,cife2021_MATERIAIS.xls
2021,M30,Tintas para estradas,JAN,260.9,cife2021_MATERIAIS.xls
2021,M30,Tintas para estradas,FEV,251.5,cife2021_MATERIAIS.xls
2021,M30,Tintas para estradas,MAR,259.4,cife2021_MATERIAIS.xls
2021,M30,Tintas para estradas,ABR,259.8,cife2021_MATERIAIS.xls
2021,M30,Tintas para estradas,MAI,260.4,cife2021_MATERIAIS.xls
2021,M30,Tintas para estradas,JUN,259.7,cife2021_MATERIAIS.xls
2021,M30,Tintas para estradas,JUL,264.5,cife2021_MATERIAIS.xls
2021,M30,Tintas para estradas,AGO,264.1,cife2021_MATERIAIS.xls
2021,M30,Tintas para estradas,SET,269.1,cife2021_MATERIAIS.xls
2021,M30,Tintas para estradas,OUT,280.7,cife2021_MATERIAIS.xls
2021,M30,Tintas para estradas,NOV,280.2,cife2021_MATERIAIS.xls
2021,M30,Tintas para estradas,DEZ,277.6,cife2021_MATERIAIS.xls
2021,M31,Membrana betuminosa,JAN,241.5,cife2021_MATERIAIS.xls
2021,M31,Membrana betuminosa,FEV,242.7,cife2021_MATERIAIS.xls
2021,M31,Membrana betuminosa,MAR,242.7,cife2021_MATERIAIS.xls
2021,M31,Membrana betuminosa,ABR,242.7,cife2021_MATERIAIS.xls
2021,M31,Membrana betuminosa,MAI,242.7,cife2021_MATERIAIS.xls
2021,M31,Membrana betuminosa,JUN,242.7,cife2021_MATERIAIS.xls
2021,M31,Membrana betuminosa,JUL,242.7,cife2021_MATERIAIS.xls
2021,M31,Membrana betuminosa,AGO,242.7,cife2021_MATERIAIS.xls
2021,M31,Membrana betuminosa,SET,242.7,cife2021_MATERIAIS.xls
2021,M31,Membrana betuminosa,OUT,247.0,cife2021_MATERIAIS.xls
2021,M31,Membrana betuminosa,NOV,247.4,cife2021_MATERIAIS.xls
2021,M31,Membrana betuminosa,DEZ,246.7,cife2021_MATERIAIS.xls
2021,M32,Tubo de PVC,JAN,128.3,cife2021_MATERIAIS.xls
2021,M32,Tubo de PVC,FEV,135.2,cife2021_MATERIAIS.xls
2021,M32,Tubo de PVC,MAR,145.0,cife2021_MATERIAIS.xls
2021,M32,Tubo de PVC,ABR,164.7,cife2021_MATERIAIS.xls
2021,M32,Tubo de PVC,MAI,177.6,cife2021_MATERIAIS.xls
2021,M32,Tubo de PVC,JUN,185.0,cife2021_MATERIAIS.xls
2021,M32,Tubo de PVC,JUL,199.0,cife2021_MATERIAIS.xls
2021,M32,Tubo de PVC,AGO,204.3,cife2021_MATERIAIS.xls
2021,M32,Tubo de PVC,SET,205.0,cife2021_MATERIAIS.xls
2021,M32,Tubo de PVC,OUT,206.7,cife2021_MATERIAIS.xls
2021,M32,Tubo de PVC,NOV,207.9,cife2021_MATERIAIS.xls
2021,M32,Tubo de PVC,DEZ,215.5,cife2021_MATERIAIS.xls
2021,M33,Tubo de PVC p/ instalações elétricas,JAN,175.5,cife2021_MATERIAIS.xls
2021,M33,Tubo de PVC p/ instalações elétricas,FEV,172.7,cife2021_MATERIAIS.xls
2021,M33,Tubo de PVC p/ instalações elétricas,MAR,180.6,cife2021_MATERIAIS.xls
2021,M33,Tubo de PVC p/ instalações elétricas,ABR,193.6,cife2021_MATERIAIS.xls
2021,M33,Tubo de PVC p/ instalações elétricas,MAI,199.6,cife2021_MATERIAIS.xls
2021,M33,Tubo de PVC p/ instalações elétricas,JUN,200.7,cife2021_MATERIAIS.xls
2021,M33,Tubo de PVC p/ instalações elétricas,JUL,215.7,cife2021_MATERIAIS.xls
2021,M33,Tubo de PVC p/ instalações elétricas,AGO,211.7,cife2021_MATERIAIS.xls
2021,M33,Tubo de PVC p/ instalações elétricas,SET,198.7,cife2021_MATERIAIS.xls
2021,M33,Tubo de PVC p/ instalações elétricas,OUT,209.2,cife2021_MATERIAIS.xls
2021,M33,Tubo de PVC p/ instalações elétricas,NOV,211.2,cife2021_MATERIAIS.xls
2021,M33,Tubo de PVC p/ instalações elétricas,DEZ,223.4,cife2021_MATERIAIS.xls
2021,M34,Blocos de betão normal,JAN,116.2,cife2021_MATERIAIS.xls
2021,M34,Blocos de betão normal,FEV,116.9,cife2021_MATERIAIS.xls
2021,M34,Blocos de betão normal,MAR,117.5,cife2021_MATERIAIS.xls
2021,M34,Blocos de betão normal,ABR,117.3,cife2021_MATERIAIS.xls
2021,M34,Blocos de betão normal,MAI,118.2,cife2021_MATERIAIS.xls
2021,M34,Blocos de betão normal,JUN,118.1,cife2021_MATERIAIS.xls
2021,M34,Blocos de betão normal,JUL,119.7,cife2021_MATERIAIS.xls
2021,M34,Blocos de betão normal,AGO,120.8,cife2021_MATERIAIS.xls
2021,M34,Blocos de betão normal,SET,120.8,cife2021_MATERIAIS.xls
2021,M34,Blocos de betão normal,OUT,120.8,cife2021_MATERIAIS.xls
2021,M34,Blocos de betão normal,NOV,120.7,cife2021_MATERIAIS.xls
2021,M34,Blocos de betão normal,DEZ,120.8,cife2021_MATERIAIS.xls
2021,M35,Manilhas de betão,JAN,158.2,cife2021_MATERIAIS.xls
2021,M35,Manilhas de betão,FEV,158.2,cife2021_MATERIAIS.xls
2021,M35,Manilhas de betão,MAR,159.3,cife2021_MATERIAIS.xls
2021,M35,Manilhas de betão,ABR,158.2,cife2021_MATERIAIS.xls
2021,M35,Manilhas de betão,MAI,162.1,cife2021_MATERIAIS.xls
2021,M35,Manilhas de betão,JUN,161.4,cife2021_MATERIAIS.xls
2021,M35,Manilhas de betão,JUL,162.1,cife2021_MATERIAIS.xls
2021,M35,Manilhas de betão,AGO,161.8,cife2021_MATERIAIS.xls
2021,M35,Manilhas de betão,SET,162.5,cife2021_MATERIAIS.xls
2021,M35,Manilhas de betão,OUT,162.7,cife2021_MATERIAIS.xls
2021,M35,Manilhas de betão,NOV,163.3,cife2021_MATERIAIS.xls
2021,M35,Manilhas de betão,DEZ,163.7,cife2021_MATERIAIS.xls
2021,M36,Tubagem de fibrocimento,JAN,157.9,cife2021_MATERIAIS.xls
2021,M36,Tubagem de fibrocimento,FEV,157.9,cife2021_MATERIAIS.xls
2021,M36,Tubagem de fibrocimento,MAR,157.9,cife2021_MATERIAIS.xls
2021,M36,Tubagem de fibrocimento,ABR,157.9,cife2021_MATERIAIS.xls
2021,M36,Tubagem de fibrocimento,MAI,157.9,cife2021_MATERIAIS.xls
2021,M36,Tubagem de fibrocimento,JUN,157.9,cife2021_MATERIAIS.xls
2021,M36,Tubagem de fibrocimento,JUL,157.9,cife2021_MATERIAIS.xls
2021,M36,Tubagem de fibrocimento,AGO,157.9,cife2021_MATERIAIS.xls
2021,M36,Tubagem de fibrocimento,SET,157.9,cife2021_MATERIAIS.xls
2021,M36,Tubagem de fibrocimento,OUT,157.9,cife2021_MATERIAIS.xls
2021,M36,Tubagem de fibrocimento,NOV,157.9,cife2021_MATERIAIS.xls
2021,M36,Tubagem de fibrocimento,DEZ,157.9,cife2021_MATERIAIS.xls
2021,M37,Chapa de fibrocimento (1),JAN,236.3,cife2021_MATERIAIS.xls
2021,M37,Chapa de fibrocimento (1),FEV,236.3,cife2021_MATERIAIS.xls
2021,M37,Chapa de fibrocimento (1),MAR,236.3,cife2021_MATERIAIS.xls
2021,M37,Chapa de fibrocimento (1),ABR,236.3,cife2021_MATERIAIS.xls
2021,M37,Chapa de fibrocimento (1),MAI,236.3,cife2021_MATERIAIS.xls
2021,M37,Chapa de fibrocimento (1),JUN,280.7,cife2021_MATERIAIS.xls
2021,M37,Chapa de fibrocimento (1),JUL,280.7,cife2021_MATERIAIS.xls
2021,M37,Chapa de fibrocimento (1),AGO,280.7,cife2021_MATERIAIS.xls
2021,M37,Chapa de fibrocimento (1),SET,280.7,cife2021_MATERIAIS.xls
2021,M37,Chapa de fibrocimento (1),OUT,280.7,cife2021_MATERIAIS.xls
2021,M37,Chapa de fibrocimento (1),NOV,280.7,cife2021_MATERIAIS.xls
2021,M37,Chapa de fibrocimento (1),DEZ,280.7,cife2021_MATERIAIS.xls
2021,M39,Caixilharias em alumínio anodizado,JAN,143.5,cife2021_MATERIAIS.xls
2021,M39,Caixilharias em alumínio anodizado,FEV,143.5,cife2021_MATERIAIS.xls
2021,M39,Caixilharias em alumínio anodizado,MAR,143.5,cife2021_MATERIAIS.xls
2021,M39,Caixilharias em alumínio anodizado,ABR,143.5,cife2021_MATERIAIS.xls
2021,M39,Caixilharias em alumínio anodizado,MAI,143.5,cife2021_MATERIAIS.xls
2021,M39,Caixilharias em alumínio anodizado,JUN,143.5,cife2021_MATERIAIS.xls
2021,M39,Caixilharias em alumínio anodizado,JUL,143.5,cife2021_MATERIAIS.xls
2021,M39,Caixilharias em alumínio anodizado,AGO,143.5,cife2021_MATERIAIS.xls
2021,M39,Caixilharias em alumínio anodizado,SET,143.5,cife2021_MATERIAIS.xls
2021,M39,Caixilharias em alumínio anodizado,OUT,143.5,cife2021_MATERIAIS.xls
2021,M39,Caixilharias em alumínio anodizado,NOV,143.5,cife2021_MATERIAIS.xls
2021,M39,Caixilharias em alumínio anodizado,DEZ,143.5,cife2021_MATERIAIS.xls
2021,M40,Caixilharias em alumínio termolacado,JAN,124.0,cife2021_MATERIAIS.xls
2021,M40,Caixilharias em alumínio termolacado,FEV,124.0,cife2021_MATERIAIS.xls
2021,M40,Caixilharias em alumínio termolacado,MAR,124.0,cife2021_MATERIAIS.xls
2021,M40,Caixilharias em alumínio termolacado,ABR,124.0,cife2021_MATERIAIS.xls
2021,M40,Caixilharias em alumínio termolacado,MAI,124.0,cife2021_MATERIAIS.xls
2021,M40,Caixilharias em alumínio termolacado,JUN,124.0,cife2021_MATERIAIS.xls
2021,M40,Caixilharias em alumínio termolacado,JUL,124.0,cife2021_MATERIAIS.xls
2021,M40,Caixilharias em alumínio termolacado,AGO,124.0,cife2021_MATERIAIS.xls
2021,M40,Caixilharias em alumínio termolacado,SET,124.0,cife2021_MATERIAIS.xls
2021,M40,Caixilharias em alumínio termolacado,OUT,124.0,cife2021_MATERIAIS.xls
2021,M40,Caixilharias em alumínio termolacado,NOV,124.0,cife2021_MATERIAIS.xls
2021,M40,Caixilharias em alumínio termolacado,DEZ,124.0,cife2021_MATERIAIS.xls
2021,M41,Pavimentos aligeirados de vigotas pré-esforçadas e blocos cerâmicos,JAN,146.1,cife2021_MATERIAIS.xls
2021,M41,Pavimentos aligeirados de vigotas pré-esforçadas e blocos cerâmicos,FEV,150.8,cife2021_MATERIAIS.xls
2021,M41,Pavimentos aligeirados de vigotas pré-esforçadas e blocos cerâmicos,MAR,152.5,cife2021_MATERIAIS.xls
2021,M41,Pavimentos aligeirados de vigotas pré-esforçadas e blocos cerâmicos,ABR,153.1,cife2021_MATERIAIS.xls
2021,M41,Pavimentos aligeirados de vigotas pré-esforçadas e blocos cerâmicos,MAI,154.4,cife2021_MATERIAIS.xls
2021,M41,Pavimentos aligeirados de vigotas pré-esforçadas e blocos cerâmicos,JUN,154.9,cife2021_MATERIAIS.xls
2021,M41,Pavimentos aligeirados de vigotas pré-esforçadas e blocos cerâmicos,JUL,157.3,cife2021_MATERIAIS.xls
2021,M41,Pavimentos aligeirados de vigotas pré-esforçadas e blocos cerâmicos,AGO,158.3,cife2021_MATERIAIS.xls
2021,M41,Pavimentos aligeirados de vigotas pré-esforçadas e blocos cerâmicos,SET,162.7,cife2021_MATERIAIS.xls
2021,M41,Pavimentos aligeirados de vigotas pré-esforçadas e blocos cerâmicos,OUT,164.5,cife2021_MATERIAIS.xls
2021,M41,Pavimentos aligeirados de vigotas pré-esforçadas e blocos cerâmicos,NOV,164.3,cife2021_MATERIAIS.xls
2021,M41,Pavimentos aligeirados de vigotas pré-esforçadas e blocos cerâmicos,DEZ,164.2,cife2021_MATERIAIS.xls
2021,M42,Tubagem de aço e aparelhos para canalizações,JAN,108.2,cife2021_MATERIAIS.xls
2021,M42,Tubagem de aço e aparelhos para canalizações,FEV,108.5,cife2021_MATERIAIS.xls
2021,M42,Tubagem de aço e aparelhos para canalizações,MAR,108.1,cife2021_MATERIAIS.xls
2021,M42,Tubagem de aço e aparelhos para canalizações,ABR,108.5,cife2021_MATERIAIS.xls
2021,M42,Tubagem de aço e aparelhos para canalizações,MAI,112.6,cife2021_MATERIAIS.xls
2021,M42,Tubagem de aço e aparelhos para canalizações,JUN,113.3,cife2021_MATERIAIS.xls
2021,M42,Tubagem de aço e aparelhos para canalizações,JUL,113.6,cife2021_MATERIAIS.xls
2021,M42,Tubagem de aço e aparelhos para canalizações,AGO,114.1,cife2021_MATERIAIS.xls
2021,M42,Tubagem de aço e aparelhos para canalizações,SET,114.7,cife2021_MATERIAIS.xls
2021,M42,Tubagem de aço e aparelhos para canalizações,OUT,116.5,cife2021_MATERIAIS.xls
2021,M42,Tubagem de aço e aparelhos para canalizações,NOV,116.9,cife2021_MATERIAIS.xls
2021,M42,Tubagem de aço e aparelhos para canalizações,DEZ,116.7,cife2021_MATERIAIS.xls
2021,M43,Aço para betão armado,JAN,202.0,cife2021_MATERIAIS.xls
2021,M43,Aço para betão armado,FEV,199.8,cife2021_MATERIAIS.xls
2021,M43,Aço para betão armado,MAR,196.0,cife2021_MATERIAIS.xls
2021,M43,Aço para betão armado,ABR,195.5,cife2021_MATERIAIS.xls
2021,M43,Aço para betão armado,MAI,226.1,cife2021_MATERIAIS.xls
2021,M43,Aço para betão armado,JUN,239.5,cife2021_MATERIAIS.xls
2021,M43,Aço para betão armado,JUL,243.9,cife2021_MATERIAIS.xls
2021,M43,Aço para betão armado,AGO,242.9,cife2021_MATERIAIS.xls
2021,M43,Aço para betão armado,SET,239.7,cife2021_MATERIAIS.xls
2021,M43,Aço para betão armado,OUT,247.3,cife2021_MATERIAIS.xls
2021,M43,Aço para betão armado,NOV,241.8,cife2021_MATERIAIS.xls
2021,M43,Aço para betão armado,DEZ,243.2,cife2021_MATERIAIS.xls
2021,M44,Aço para betão pré-esforçado,JAN,166.4,cife2021_MATERIAIS.xls
2021,M44,Aço para betão pré-esforçado,FEV,167.5,cife2021_MATERIAIS.xls
2021,M44,Aço para betão pré-esforçado,MAR,168.5,cife2021_MATERIAIS.xls
2021,M44,Aço para betão pré-esforçado,ABR,169.5,cife2021_MATERIAIS.xls
2021,M44,Aço para betão pré-esforçado,MAI,170.1,cife2021_MATERIAIS.xls
2021,M44,Aço para betão pré-esforçado,JUN,170.6,cife2021_MATERIAIS.xls
2021,M44,Aço para betão pré-esforçado,JUL,182.9,cife2021_MATERIAIS.xls
2021,M44,Aço para betão pré-esforçado,AGO,188.8,cife2021_MATERIAIS.xls
2021,M44,Aço para betão pré-esforçado,SET,190.8,cife2021_MATERIAIS.xls
2021,M44,Aço para betão pré-esforçado,OUT,193.3,cife2021_MATERIAIS.xls
2021,M44,Aço para betão pré-esforçado,NOV,194.5,cife2021_MATERIAIS.xls
2021,M44,Aço para betão pré-esforçado,DEZ,197.4,cife2021_MATERIAIS.xls
2021,M45,Perfilados pesados e ligeiros,JAN,218.9,cife2021_MATERIAIS.xls
2021,M45,Perfilados pesados e ligeiros,FEV,224.9,cife2021_MATERIAIS.xls
2021,M45,Perfilados pesados e ligeiros,MAR,228.2,cife2021_MATERIAIS.xls
2021,M45,Perfilados pesados e ligeiros,ABR,227.3,cife2021_MATERIAIS.xls
2021,M45,Perfilados pesados e ligeiros,MAI,249.6,cife2021_MATERIAIS.xls
2021,M45,Perfilados pesados e ligeiros,JUN,260.0,cife2021_MATERIAIS.xls
2021,M45,Perfilados pesados e ligeiros,JUL,266.5,cife2021_MATERIAIS.xls
2021,M45,Perfilados pesados e ligeiros,AGO,273.5,cife2021_MATERIAIS.xls
2021,M45,Perfilados pesados e ligeiros,SET,272.5,cife2021_MATERIAIS.xls
2021,M45,Perfilados pesados e ligeiros,OUT,270.4,cife2021_MATERIAIS.xls
2021,M45,Perfilados pesados e ligeiros,NOV,272.7,cife2021_MATERIAIS.xls
2021,M45,Perfilados pesados e ligeiros,DEZ,271.7,cife2021_MATERIAIS.xls
2021,M46,Produtos para instalações elétricas,JAN,173.2,cife2021_MATERIAIS.xls
2021,M46,Produtos para instalações elétricas,FEV,177.2,cife2021_MATERIAIS.xls
2021,M46,Produtos para instalações elétricas,MAR,179.9,cife2021_MATERIAIS.xls
2021,M46,Produtos para instalações elétricas,ABR,182.2,cife2021_MATERIAIS.xls
2021,M46,Produtos para instalações elétricas,MAI,186.2,cife2021_MATERIAIS.xls
2021,M46,Produtos para instalações elétricas,JUN,189.8,cife2021_MATERIAIS.xls
2021,M46,Produtos para instalações elétricas,JUL,192.8,cife2021_MATERIAIS.xls
2021,M46,Produtos para instalações elétricas,AGO,194.5,cife2021_MATERIAIS.xls
2021,M46,Produtos para instalações elétricas,SET,193.5,cife2021_MATERIAIS.xls
2021,M46,Produtos para instalações elétricas,OUT,197.3,cife2021_MATERIAIS.xls
2021,M46,Produtos para instalações elétricas,NOV,197.8,cife2021_MATERIAIS.xls
2021,M46,Produtos para instalações elétricas,DEZ,200.2,cife2021_MATERIAIS.xls
2021,M47,Produtos pré-fabricados de betão,JAN,101.5,cife2021_MATERIAIS.xls
2021,M47,Produtos pré-fabricados de betão,FEV,102.7,cife2021_MATERIAIS.xls
2021,M47,Produtos pré-fabricados de betão,MAR,103.8,cife2021_MATERIAIS.xls
2021,M47,Produtos pré-fabricados de betão,ABR,102.9,cife2021_MATERIAIS.xls
2021,M47,Produtos pré-fabricados de betão,MAI,104.5,cife2021_MATERIAIS.xls
2021,M47,Produtos pré-fabricados de betão,JUN,105.0,cife2021_MATERIAIS.xls
2021,M47,Produtos pré-fabricados de betão,JUL,106.6,cife2021_MATERIAIS.xls
2021,M47,Produtos pré-fabricados de betão,AGO,107.1,cife2021_MATERIAIS.xls
2021,M47,Produtos pré-fabricados de betão,SET,109.5,cife2021_MATERIAIS.xls
2021,M47,Produtos pré-fabricados de betão,OUT,109.7,cife2021_MATERIAIS.xls
2021,M47,Produtos pré-fabricados de betão,NOV,109.8,cife2021_MATERIAIS.xls
2021,M47,Produtos pré-fabricados de betão,DEZ,110.0,cife2021_MATERIAIS.xls
2021,M48,Produtos para ajardinamentos,JAN,114.4,cife2021_MATERIAIS.xls
2021,M48,Produtos para ajardinamentos,FEV,114.7,cife2021_MATERIAIS.xls
2021,M48,Produtos para ajardinamentos,MAR,114.4,cife2021_MATERIAIS.xls
2021,M48,Produtos para ajardinamentos,ABR,113.5,cife2021_MATERIAIS.xls
2021,M48,Produtos para ajardinamentos,MAI,114.7,cife2021_MATERIAIS.xls
2021,M48,Produtos para ajardinamentos,JUN,114.6,cife2021_MATERIAIS.xls
2021,M48,Produtos para ajardinamentos,JUL,113.5,cife2021_MATERIAIS.xls
2021,M48,Produtos para ajardinamentos,AGO,113.8,cife2021_MATERIAIS.xls
2021,M48,Produtos para ajardinamentos,SET,113.6,cife2021_MATERIAIS.xls
2021,M48,Produtos para ajardinamentos,OUT,113.0,cife2021_MATERIAIS.xls
2021,M48,Produtos para ajardinamentos,NOV,116.1,cife2021_MATERIAIS.xls
2021,M48,Produtos para ajardinamentos,DEZ,118.2,cife2021_MATERIAIS.xls
2021,M49,Geotêxteis,JAN,97.7,cife2021_MATERIAIS.xls
2021,M49,Geotêxteis,FEV,97.7,cife2021_MATERIAIS.xls
2021,M49,Geotêxteis,MAR,97.7,cife2021_MATERIAIS.xls
2021,M49,Geotêxteis,ABR,97.7,cife2021_MATERIAIS.xls
2021,M49,Geotêxteis,MAI,103.3,cife2021_MATERIAIS.xls
2021,M49,Geotêxteis,JUN,103.3,cife2021_MATERIAIS.xls
2021,M49,Geotêxteis,JUL,103.3,cife2021_MATERIAIS.xls
2021,M49,Geotêxteis,AGO,103.3,cife2021_MATERIAIS.xls
2021,M49,Geotêxteis,SET,103.3,cife2021_MATERIAIS.xls
2021,M49,Geotêxteis,OUT,103.3,cife2021_MATERIAIS.xls
2021,M49,Geotêxteis,NOV,110.1,cife2021_MATERIAIS.xls
2021,M49,Geotêxteis,DEZ,109.1,cife2021_MATERIAIS.xls
2021,M50,Tubos e Acessórios de Ferro Fundido e Aço,JAN,165.9,cife2021_MATERIAIS.xls
2021,M50,Tubos e Acessórios de Ferro Fundido e Aço,FEV,169.6,cife2021_MATERIAIS.xls
2021,M50,Tubos e Acessórios de Ferro Fundido e Aço,MAR,167.3,cife2021_MATERIAIS.xls
2021,M50,Tubos e Acessórios de Ferro Fundido e Aço,ABR,185.0,cife2021_MATERIAIS.xls
2021,M50,Tubos e Acessórios de Ferro Fundido e Aço,MAI,192.1,cife2021_MATERIAIS.xls
2021,M50,Tubos e Acessórios de Ferro Fundido e Aço,JUN,187.8,cife2021_MATERIAIS.xls
2021,M50,Tubos e Acessórios de Ferro Fundido e Aço,JUL,200.7,cife2021_MATERIAIS.xls
2021,M50,Tubos e Acessórios de Ferro Fundido e Aço,AGO,204.2,cife2021_MATERIAIS.xls
2021,M50,Tubos e Acessórios de Ferro Fundido e Aço,SET,199.4,cife2021_MATERIAIS.xls
2021,M50,Tubos e Acessórios de Ferro Fundido e Aço,OUT,196.1,cife2021_MATERIAIS.xls
2021,M50,Tubos e Acessórios de Ferro Fundido e Aço,NOV,201.2,cife2021_MATERIAIS.xls
2021,M50,Tubos e Acessórios de Ferro Fundido e Aço,DEZ,202.6,cife2021_MATERIAIS.xls
2021,M51,Tintas para Construções Metálicas,JAN,135.4,cife2021_MATERIAIS.xls
2021,M51,Tintas para Construções Metálicas,FEV,135.8,cife2021_MATERIAIS.xls
2021,M51,Tintas para Construções Metálicas,MAR,136.3,cife2021_MATERIAIS.xls
2021,M51,Tintas para Construções Metálicas,ABR,137.3,cife2021_MATERIAIS.xls
2021,M51,Tintas para Construções Metálicas,MAI,138.3,cife2021_MATERIAIS.xls
2021,M51,Tintas para Construções Metálicas,JUN,139.8,cife2021_MATERIAIS.xls
2021,M51,Tintas para Construções Metálicas,JUL,140.3,cife2021_MATERIAIS.xls
2021,M51,Tintas para Construções Metálicas,AGO,140.5,cife2021_MATERIAIS.xls
2021,M51,Tintas para Construções Metálicas,SET,140.6,cife2021_MATERIAIS.xls
2021,M51,Tintas para Construções Metálicas,OUT,141.3,cife2021_MATERIAIS.xls
2021,M51,Tintas para Construções Metálicas,NOV,145.9,cife2021_MATERIAIS.xls
2021,M51,Tintas para Construções Metálicas,DEZ,145.9,cife2021_MATERIAIS.xls
2021,M52,Redes e equipamentos de média e alta tensão,JAN,100.1,cife2021_MATERIAIS.xls
2021,M52,Redes e equipamentos de média e alta tensão,FEV,100.7,cife2021_MATERIAIS.xls
2021,M52,Redes e equipamentos de média e alta tensão,MAR,101.3,cife2021_MATERIAIS.xls
2021,M52,Redes e equipamentos de média e alta tensão,ABR,101.6,cife2021_MATERIAIS.xls
2021,M52,Redes e equipamentos de média e alta tensão,MAI,102.5,cife2021_MATERIAIS.xls
2021,M52,Redes e equipamentos de média e alta tensão,JUN,105.4,cife2021_MATERIAIS.xls
2021,M52,Redes e equipamentos de média e alta tensão,JUL,106.1,cife2021_MATERIAIS.xls
2021,M52,Redes e equipamentos de média e alta tensão,AGO,108.0,cife2021_MATERIAIS.xls
2021,M52,Redes e equipamentos de média e alta tensão,SET,108.2,cife2021_MATERIAIS.xls
2021,M52,Redes e equipamentos de média e alta tensão,OUT,108.5,cife2021_MATERIAIS.xls
2021,M52,Redes e equipamentos de média e alta tensão,NOV,108.8,cife2021_MATERIAIS.xls
2021,M52,Redes e equipamentos de média e alta tensão,DEZ,109.1,cife2021_MATERIAIS.xls
2021,M53,Tubagem e acessórios para redes prediais de distribuição de água,JAN,101.4,cife2021_MATERIAIS.xls
2021,M53,Tubagem e acessórios para redes prediais de distribuição de água,FEV,102.4,cife2021_MATERIAIS.xls
2021,M53,Tubagem e acessórios para redes prediais de distribuição de água,MAR,103.9,cife2021_MATERIAIS.xls
2021,M53,Tubagem e acessórios para redes prediais de distribuição de água,ABR,107.5,cife2021_MATERIAIS.xls
2021,M53,Tubagem e acessórios para redes prediais de distribuição de água,MAI,114.2,cife2021_MATERIAIS.xls
2021,M53,Tubagem e acessórios para redes prediais de distribuição de água,JUN,115.0,cife2021_MATERIAIS.xls
2021,M53,Tubagem e acessórios para redes prediais de distribuição de água,JUL,116.0,cife2021_MATERIAIS.xls
2021,M53,Tubagem e acessórios para redes prediais de distribuição de água,AGO,116.6,cife2021_MATERIAIS.xls
2021,M53,Tubagem e acessórios para redes prediais de distribuição de água,SET,118.5,cife2021_MATERIAIS.xls
2021,M53,Tubagem e acessórios para redes prediais de distribuição de água,OUT,119.8,cife2021_MATERIAIS.xls
2021,M53,Tubagem e acessórios para redes prediais de distribuição de água,NOV,121.3,cife2021_MATERIAIS.xls
2021,M53,Tubagem e acessórios para redes prediais de distribuição de água,DEZ,122.9,cife2021_MATERIAIS.xls
2021,M54,Produtos com base em ligantes minerais pré-doseados para  revestimentos,JAN,110.6,cife2021_MATERIAIS.xls
2021,M54,Produtos com base em ligantes minerais pré-doseados para  revestimentos,FEV,111.7,cife2021_MATERIAIS.xls
2021,M54,Produtos com base em ligantes minerais pré-doseados para  revestimentos,MAR,109.9,cife2021_MATERIAIS.xls
2021,M54,Produtos com base em ligantes minerais pré-doseados para  revestimentos,ABR,109.8,cife2021_MATERIAIS.xls
2021,M54,Produtos com base em ligantes minerais pré-doseados para  revestimentos,MAI,109.4,cife2021_MATERIAIS.xls
2021,M54,Produtos com base em ligantes minerais pré-doseados para  revestimentos,JUN,108.7,cife2021_MATERIAIS.xls
2021,M54,Produtos com base em ligantes minerais pré-doseados para  revestimentos,JUL,107.5,cife2021_MATERIAIS.xls
2021,M54,Produtos com base em ligantes minerais pré-doseados para  revestimentos,AGO,109.1,cife2021_MATERIAIS.xls
2021,M54,Produtos com base em ligantes minerais pré-doseados para  revestimentos,SET,107.8,cife2021_MATERIAIS.xls
2021,M54,Produtos com base em ligantes minerais pré-doseados para  revestimentos,OUT,109.4,cife2021_MATERIAIS.xls
2021,M54,Produtos com base em ligantes minerais pré-doseados para  revestimentos,NOV,109.8,cife2021_MATERIAIS.xls
2021,M54,Produtos com base em ligantes minerais pré-doseados para  revestimentos,DEZ,109.1,cife2021_MATERIAIS.xls
2021,M55,Chapas e painéis para revestimento de coberturas,JAN,105.1,cife2021_MATERIAIS.xls
2021,M55,Chapas e painéis para revestimento de coberturas,FEV,106.4,cife2021_MATERIAIS.xls
2021,M55,Chapas e painéis para revestimento de coberturas,MAR,107.5,cife2021_MATERIAIS.xls
2021,M55,Chapas e painéis para revestimento de coberturas,ABR,113.1,cife2021_MATERIAIS.xls
2021,M55,Chapas e painéis para revestimento de coberturas,MAI,117.0,cife2021_MATERIAIS.xls
2021,M55,Chapas e painéis para revestimento de coberturas,JUN,119.8,cife2021_MATERIAIS.xls
2021,M55,Chapas e painéis para revestimento de coberturas,JUL,121.0,cife2021_MATERIAIS.xls
2021,M55,Chapas e painéis para revestimento de coberturas,AGO,121.4,cife2021_MATERIAIS.xls
2021,M55,Chapas e painéis para revestimento de coberturas,SET,121.4,cife2021_MATERIAIS.xls
2021,M55,Chapas e painéis para revestimento de coberturas,OUT,121.7,cife2021_MATERIAIS.xls
2021,M55,Chapas e painéis para revestimento de coberturas,NOV,121.9,cife2021_MATERIAIS.xls
2021,M55,Chapas e painéis para revestimento de coberturas,DEZ,121.9,cife2021_MATERIAIS.xls
2021,M56,Sistemas compósitos de isolamento térmico pelo exterior (ETIC),JAN,100.7,cife2021_MATERIAIS.xls
2021,M56,Sistemas compósitos de isolamento térmico pelo exterior (ETIC),FEV,100.8,cife2021_MATERIAIS.xls
2021,M56,Sistemas compósitos de isolamento térmico pelo exterior (ETIC),MAR,100.9,cife2021_MATERIAIS.xls
2021,M56,Sistemas compósitos de isolamento térmico pelo exterior (ETIC),ABR,101.3,cife2021_MATERIAIS.xls
2021,M56,Sistemas compósitos de isolamento térmico pelo exterior (ETIC),MAI,101.3,cife2021_MATERIAIS.xls
2021,M56,Sistemas compósitos de isolamento térmico pelo exterior (ETIC),JUN,101.3,cife2021_MATERIAIS.xls
2021,M56,Sistemas compósitos de isolamento térmico pelo exterior (ETIC),JUL,101.5,cife2021_MATERIAIS.xls
2021,M56,Sistemas compósitos de isolamento térmico pelo exterior (ETIC),AGO,101.6,cife2021_MATERIAIS.xls
2021,M56,Sistemas compósitos de isolamento térmico pelo exterior (ETIC),SET,101.9,cife2021_MATERIAIS.xls
2021,M56,Sistemas compósitos de isolamento térmico pelo exterior (ETIC),OUT,102.0,cife2021_MATERIAIS.xls
2021,M56,Sistemas compósitos de isolamento térmico pelo exterior (ETIC),NOV,102.0,cife2021_MATERIAIS.xls
2021,M56,Sistemas compósitos de isolamento térmico pelo exterior (ETIC),DEZ,102.1,cife2021_MATERIAIS.xls
2021,M57,Isolamentos térmicos e acústicos,JAN,100.4,cife2021_MATERIAIS.xls
2021,M57,Isolamentos térmicos e acústicos,FEV,100.4,cife2021_MATERIAIS.xls
2021,M57,Isolamentos térmicos e acústicos,MAR,100.5,cife2021_MATERIAIS.xls
2021,M57,Isolamentos térmicos e acústicos,ABR,101.5,cife2021_MATERIAIS.xls
2021,M57,Isolamentos térmicos e acústicos,MAI,118.2,cife2021_MATERIAIS.xls
2021,M57,Isolamentos térmicos e acústicos,JUN,118.2,cife2021_MATERIAIS.xls
2021,M57,Isolamentos térmicos e acústicos,JUL,118.4,cife2021_MATERIAIS.xls
2021,M57,Isolamentos térmicos e acústicos,AGO,118.6,cife2021_MATERIAIS.xls
2021,M57,Isolamentos térmicos e acústicos,SET,118.9,cife2021_MATERIAIS.xls
2021,M57,Isolamentos térmicos e acústicos,OUT,122.2,cife2021_MATERIAIS.xls
2021,M57,Isolamentos térmicos e acústicos,NOV,122.4,cife2021_MATERIAIS.xls
2021,M57,Isolamentos térmicos e acústicos,DEZ,122.6,cife2021_MATERIAIS.xls
2022,M01,Britas,JAN,116.8,cife2022_MATERIAIS.xls
2022,M01,Britas,FEV,122.1,cife2022_MATERIAIS.xls
2022,M01,Britas,MAR,122.0,cife2022_MATERIAIS.xls
2022,M01,Britas,ABR,127.6,cife2022_MATERIAIS.xls
2022,M01,Britas,MAI,129.3,cife2022_MATERIAIS.xls
2022,M01,Britas,JUN,129.1,cife2022_MATERIAIS.xls
2022,M01,Britas,JUL,129.3,cife2022_MATERIAIS.xls
2022,M01,Britas,AGO,131.7,cife2022_MATERIAIS.xls
2022,M01,Britas,SET,131.8,cife2022_MATERIAIS.xls
2022,M01,Britas,OUT,131.9,cife2022_MATERIAIS.xls
2022,M01,Britas,NOV,132.0,cife2022_MATERIAIS.xls
2022,M01,Britas,DEZ,133.3,cife2022_MATERIAIS.xls
2022,M02,Areias,JAN,100.2,cife2022_MATERIAIS.xls
2022,M02,Areias,FEV,102.4,cife2022_MATERIAIS.xls
2022,M02,Areias,MAR,103.0,cife2022_MATERIAIS.xls
2022,M02,Areias,ABR,105.8,cife2022_MATERIAIS.xls
2022,M02,Areias,MAI,105.6,cife2022_MATERIAIS.xls
2022,M02,Areias,JUN,106.3,cife2022_MATERIAIS.xls
2022,M02,Areias,JUL,106.4,cife2022_MATERIAIS.xls
2022,M02,Areias,AGO,105.5,cife2022_MATERIAIS.xls
2022,M02,Areias,SET,105.8,cife2022_MATERIAIS.xls
2022,M02,Areias,OUT,105.8,cife2022_MATERIAIS.xls
2022,M02,Areias,NOV,101.5,cife2022_MATERIAIS.xls
2022,M02,Areias,DEZ,99.9746111224569,cife2022_MATERIAIS.xls
2022,M03,Inertes,JAN,111.1,cife2022_MATERIAIS.xls
2022,M03,Inertes,FEV,115.2,cife2022_MATERIAIS.xls
2022,M03,Inertes,MAR,115.3,cife2022_MATERIAIS.xls
2022,M03,Inertes,ABR,119.8,cife2022_MATERIAIS.xls
2022,M03,Inertes,MAI,120.8,cife2022_MATERIAIS.xls
2022,M03,Inertes,JUN,121.0,cife2022_MATERIAIS.xls
2022,M03,Inertes,JUL,121.1,cife2022_MATERIAIS.xls
2022,M03,Inertes,AGO,122.2,cife2022_MATERIAIS.xls
2022,M03,Inertes,SET,122.4,cife2022_MATERIAIS.xls
2022,M03,Inertes,OUT,122.5,cife2022_MATERIAIS.xls
2022,M03,Inertes,NOV,120.7,cife2022_MATERIAIS.xls
2022,M03,Inertes,DEZ,120.8,cife2022_MATERIAIS.xls
2022,M04,Ladrilhos de calcário e granito,JAN,87.7,cife2022_MATERIAIS.xls
2022,M04,Ladrilhos de calcário e granito,FEV,87.7,cife2022_MATERIAIS.xls
2022,M04,Ladrilhos de calcário e granito,MAR,87.7,cife2022_MATERIAIS.xls
2022,M04,Ladrilhos de calcário e granito,ABR,91.4,cife2022_MATERIAIS.xls
2022,M04,Ladrilhos de calcário e granito,MAI,93.2,cife2022_MATERIAIS.xls
2022,M04,Ladrilhos de calcário e granito,JUN,94.3,cife2022_MATERIAIS.xls
2022,M04,Ladrilhos de calcário e granito,JUL,94.4,cife2022_MATERIAIS.xls
2022,M04,Ladrilhos de calcário e granito,AGO,94.6,cife2022_MATERIAIS.xls
2022,M04,Ladrilhos de calcário e granito,SET,94.8,cife2022_MATERIAIS.xls
2022,M04,Ladrilhos de calcário e granito,OUT,95.8,cife2022_MATERIAIS.xls
2022,M04,Ladrilhos de calcário e granito,NOV,100.8,cife2022_MATERIAIS.xls
2022,M04,Ladrilhos de calcário e granito,DEZ,100.8,cife2022_MATERIAIS.xls
2022,M05,Cantarias de calcário e granito,JAN,116.8,cife2022_MATERIAIS.xls
2022,M05,Cantarias de calcário e granito,FEV,117.1,cife2022_MATERIAIS.xls
2022,M05,Cantarias de calcário e granito,MAR,117.1,cife2022_MATERIAIS.xls
2022,M05,Cantarias de calcário e granito,ABR,117.1,cife2022_MATERIAIS.xls
2022,M05,Cantarias de calcário e granito,MAI,136.4,cife2022_MATERIAIS.xls
2022,M05,Cantarias de calcário e granito,JUN,136.4,cife2022_MATERIAIS.xls
2022,M05,Cantarias de calcário e granito,JUL,136.4,cife2022_MATERIAIS.xls
2022,M05,Cantarias de calcário e granito,AGO,136.4,cife2022_MATERIAIS.xls
2022,M05,Cantarias de calcário e granito,SET,136.4,cife2022_MATERIAIS.xls
2022,M05,Cantarias de calcário e granito,OUT,136.4,cife2022_MATERIAIS.xls
2022,M05,Cantarias de calcário e granito,NOV,136.4,cife2022_MATERIAIS.xls
2022,M05,Cantarias de calcário e granito,DEZ,136.4,cife2022_MATERIAIS.xls
2022,M06,Ladr. e cant. de calcário e granito,JAN,91.3,cife2022_MATERIAIS.xls
2022,M06,Ladr. e cant. de calcário e granito,FEV,91.3,cife2022_MATERIAIS.xls
2022,M06,Ladr. e cant. de calcário e granito,MAR,91.3,cife2022_MATERIAIS.xls
2022,M06,Ladr. e cant. de calcário e granito,ABR,94.2,cife2022_MATERIAIS.xls
2022,M06,Ladr. e cant. de calcário e granito,MAI,99.5,cife2022_MATERIAIS.xls
2022,M06,Ladr. e cant. de calcário e granito,JUN,100.4,cife2022_MATERIAIS.xls
2022,M06,Ladr. e cant. de calcário e granito,JUL,100.4,cife2022_MATERIAIS.xls
2022,M06,Ladr. e cant. de calcário e granito,AGO,100.6,cife2022_MATERIAIS.xls
2022,M06,Ladr. e cant. de calcário e granito,SET,100.8,cife2022_MATERIAIS.xls
2022,M06,Ladr. e cant. de calcário e granito,OUT,101.6,cife2022_MATERIAIS.xls
2022,M06,Ladr. e cant. de calcário e granito,NOV,105.6,cife2022_MATERIAIS.xls
2022,M06,Ladr. e cant. de calcário e granito,DEZ,105.5,cife2022_MATERIAIS.xls
2022,M07,Telhas cerâmicas,JAN,178.4,cife2022_MATERIAIS.xls
2022,M07,Telhas cerâmicas,FEV,194.1,cife2022_MATERIAIS.xls
2022,M07,Telhas cerâmicas,MAR,208.5,cife2022_MATERIAIS.xls
2022,M07,Telhas cerâmicas,ABR,280.5,cife2022_MATERIAIS.xls
2022,M07,Telhas cerâmicas,MAI,272.6,cife2022_MATERIAIS.xls
2022,M07,Telhas cerâmicas,JUN,274.1,cife2022_MATERIAIS.xls
2022,M07,Telhas cerâmicas,JUL,251.8,cife2022_MATERIAIS.xls
2022,M07,Telhas cerâmicas,AGO,239.2,cife2022_MATERIAIS.xls
2022,M07,Telhas cerâmicas,SET,259.1,cife2022_MATERIAIS.xls
2022,M07,Telhas cerâmicas,OUT,252.3,cife2022_MATERIAIS.xls
2022,M07,Telhas cerâmicas,NOV,242.1,cife2022_MATERIAIS.xls
2022,M07,Telhas cerâmicas,DEZ,250.2,cife2022_MATERIAIS.xls
2022,M08,Tijolos cerâmicos,JAN,115.7,cife2022_MATERIAIS.xls
2022,M08,Tijolos cerâmicos,FEV,118.3,cife2022_MATERIAIS.xls
2022,M08,Tijolos cerâmicos,MAR,125.9,cife2022_MATERIAIS.xls
2022,M08,Tijolos cerâmicos,ABR,132.5,cife2022_MATERIAIS.xls
2022,M08,Tijolos cerâmicos,MAI,135.6,cife2022_MATERIAIS.xls
2022,M08,Tijolos cerâmicos,JUN,135.2,cife2022_MATERIAIS.xls
2022,M08,Tijolos cerâmicos,JUL,131.6,cife2022_MATERIAIS.xls
2022,M08,Tijolos cerâmicos,AGO,125.1,cife2022_MATERIAIS.xls
2022,M08,Tijolos cerâmicos,SET,123.8,cife2022_MATERIAIS.xls
2022,M08,Tijolos cerâmicos,OUT,123.3,cife2022_MATERIAIS.xls
2022,M08,Tijolos cerâmicos,NOV,124.1,cife2022_MATERIAIS.xls
2022,M08,Tijolos cerâmicos,DEZ,124.5,cife2022_MATERIAIS.xls
2022,M09,Produtos Cerâmicos Vermelhos,JAN,124.8,cife2022_MATERIAIS.xls
2022,M09,Produtos Cerâmicos Vermelhos,FEV,129.3,cife2022_MATERIAIS.xls
2022,M09,Produtos Cerâmicos Vermelhos,MAR,137.9,cife2022_MATERIAIS.xls
2022,M09,Produtos Cerâmicos Vermelhos,ABR,153.1,cife2022_MATERIAIS.xls
2022,M09,Produtos Cerâmicos Vermelhos,MAI,155.1,cife2022_MATERIAIS.xls
2022,M09,Produtos Cerâmicos Vermelhos,JUN,154.9,cife2022_MATERIAIS.xls
2022,M09,Produtos Cerâmicos Vermelhos,JUL,149.2,cife2022_MATERIAIS.xls
2022,M09,Produtos Cerâmicos Vermelhos,AGO,141.8,cife2022_MATERIAIS.xls
2022,M09,Produtos Cerâmicos Vermelhos,SET,142.9,cife2022_MATERIAIS.xls
2022,M09,Produtos Cerâmicos Vermelhos,OUT,141.7,cife2022_MATERIAIS.xls
2022,M09,Produtos Cerâmicos Vermelhos,NOV,141.3,cife2022_MATERIAIS.xls
2022,M09,Produtos Cerâmicos Vermelhos,DEZ,142.6,cife2022_MATERIAIS.xls
2022,M10,Azulejos e Mosaicos,JAN,104.5,cife2022_MATERIAIS.xls
2022,M10,Azulejos e Mosaicos,FEV,105.5,cife2022_MATERIAIS.xls
2022,M10,Azulejos e Mosaicos,MAR,104.8,cife2022_MATERIAIS.xls
2022,M10,Azulejos e Mosaicos,ABR,111.6,cife2022_MATERIAIS.xls
2022,M10,Azulejos e Mosaicos,MAI,119.7,cife2022_MATERIAIS.xls
2022,M10,Azulejos e Mosaicos,JUN,123.4,cife2022_MATERIAIS.xls
2022,M10,Azulejos e Mosaicos,JUL,120.7,cife2022_MATERIAIS.xls
2022,M10,Azulejos e Mosaicos,AGO,117.2,cife2022_MATERIAIS.xls
2022,M10,Azulejos e Mosaicos,SET,124.9,cife2022_MATERIAIS.xls
2022,M10,Azulejos e Mosaicos,OUT,132.8,cife2022_MATERIAIS.xls
2022,M10,Azulejos e Mosaicos,NOV,136.6,cife2022_MATERIAIS.xls
2022,M10,Azulejos e Mosaicos,DEZ,133.8,cife2022_MATERIAIS.xls
2022,M12,Aço em Varão e Perfilados,JAN,404.3,cife2022_MATERIAIS.xls
2022,M12,Aço em Varão e Perfilados,FEV,404.0,cife2022_MATERIAIS.xls
2022,M12,Aço em Varão e Perfilados,MAR,486.8,cife2022_MATERIAIS.xls
2022,M12,Aço em Varão e Perfilados,ABR,522.2,cife2022_MATERIAIS.xls
2022,M12,Aço em Varão e Perfilados,MAI,511.4,cife2022_MATERIAIS.xls
2022,M12,Aço em Varão e Perfilados,JUN,454.7,cife2022_MATERIAIS.xls
2022,M12,Aço em Varão e Perfilados,JUL,417.3,cife2022_MATERIAIS.xls
2022,M12,Aço em Varão e Perfilados,AGO,422.4,cife2022_MATERIAIS.xls
2022,M12,Aço em Varão e Perfilados,SET,455.5,cife2022_MATERIAIS.xls
2022,M12,Aço em Varão e Perfilados,OUT,435.6,cife2022_MATERIAIS.xls
2022,M12,Aço em Varão e Perfilados,NOV,407.4,cife2022_MATERIAIS.xls
2022,M12,Aço em Varão e Perfilados,DEZ,394.2,cife2022_MATERIAIS.xls
2022,M13,Chapa de Aço Macio,JAN,230.4,cife2022_MATERIAIS.xls
2022,M13,Chapa de Aço Macio,FEV,231.5,cife2022_MATERIAIS.xls
2022,M13,Chapa de Aço Macio,MAR,292.2,cife2022_MATERIAIS.xls
2022,M13,Chapa de Aço Macio,ABR,308.8,cife2022_MATERIAIS.xls
2022,M13,Chapa de Aço Macio,MAI,305.8,cife2022_MATERIAIS.xls
2022,M13,Chapa de Aço Macio,JUN,296.2,cife2022_MATERIAIS.xls
2022,M13,Chapa de Aço Macio,JUL,276.5,cife2022_MATERIAIS.xls
2022,M13,Chapa de Aço Macio,AGO,267.5,cife2022_MATERIAIS.xls
2022,M13,Chapa de Aço Macio,SET,252.3,cife2022_MATERIAIS.xls
2022,M13,Chapa de Aço Macio,OUT,243.3,cife2022_MATERIAIS.xls
2022,M13,Chapa de Aço Macio,NOV,227.2,cife2022_MATERIAIS.xls
2022,M13,Chapa de Aço Macio,DEZ,215.5,cife2022_MATERIAIS.xls
2022,M14,Rede electrossoldada,JAN,207.8,cife2022_MATERIAIS.xls
2022,M14,Rede electrossoldada,FEV,203.3,cife2022_MATERIAIS.xls
2022,M14,Rede electrossoldada,MAR,239.0,cife2022_MATERIAIS.xls
2022,M14,Rede electrossoldada,ABR,257.5,cife2022_MATERIAIS.xls
2022,M14,Rede electrossoldada,MAI,257.1,cife2022_MATERIAIS.xls
2022,M14,Rede electrossoldada,JUN,250.4,cife2022_MATERIAIS.xls
2022,M14,Rede electrossoldada,JUL,232.6,cife2022_MATERIAIS.xls
2022,M14,Rede electrossoldada,AGO,231.1,cife2022_MATERIAIS.xls
2022,M14,Rede electrossoldada,SET,230.8,cife2022_MATERIAIS.xls
2022,M14,Rede electrossoldada,OUT,229.4,cife2022_MATERIAIS.xls
2022,M14,Rede electrossoldada,NOV,225.7,cife2022_MATERIAIS.xls
2022,M14,Rede electrossoldada,DEZ,217.6,cife2022_MATERIAIS.xls
2022,M15,Chapa de aço galvanizada,JAN,197.6,cife2022_MATERIAIS.xls
2022,M15,Chapa de aço galvanizada,FEV,197.4,cife2022_MATERIAIS.xls
2022,M15,Chapa de aço galvanizada,MAR,206.0,cife2022_MATERIAIS.xls
2022,M15,Chapa de aço galvanizada,ABR,213.8,cife2022_MATERIAIS.xls
2022,M15,Chapa de aço galvanizada,MAI,208.4,cife2022_MATERIAIS.xls
2022,M15,Chapa de aço galvanizada,JUN,201.6,cife2022_MATERIAIS.xls
2022,M15,Chapa de aço galvanizada,JUL,195.1,cife2022_MATERIAIS.xls
2022,M15,Chapa de aço galvanizada,AGO,190.6,cife2022_MATERIAIS.xls
2022,M15,Chapa de aço galvanizada,SET,190.6,cife2022_MATERIAIS.xls
2022,M15,Chapa de aço galvanizada,OUT,198.2,cife2022_MATERIAIS.xls
2022,M15,Chapa de aço galvanizada,NOV,196.5,cife2022_MATERIAIS.xls
2022,M15,Chapa de aço galvanizada,DEZ,194.9,cife2022_MATERIAIS.xls
2022,M16,Fio de Cobre Nu,JAN,323.8,cife2022_MATERIAIS.xls
2022,M16,Fio de Cobre Nu,FEV,323.8,cife2022_MATERIAIS.xls
2022,M16,Fio de Cobre Nu,MAR,343.2,cife2022_MATERIAIS.xls
2022,M16,Fio de Cobre Nu,ABR,351.4,cife2022_MATERIAIS.xls
2022,M16,Fio de Cobre Nu,MAI,352.9,cife2022_MATERIAIS.xls
2022,M16,Fio de Cobre Nu,JUN,347.8,cife2022_MATERIAIS.xls
2022,M16,Fio de Cobre Nu,JUL,334.6,cife2022_MATERIAIS.xls
2022,M16,Fio de Cobre Nu,AGO,324.8,cife2022_MATERIAIS.xls
2022,M16,Fio de Cobre Nu,SET,321.7,cife2022_MATERIAIS.xls
2022,M16,Fio de Cobre Nu,OUT,319.5,cife2022_MATERIAIS.xls
2022,M16,Fio de Cobre Nu,NOV,318.7,cife2022_MATERIAIS.xls
2022,M16,Fio de Cobre Nu,DEZ,320.0,cife2022_MATERIAIS.xls
2022,M17,Fio de cobre revestido,JAN,324.1,cife2022_MATERIAIS.xls
2022,M17,Fio de cobre revestido,FEV,327.0,cife2022_MATERIAIS.xls
2022,M17,Fio de cobre revestido,MAR,342.5,cife2022_MATERIAIS.xls
2022,M17,Fio de cobre revestido,ABR,350.6,cife2022_MATERIAIS.xls
2022,M17,Fio de cobre revestido,MAI,352.2,cife2022_MATERIAIS.xls
2022,M17,Fio de cobre revestido,JUN,347.1,cife2022_MATERIAIS.xls
2022,M17,Fio de cobre revestido,JUL,334.0,cife2022_MATERIAIS.xls
2022,M17,Fio de cobre revestido,AGO,324.2,cife2022_MATERIAIS.xls
2022,M17,Fio de cobre revestido,SET,321.1,cife2022_MATERIAIS.xls
2022,M17,Fio de cobre revestido,OUT,318.8,cife2022_MATERIAIS.xls
2022,M17,Fio de cobre revestido,NOV,318.1,cife2022_MATERIAIS.xls
2022,M17,Fio de cobre revestido,DEZ,319.4,cife2022_MATERIAIS.xls
2022,M18,Betumes a Granel,JAN,501.5,cife2022_MATERIAIS.xls
2022,M18,Betumes a Granel,FEV,555.5,cife2022_MATERIAIS.xls
2022,M18,Betumes a Granel,MAR,582.2,cife2022_MATERIAIS.xls
2022,M18,Betumes a Granel,ABR,684.6,cife2022_MATERIAIS.xls
2022,M18,Betumes a Granel,MAI,646.2,cife2022_MATERIAIS.xls
2022,M18,Betumes a Granel,JUN,671.9,cife2022_MATERIAIS.xls
2022,M18,Betumes a Granel,JUL,651.3,cife2022_MATERIAIS.xls
2022,M18,Betumes a Granel,AGO,613.2,cife2022_MATERIAIS.xls
2022,M18,Betumes a Granel,SET,573.7,cife2022_MATERIAIS.xls
2022,M18,Betumes a Granel,OUT,484.8,cife2022_MATERIAIS.xls
2022,M18,Betumes a Granel,NOV,548.5,cife2022_MATERIAIS.xls
2022,M18,Betumes a Granel,DEZ,540.1,cife2022_MATERIAIS.xls
2022,M19,Betumes em Tambores,JAN,482.8,cife2022_MATERIAIS.xls
2022,M19,Betumes em Tambores,FEV,510.0,cife2022_MATERIAIS.xls
2022,M19,Betumes em Tambores,MAR,532.4,cife2022_MATERIAIS.xls
2022,M19,Betumes em Tambores,ABR,545.1,cife2022_MATERIAIS.xls
2022,M19,Betumes em Tambores,MAI,546.0,cife2022_MATERIAIS.xls
2022,M19,Betumes em Tambores,JUN,576.5,cife2022_MATERIAIS.xls
2022,M19,Betumes em Tambores,JUL,578.4,cife2022_MATERIAIS.xls
2022,M19,Betumes em Tambores,AGO,565.0,cife2022_MATERIAIS.xls
2022,M19,Betumes em Tambores,SET,547.1,cife2022_MATERIAIS.xls
2022,M19,Betumes em Tambores,OUT,547.1,cife2022_MATERIAIS.xls
2022,M19,Betumes em Tambores,NOV,540.8,cife2022_MATERIAIS.xls
2022,M19,Betumes em Tambores,DEZ,540.8,cife2022_MATERIAIS.xls
2022,M20,Cimento em saco,JAN,171.2,cife2022_MATERIAIS.xls
2022,M20,Cimento em saco,FEV,169.4,cife2022_MATERIAIS.xls
2022,M20,Cimento em saco,MAR,169.4,cife2022_MATERIAIS.xls
2022,M20,Cimento em saco,ABR,195.0,cife2022_MATERIAIS.xls
2022,M20,Cimento em saco,MAI,194.9,cife2022_MATERIAIS.xls
2022,M20,Cimento em saco,JUN,193.2,cife2022_MATERIAIS.xls
2022,M20,Cimento em saco,JUL,201.1,cife2022_MATERIAIS.xls
2022,M20,Cimento em saco,AGO,204.6,cife2022_MATERIAIS.xls
2022,M20,Cimento em saco,SET,204.6,cife2022_MATERIAIS.xls
2022,M20,Cimento em saco,OUT,211.4,cife2022_MATERIAIS.xls
2022,M20,Cimento em saco,NOV,219.3,cife2022_MATERIAIS.xls
2022,M20,Cimento em saco,DEZ,226.2,cife2022_MATERIAIS.xls
2022,M21,Explosivos,JAN,171.8,cife2022_MATERIAIS.xls
2022,M21,Explosivos,FEV,197.7,cife2022_MATERIAIS.xls
2022,M21,Explosivos,MAR,202.1,cife2022_MATERIAIS.xls
2022,M21,Explosivos,ABR,203.2,cife2022_MATERIAIS.xls
2022,M21,Explosivos,MAI,209.0,cife2022_MATERIAIS.xls
2022,M21,Explosivos,JUN,210.1,cife2022_MATERIAIS.xls
2022,M21,Explosivos,JUL,213.2,cife2022_MATERIAIS.xls
2022,M21,Explosivos,AGO,206.3,cife2022_MATERIAIS.xls
2022,M21,Explosivos,SET,212.0,cife2022_MATERIAIS.xls
2022,M21,Explosivos,OUT,211.5,cife2022_MATERIAIS.xls
2022,M21,Explosivos,NOV,216.5,cife2022_MATERIAIS.xls
2022,M21,Explosivos,DEZ,217.3,cife2022_MATERIAIS.xls
2022,M22,Gasóleo,JAN,344.9,cife2022_MATERIAIS.xls
2022,M22,Gasóleo,FEV,363.2,cife2022_MATERIAIS.xls
2022,M22,Gasóleo,MAR,407.8,cife2022_MATERIAIS.xls
2022,M22,Gasóleo,ABR,417.1,cife2022_MATERIAIS.xls
2022,M22,Gasóleo,MAI,396.9,cife2022_MATERIAIS.xls
2022,M22,Gasóleo,JUN,432.3,cife2022_MATERIAIS.xls
2022,M22,Gasóleo,JUL,420.9,cife2022_MATERIAIS.xls
2022,M22,Gasóleo,AGO,390.2,cife2022_MATERIAIS.xls
2022,M22,Gasóleo,SET,395.0,cife2022_MATERIAIS.xls
2022,M22,Gasóleo,OUT,400.0,cife2022_MATERIAIS.xls
2022,M22,Gasóleo,NOV,383.9,cife2022_MATERIAIS.xls
2022,M22,Gasóleo,DEZ,346.2,cife2022_MATERIAIS.xls
2022,M23,Vidro,JAN,111.0,cife2022_MATERIAIS.xls
2022,M23,Vidro,FEV,115.6,cife2022_MATERIAIS.xls
2022,M23,Vidro,MAR,118.6,cife2022_MATERIAIS.xls
2022,M23,Vidro,ABR,122.0,cife2022_MATERIAIS.xls
2022,M23,Vidro,MAI,121.9,cife2022_MATERIAIS.xls
2022,M23,Vidro,JUN,124.9,cife2022_MATERIAIS.xls
2022,M23,Vidro,JUL,124.9,cife2022_MATERIAIS.xls
2022,M23,Vidro,AGO,124.9,cife2022_MATERIAIS.xls
2022,M23,Vidro,SET,126.4,cife2022_MATERIAIS.xls
2022,M23,Vidro,OUT,133.6,cife2022_MATERIAIS.xls
2022,M23,Vidro,NOV,130.3,cife2022_MATERIAIS.xls
2022,M23,Vidro,DEZ,128.8,cife2022_MATERIAIS.xls
2022,M24,Madeiras de Pinho,JAN,242.9,cife2022_MATERIAIS.xls
2022,M24,Madeiras de Pinho,FEV,242.9,cife2022_MATERIAIS.xls
2022,M24,Madeiras de Pinho,MAR,243.0,cife2022_MATERIAIS.xls
2022,M24,Madeiras de Pinho,ABR,256.6,cife2022_MATERIAIS.xls
2022,M24,Madeiras de Pinho,MAI,256.6,cife2022_MATERIAIS.xls
2022,M24,Madeiras de Pinho,JUN,256.6,cife2022_MATERIAIS.xls
2022,M24,Madeiras de Pinho,JUL,273.0,cife2022_MATERIAIS.xls
2022,M24,Madeiras de Pinho,AGO,274.5,cife2022_MATERIAIS.xls
2022,M24,Madeiras de Pinho,SET,284.3,cife2022_MATERIAIS.xls
2022,M24,Madeiras de Pinho,OUT,284.3,cife2022_MATERIAIS.xls
2022,M24,Madeiras de Pinho,NOV,284.6,cife2022_MATERIAIS.xls
2022,M24,Madeiras de Pinho,DEZ,285.0,cife2022_MATERIAIS.xls
2022,M25,Madeiras Especiais ou Exóticas,JAN,154.5,cife2022_MATERIAIS.xls
2022,M25,Madeiras Especiais ou Exóticas,FEV,163.2,cife2022_MATERIAIS.xls
2022,M25,Madeiras Especiais ou Exóticas,MAR,164.3,cife2022_MATERIAIS.xls
2022,M25,Madeiras Especiais ou Exóticas,ABR,202.1,cife2022_MATERIAIS.xls
2022,M25,Madeiras Especiais ou Exóticas,MAI,203.1,cife2022_MATERIAIS.xls
2022,M25,Madeiras Especiais ou Exóticas,JUN,203.1,cife2022_MATERIAIS.xls
2022,M25,Madeiras Especiais ou Exóticas,JUL,203.1,cife2022_MATERIAIS.xls
2022,M25,Madeiras Especiais ou Exóticas,AGO,214.0,cife2022_MATERIAIS.xls
2022,M25,Madeiras Especiais ou Exóticas,SET,211.7,cife2022_MATERIAIS.xls
2022,M25,Madeiras Especiais ou Exóticas,OUT,211.6,cife2022_MATERIAIS.xls
2022,M25,Madeiras Especiais ou Exóticas,NOV,213.3,cife2022_MATERIAIS.xls
2022,M25,Madeiras Especiais ou Exóticas,DEZ,212.3,cife2022_MATERIAIS.xls
2022,M26,Derivados de madeira,JAN,198.2,cife2022_MATERIAIS.xls
2022,M26,Derivados de madeira,FEV,201.5,cife2022_MATERIAIS.xls
2022,M26,Derivados de madeira,MAR,201.5,cife2022_MATERIAIS.xls
2022,M26,Derivados de madeira,ABR,204.7,cife2022_MATERIAIS.xls
2022,M26,Derivados de madeira,MAI,207.8,cife2022_MATERIAIS.xls
2022,M26,Derivados de madeira,JUN,207.4,cife2022_MATERIAIS.xls
2022,M26,Derivados de madeira,JUL,208.2,cife2022_MATERIAIS.xls
2022,M26,Derivados de madeira,AGO,207.8,cife2022_MATERIAIS.xls
2022,M26,Derivados de madeira,SET,206.9,cife2022_MATERIAIS.xls
2022,M26,Derivados de madeira,OUT,212.3,cife2022_MATERIAIS.xls
2022,M26,Derivados de madeira,NOV,213.7,cife2022_MATERIAIS.xls
2022,M26,Derivados de madeira,DEZ,216.5,cife2022_MATERIAIS.xls
2022,M27,Aglomerado negro de cortiça,JAN,219.2,cife2022_MATERIAIS.xls
2022,M27,Aglomerado negro de cortiça,FEV,222.1,cife2022_MATERIAIS.xls
2022,M27,Aglomerado negro de cortiça,MAR,223.0,cife2022_MATERIAIS.xls
2022,M27,Aglomerado negro de cortiça,ABR,228.0,cife2022_MATERIAIS.xls
2022,M27,Aglomerado negro de cortiça,MAI,233.0,cife2022_MATERIAIS.xls
2022,M27,Aglomerado negro de cortiça,JUN,233.7,cife2022_MATERIAIS.xls
2022,M27,Aglomerado negro de cortiça,JUL,231.7,cife2022_MATERIAIS.xls
2022,M27,Aglomerado negro de cortiça,AGO,235.4,cife2022_MATERIAIS.xls
2022,M27,Aglomerado negro de cortiça,SET,238.9,cife2022_MATERIAIS.xls
2022,M27,Aglomerado negro de cortiça,OUT,239.1,cife2022_MATERIAIS.xls
2022,M27,Aglomerado negro de cortiça,NOV,242.7,cife2022_MATERIAIS.xls
2022,M27,Aglomerado negro de cortiça,DEZ,241.4,cife2022_MATERIAIS.xls
2022,M28,Ladrilho de cortiça,JAN,135.9,cife2022_MATERIAIS.xls
2022,M28,Ladrilho de cortiça,FEV,137.2,cife2022_MATERIAIS.xls
2022,M28,Ladrilho de cortiça,MAR,138.8,cife2022_MATERIAIS.xls
2022,M28,Ladrilho de cortiça,ABR,139.1,cife2022_MATERIAIS.xls
2022,M28,Ladrilho de cortiça,MAI,139.1,cife2022_MATERIAIS.xls
2022,M28,Ladrilho de cortiça,JUN,139.1,cife2022_MATERIAIS.xls
2022,M28,Ladrilho de cortiça,JUL,139.1,cife2022_MATERIAIS.xls
2022,M28,Ladrilho de cortiça,AGO,139.1,cife2022_MATERIAIS.xls
2022,M28,Ladrilho de cortiça,SET,150.7,cife2022_MATERIAIS.xls
2022,M28,Ladrilho de cortiça,OUT,150.7,cife2022_MATERIAIS.xls
2022,M28,Ladrilho de cortiça,NOV,150.7,cife2022_MATERIAIS.xls
2022,M28,Ladrilho de cortiça,DEZ,150.7,cife2022_MATERIAIS.xls
2022,M29,Tintas para construção civil,JAN,333.3,cife2022_MATERIAIS.xls
2022,M29,Tintas para construção civil,FEV,339.7,cife2022_MATERIAIS.xls
2022,M29,Tintas para construção civil,MAR,350.6,cife2022_MATERIAIS.xls
2022,M29,Tintas para construção civil,ABR,351.3,cife2022_MATERIAIS.xls
2022,M29,Tintas para construção civil,MAI,351.4,cife2022_MATERIAIS.xls
2022,M29,Tintas para construção civil,JUN,357.8,cife2022_MATERIAIS.xls
2022,M29,Tintas para construção civil,JUL,360.7,cife2022_MATERIAIS.xls
2022,M29,Tintas para construção civil,AGO,360.8,cife2022_MATERIAIS.xls
2022,M29,Tintas para construção civil,SET,363.6,cife2022_MATERIAIS.xls
2022,M29,Tintas para construção civil,OUT,364.9,cife2022_MATERIAIS.xls
2022,M29,Tintas para construção civil,NOV,367.8,cife2022_MATERIAIS.xls
2022,M29,Tintas para construção civil,DEZ,368.2,cife2022_MATERIAIS.xls
2022,M30,Tintas para estradas,JAN,280.6,cife2022_MATERIAIS.xls
2022,M30,Tintas para estradas,FEV,287.6,cife2022_MATERIAIS.xls
2022,M30,Tintas para estradas,MAR,304.8,cife2022_MATERIAIS.xls
2022,M30,Tintas para estradas,ABR,312.1,cife2022_MATERIAIS.xls
2022,M30,Tintas para estradas,MAI,317.3,cife2022_MATERIAIS.xls
2022,M30,Tintas para estradas,JUN,320.9,cife2022_MATERIAIS.xls
2022,M30,Tintas para estradas,JUL,321.6,cife2022_MATERIAIS.xls
2022,M30,Tintas para estradas,AGO,325.9,cife2022_MATERIAIS.xls
2022,M30,Tintas para estradas,SET,322.0,cife2022_MATERIAIS.xls
2022,M30,Tintas para estradas,OUT,320.5,cife2022_MATERIAIS.xls
2022,M30,Tintas para estradas,NOV,317.0,cife2022_MATERIAIS.xls
2022,M30,Tintas para estradas,DEZ,327.4,cife2022_MATERIAIS.xls
2022,M31,Membrana betuminosa,JAN,249.3,cife2022_MATERIAIS.xls
2022,M31,Membrana betuminosa,FEV,248.8,cife2022_MATERIAIS.xls
2022,M31,Membrana betuminosa,MAR,257.3,cife2022_MATERIAIS.xls
2022,M31,Membrana betuminosa,ABR,263.9,cife2022_MATERIAIS.xls
2022,M31,Membrana betuminosa,MAI,256.6,cife2022_MATERIAIS.xls
2022,M31,Membrana betuminosa,JUN,257.9,cife2022_MATERIAIS.xls
2022,M31,Membrana betuminosa,JUL,256.8,cife2022_MATERIAIS.xls
2022,M31,Membrana betuminosa,AGO,267.6,cife2022_MATERIAIS.xls
2022,M31,Membrana betuminosa,SET,269.7,cife2022_MATERIAIS.xls
2022,M31,Membrana betuminosa,OUT,271.4,cife2022_MATERIAIS.xls
2022,M31,Membrana betuminosa,NOV,272.6,cife2022_MATERIAIS.xls
2022,M31,Membrana betuminosa,DEZ,271.0,cife2022_MATERIAIS.xls
2022,M32,Tubo de PVC,JAN,218.0,cife2022_MATERIAIS.xls
2022,M32,Tubo de PVC,FEV,224.9,cife2022_MATERIAIS.xls
2022,M32,Tubo de PVC,MAR,224.4,cife2022_MATERIAIS.xls
2022,M32,Tubo de PVC,ABR,238.9,cife2022_MATERIAIS.xls
2022,M32,Tubo de PVC,MAI,250.0,cife2022_MATERIAIS.xls
2022,M32,Tubo de PVC,JUN,266.6,cife2022_MATERIAIS.xls
2022,M32,Tubo de PVC,JUL,267.7,cife2022_MATERIAIS.xls
2022,M32,Tubo de PVC,AGO,265.2,cife2022_MATERIAIS.xls
2022,M32,Tubo de PVC,SET,258.8,cife2022_MATERIAIS.xls
2022,M32,Tubo de PVC,OUT,254.1,cife2022_MATERIAIS.xls
2022,M32,Tubo de PVC,NOV,252.9,cife2022_MATERIAIS.xls
2022,M32,Tubo de PVC,DEZ,250.5,cife2022_MATERIAIS.xls
2022,M33,Tubo de PVC p/ instalações elétricas,JAN,248.8,cife2022_MATERIAIS.xls
2022,M33,Tubo de PVC p/ instalações elétricas,FEV,258.9,cife2022_MATERIAIS.xls
2022,M33,Tubo de PVC p/ instalações elétricas,MAR,266.4,cife2022_MATERIAIS.xls
2022,M33,Tubo de PVC p/ instalações elétricas,ABR,272.3,cife2022_MATERIAIS.xls
2022,M33,Tubo de PVC p/ instalações elétricas,MAI,277.8,cife2022_MATERIAIS.xls
2022,M33,Tubo de PVC p/ instalações elétricas,JUN,283.7,cife2022_MATERIAIS.xls
2022,M33,Tubo de PVC p/ instalações elétricas,JUL,290.5,cife2022_MATERIAIS.xls
2022,M33,Tubo de PVC p/ instalações elétricas,AGO,294.4,cife2022_MATERIAIS.xls
2022,M33,Tubo de PVC p/ instalações elétricas,SET,304.3,cife2022_MATERIAIS.xls
2022,M33,Tubo de PVC p/ instalações elétricas,OUT,295.2,cife2022_MATERIAIS.xls
2022,M33,Tubo de PVC p/ instalações elétricas,NOV,297.0,cife2022_MATERIAIS.xls
2022,M33,Tubo de PVC p/ instalações elétricas,DEZ,302.0,cife2022_MATERIAIS.xls
2022,M34,Blocos de betão normal,JAN,124.8,cife2022_MATERIAIS.xls
2022,M34,Blocos de betão normal,FEV,128.9,cife2022_MATERIAIS.xls
2022,M34,Blocos de betão normal,MAR,131.3,cife2022_MATERIAIS.xls
2022,M34,Blocos de betão normal,ABR,132.8,cife2022_MATERIAIS.xls
2022,M34,Blocos de betão normal,MAI,134.2,cife2022_MATERIAIS.xls
2022,M34,Blocos de betão normal,JUN,135.3,cife2022_MATERIAIS.xls
2022,M34,Blocos de betão normal,JUL,137.2,cife2022_MATERIAIS.xls
2022,M34,Blocos de betão normal,AGO,140.4,cife2022_MATERIAIS.xls
2022,M34,Blocos de betão normal,SET,140.4,cife2022_MATERIAIS.xls
2022,M34,Blocos de betão normal,OUT,140.4,cife2022_MATERIAIS.xls
2022,M34,Blocos de betão normal,NOV,140.4,cife2022_MATERIAIS.xls
2022,M34,Blocos de betão normal,DEZ,142.6,cife2022_MATERIAIS.xls
2022,M35,Manilhas de betão,JAN,170.6,cife2022_MATERIAIS.xls
2022,M35,Manilhas de betão,FEV,174.8,cife2022_MATERIAIS.xls
2022,M35,Manilhas de betão,MAR,174.5,cife2022_MATERIAIS.xls
2022,M35,Manilhas de betão,ABR,175.9,cife2022_MATERIAIS.xls
2022,M35,Manilhas de betão,MAI,176.4,cife2022_MATERIAIS.xls
2022,M35,Manilhas de betão,JUN,179.2,cife2022_MATERIAIS.xls
2022,M35,Manilhas de betão,JUL,179.9,cife2022_MATERIAIS.xls
2022,M35,Manilhas de betão,AGO,181.7,cife2022_MATERIAIS.xls
2022,M35,Manilhas de betão,SET,180.7,cife2022_MATERIAIS.xls
2022,M35,Manilhas de betão,OUT,182.6,cife2022_MATERIAIS.xls
2022,M35,Manilhas de betão,NOV,182.6,cife2022_MATERIAIS.xls
2022,M35,Manilhas de betão,DEZ,183.2,cife2022_MATERIAIS.xls
2022,M36,Tubagem de fibrocimento,JAN,157.9,cife2022_MATERIAIS.xls
2022,M36,Tubagem de fibrocimento,FEV,157.9,cife2022_MATERIAIS.xls
2022,M36,Tubagem de fibrocimento,MAR,157.9,cife2022_MATERIAIS.xls
2022,M36,Tubagem de fibrocimento,ABR,157.9,cife2022_MATERIAIS.xls
2022,M36,Tubagem de fibrocimento,MAI,157.9,cife2022_MATERIAIS.xls
2022,M36,Tubagem de fibrocimento,JUN,157.9,cife2022_MATERIAIS.xls
2022,M36,Tubagem de fibrocimento,JUL,157.9,cife2022_MATERIAIS.xls
2022,M36,Tubagem de fibrocimento,AGO,157.9,cife2022_MATERIAIS.xls
2022,M36,Tubagem de fibrocimento,SET,157.9,cife2022_MATERIAIS.xls
2022,M36,Tubagem de fibrocimento,OUT,157.9,cife2022_MATERIAIS.xls
2022,M36,Tubagem de fibrocimento,NOV,157.9,cife2022_MATERIAIS.xls
2022,M36,Tubagem de fibrocimento,DEZ,157.9,cife2022_MATERIAIS.xls
2022,M37,Chapa de fibrocimento (1),JAN,280.7,cife2022_MATERIAIS.xls
2022,M37,Chapa de fibrocimento (1),FEV,280.7,cife2022_MATERIAIS.xls
2022,M37,Chapa de fibrocimento (1),MAR,280.7,cife2022_MATERIAIS.xls
2022,M37,Chapa de fibrocimento (1),ABR,280.7,cife2022_MATERIAIS.xls
2022,M37,Chapa de fibrocimento (1),MAI,280.7,cife2022_MATERIAIS.xls
2022,M37,Chapa de fibrocimento (1),JUN,280.7,cife2022_MATERIAIS.xls
2022,M37,Chapa de fibrocimento (1),JUL,280.7,cife2022_MATERIAIS.xls
2022,M37,Chapa de fibrocimento (1),AGO,314.3,cife2022_MATERIAIS.xls
2022,M37,Chapa de fibrocimento (1),SET,314.3,cife2022_MATERIAIS.xls
2022,M37,Chapa de fibrocimento (1),OUT,314.3,cife2022_MATERIAIS.xls
2022,M37,Chapa de fibrocimento (1),NOV,314.3,cife2022_MATERIAIS.xls
2022,M37,Chapa de fibrocimento (1),DEZ,314.3,cife2022_MATERIAIS.xls
2022,M39,Caixilharias em alumínio anodizado,JAN,143.5,cife2022_MATERIAIS.xls
2022,M39,Caixilharias em alumínio anodizado,FEV,145.3,cife2022_MATERIAIS.xls
2022,M39,Caixilharias em alumínio anodizado,MAR,153.6,cife2022_MATERIAIS.xls
2022,M39,Caixilharias em alumínio anodizado,ABR,184.4,cife2022_MATERIAIS.xls
2022,M39,Caixilharias em alumínio anodizado,MAI,184.4,cife2022_MATERIAIS.xls
2022,M39,Caixilharias em alumínio anodizado,JUN,184.4,cife2022_MATERIAIS.xls
2022,M39,Caixilharias em alumínio anodizado,JUL,184.4,cife2022_MATERIAIS.xls
2022,M39,Caixilharias em alumínio anodizado,AGO,184.4,cife2022_MATERIAIS.xls
2022,M39,Caixilharias em alumínio anodizado,SET,184.4,cife2022_MATERIAIS.xls
2022,M39,Caixilharias em alumínio anodizado,OUT,184.4,cife2022_MATERIAIS.xls
2022,M39,Caixilharias em alumínio anodizado,NOV,184.4,cife2022_MATERIAIS.xls
2022,M39,Caixilharias em alumínio anodizado,DEZ,184.4,cife2022_MATERIAIS.xls
2022,M40,Caixilharias em alumínio termolacado,JAN,124.0,cife2022_MATERIAIS.xls
2022,M40,Caixilharias em alumínio termolacado,FEV,125.1,cife2022_MATERIAIS.xls
2022,M40,Caixilharias em alumínio termolacado,MAR,139.9,cife2022_MATERIAIS.xls
2022,M40,Caixilharias em alumínio termolacado,ABR,153.9,cife2022_MATERIAIS.xls
2022,M40,Caixilharias em alumínio termolacado,MAI,153.9,cife2022_MATERIAIS.xls
2022,M40,Caixilharias em alumínio termolacado,JUN,153.9,cife2022_MATERIAIS.xls
2022,M40,Caixilharias em alumínio termolacado,JUL,153.9,cife2022_MATERIAIS.xls
2022,M40,Caixilharias em alumínio termolacado,AGO,153.9,cife2022_MATERIAIS.xls
2022,M40,Caixilharias em alumínio termolacado,SET,153.9,cife2022_MATERIAIS.xls
2022,M40,Caixilharias em alumínio termolacado,OUT,153.9,cife2022_MATERIAIS.xls
2022,M40,Caixilharias em alumínio termolacado,NOV,153.9,cife2022_MATERIAIS.xls
2022,M40,Caixilharias em alumínio termolacado,DEZ,153.9,cife2022_MATERIAIS.xls
2022,M41,Pavimentos aligeirados de vigotas pré-esforçadas e blocos cerâmicos,JAN,167.0,cife2022_MATERIAIS.xls
2022,M41,Pavimentos aligeirados de vigotas pré-esforçadas e blocos cerâmicos,FEV,169.5,cife2022_MATERIAIS.xls
2022,M41,Pavimentos aligeirados de vigotas pré-esforçadas e blocos cerâmicos,MAR,182.9,cife2022_MATERIAIS.xls
2022,M41,Pavimentos aligeirados de vigotas pré-esforçadas e blocos cerâmicos,ABR,190.8,cife2022_MATERIAIS.xls
2022,M41,Pavimentos aligeirados de vigotas pré-esforçadas e blocos cerâmicos,MAI,197.5,cife2022_MATERIAIS.xls
2022,M41,Pavimentos aligeirados de vigotas pré-esforçadas e blocos cerâmicos,JUN,198.3,cife2022_MATERIAIS.xls
2022,M41,Pavimentos aligeirados de vigotas pré-esforçadas e blocos cerâmicos,JUL,197.9,cife2022_MATERIAIS.xls
2022,M41,Pavimentos aligeirados de vigotas pré-esforçadas e blocos cerâmicos,AGO,197.6,cife2022_MATERIAIS.xls
2022,M41,Pavimentos aligeirados de vigotas pré-esforçadas e blocos cerâmicos,SET,197.4,cife2022_MATERIAIS.xls
2022,M41,Pavimentos aligeirados de vigotas pré-esforçadas e blocos cerâmicos,OUT,196.1,cife2022_MATERIAIS.xls
2022,M41,Pavimentos aligeirados de vigotas pré-esforçadas e blocos cerâmicos,NOV,195.7,cife2022_MATERIAIS.xls
2022,M41,Pavimentos aligeirados de vigotas pré-esforçadas e blocos cerâmicos,DEZ,195.0,cife2022_MATERIAIS.xls
2022,M42,Tubagem de aço e aparelhos para canalizações,JAN,118.3,cife2022_MATERIAIS.xls
2022,M42,Tubagem de aço e aparelhos para canalizações,FEV,124.6,cife2022_MATERIAIS.xls
2022,M42,Tubagem de aço e aparelhos para canalizações,MAR,127.1,cife2022_MATERIAIS.xls
2022,M42,Tubagem de aço e aparelhos para canalizações,ABR,131.6,cife2022_MATERIAIS.xls
2022,M42,Tubagem de aço e aparelhos para canalizações,MAI,131.5,cife2022_MATERIAIS.xls
2022,M42,Tubagem de aço e aparelhos para canalizações,JUN,131.6,cife2022_MATERIAIS.xls
2022,M42,Tubagem de aço e aparelhos para canalizações,JUL,131.1,cife2022_MATERIAIS.xls
2022,M42,Tubagem de aço e aparelhos para canalizações,AGO,131.6,cife2022_MATERIAIS.xls
2022,M42,Tubagem de aço e aparelhos para canalizações,SET,132.6,cife2022_MATERIAIS.xls
2022,M42,Tubagem de aço e aparelhos para canalizações,OUT,133.2,cife2022_MATERIAIS.xls
2022,M42,Tubagem de aço e aparelhos para canalizações,NOV,132.8,cife2022_MATERIAIS.xls
2022,M42,Tubagem de aço e aparelhos para canalizações,DEZ,132.7,cife2022_MATERIAIS.xls
2022,M43,Aço para betão armado,JAN,259.1,cife2022_MATERIAIS.xls
2022,M43,Aço para betão armado,FEV,255.9,cife2022_MATERIAIS.xls
2022,M43,Aço para betão armado,MAR,324.0,cife2022_MATERIAIS.xls
2022,M43,Aço para betão armado,ABR,352.7,cife2022_MATERIAIS.xls
2022,M43,Aço para betão armado,MAI,341.6,cife2022_MATERIAIS.xls
2022,M43,Aço para betão armado,JUN,285.0,cife2022_MATERIAIS.xls
2022,M43,Aço para betão armado,JUL,258.7,cife2022_MATERIAIS.xls
2022,M43,Aço para betão armado,AGO,268.9,cife2022_MATERIAIS.xls
2022,M43,Aço para betão armado,SET,305.7,cife2022_MATERIAIS.xls
2022,M43,Aço para betão armado,OUT,285.5,cife2022_MATERIAIS.xls
2022,M43,Aço para betão armado,NOV,264.5,cife2022_MATERIAIS.xls
2022,M43,Aço para betão armado,DEZ,257.7,cife2022_MATERIAIS.xls
2022,M44,Aço para betão pré-esforçado,JAN,200.8,cife2022_MATERIAIS.xls
2022,M44,Aço para betão pré-esforçado,FEV,204.2,cife2022_MATERIAIS.xls
2022,M44,Aço para betão pré-esforçado,MAR,280.4,cife2022_MATERIAIS.xls
2022,M44,Aço para betão pré-esforçado,ABR,285.8,cife2022_MATERIAIS.xls
2022,M44,Aço para betão pré-esforçado,MAI,293.8,cife2022_MATERIAIS.xls
2022,M44,Aço para betão pré-esforçado,JUN,311.4,cife2022_MATERIAIS.xls
2022,M44,Aço para betão pré-esforçado,JUL,311.4,cife2022_MATERIAIS.xls
2022,M44,Aço para betão pré-esforçado,AGO,311.7,cife2022_MATERIAIS.xls
2022,M44,Aço para betão pré-esforçado,SET,313.0,cife2022_MATERIAIS.xls
2022,M44,Aço para betão pré-esforçado,OUT,313.0,cife2022_MATERIAIS.xls
2022,M44,Aço para betão pré-esforçado,NOV,303.4,cife2022_MATERIAIS.xls
2022,M44,Aço para betão pré-esforçado,DEZ,307.4,cife2022_MATERIAIS.xls
2022,M45,Perfilados pesados e ligeiros,JAN,279.3,cife2022_MATERIAIS.xls
2022,M45,Perfilados pesados e ligeiros,FEV,281.9,cife2022_MATERIAIS.xls
2022,M45,Perfilados pesados e ligeiros,MAR,318.3,cife2022_MATERIAIS.xls
2022,M45,Perfilados pesados e ligeiros,ABR,335.6,cife2022_MATERIAIS.xls
2022,M45,Perfilados pesados e ligeiros,MAI,330.9,cife2022_MATERIAIS.xls
2022,M45,Perfilados pesados e ligeiros,JUN,314.4,cife2022_MATERIAIS.xls
2022,M45,Perfilados pesados e ligeiros,JUL,294.8,cife2022_MATERIAIS.xls
2022,M45,Perfilados pesados e ligeiros,AGO,289.9,cife2022_MATERIAIS.xls
2022,M45,Perfilados pesados e ligeiros,SET,297.4,cife2022_MATERIAIS.xls
2022,M45,Perfilados pesados e ligeiros,OUT,292.3,cife2022_MATERIAIS.xls
2022,M45,Perfilados pesados e ligeiros,NOV,278.2,cife2022_MATERIAIS.xls
2022,M45,Perfilados pesados e ligeiros,DEZ,267.2,cife2022_MATERIAIS.xls
2022,M46,Produtos para instalações elétricas,JAN,201.2,cife2022_MATERIAIS.xls
2022,M46,Produtos para instalações elétricas,FEV,204.2,cife2022_MATERIAIS.xls
2022,M46,Produtos para instalações elétricas,MAR,209.1,cife2022_MATERIAIS.xls
2022,M46,Produtos para instalações elétricas,ABR,210.4,cife2022_MATERIAIS.xls
2022,M46,Produtos para instalações elétricas,MAI,215.5,cife2022_MATERIAIS.xls
2022,M46,Produtos para instalações elétricas,JUN,215.9,cife2022_MATERIAIS.xls
2022,M46,Produtos para instalações elétricas,JUL,210.3,cife2022_MATERIAIS.xls
2022,M46,Produtos para instalações elétricas,AGO,211.5,cife2022_MATERIAIS.xls
2022,M46,Produtos para instalações elétricas,SET,210.6,cife2022_MATERIAIS.xls
2022,M46,Produtos para instalações elétricas,OUT,211.0,cife2022_MATERIAIS.xls
2022,M46,Produtos para instalações elétricas,NOV,209.4,cife2022_MATERIAIS.xls
2022,M46,Produtos para instalações elétricas,DEZ,211.1,cife2022_MATERIAIS.xls
2022,M47,Produtos pré-fabricados de betão,JAN,112.8,cife2022_MATERIAIS.xls
2022,M47,Produtos pré-fabricados de betão,FEV,116.1,cife2022_MATERIAIS.xls
2022,M47,Produtos pré-fabricados de betão,MAR,119.1,cife2022_MATERIAIS.xls
2022,M47,Produtos pré-fabricados de betão,ABR,121.4,cife2022_MATERIAIS.xls
2022,M47,Produtos pré-fabricados de betão,MAI,123.2,cife2022_MATERIAIS.xls
2022,M47,Produtos pré-fabricados de betão,JUN,124.5,cife2022_MATERIAIS.xls
2022,M47,Produtos pré-fabricados de betão,JUL,125.4,cife2022_MATERIAIS.xls
2022,M47,Produtos pré-fabricados de betão,AGO,126.9,cife2022_MATERIAIS.xls
2022,M47,Produtos pré-fabricados de betão,SET,126.7,cife2022_MATERIAIS.xls
2022,M47,Produtos pré-fabricados de betão,OUT,126.3,cife2022_MATERIAIS.xls
2022,M47,Produtos pré-fabricados de betão,NOV,126.3,cife2022_MATERIAIS.xls
2022,M47,Produtos pré-fabricados de betão,DEZ,127.2,cife2022_MATERIAIS.xls
2022,M48,Produtos para ajardinamentos,JAN,118.3,cife2022_MATERIAIS.xls
2022,M48,Produtos para ajardinamentos,FEV,118.2,cife2022_MATERIAIS.xls
2022,M48,Produtos para ajardinamentos,MAR,122.1,cife2022_MATERIAIS.xls
2022,M48,Produtos para ajardinamentos,ABR,123.6,cife2022_MATERIAIS.xls
2022,M48,Produtos para ajardinamentos,MAI,124.6,cife2022_MATERIAIS.xls
2022,M48,Produtos para ajardinamentos,JUN,125.2,cife2022_MATERIAIS.xls
2022,M48,Produtos para ajardinamentos,JUL,127.0,cife2022_MATERIAIS.xls
2022,M48,Produtos para ajardinamentos,AGO,129.1,cife2022_MATERIAIS.xls
2022,M48,Produtos para ajardinamentos,SET,128.5,cife2022_MATERIAIS.xls
2022,M48,Produtos para ajardinamentos,OUT,128.7,cife2022_MATERIAIS.xls
2022,M48,Produtos para ajardinamentos,NOV,129.4,cife2022_MATERIAIS.xls
2022,M48,Produtos para ajardinamentos,DEZ,130.5,cife2022_MATERIAIS.xls
2022,M49,Geotêxteis,JAN,109.5,cife2022_MATERIAIS.xls
2022,M49,Geotêxteis,FEV,110.6,cife2022_MATERIAIS.xls
2022,M49,Geotêxteis,MAR,109.1,cife2022_MATERIAIS.xls
2022,M49,Geotêxteis,ABR,108.3,cife2022_MATERIAIS.xls
2022,M49,Geotêxteis,MAI,108.3,cife2022_MATERIAIS.xls
2022,M49,Geotêxteis,JUN,108.3,cife2022_MATERIAIS.xls
2022,M49,Geotêxteis,JUL,120.7,cife2022_MATERIAIS.xls
2022,M49,Geotêxteis,AGO,120.7,cife2022_MATERIAIS.xls
2022,M49,Geotêxteis,SET,120.5,cife2022_MATERIAIS.xls
2022,M49,Geotêxteis,OUT,120.5,cife2022_MATERIAIS.xls
2022,M49,Geotêxteis,NOV,119.6,cife2022_MATERIAIS.xls
2022,M49,Geotêxteis,DEZ,119.6,cife2022_MATERIAIS.xls
2022,M50,Tubos e Acessórios de Ferro Fundido e Aço,JAN,202.1,cife2022_MATERIAIS.xls
2022,M50,Tubos e Acessórios de Ferro Fundido e Aço,FEV,212.8,cife2022_MATERIAIS.xls
2022,M50,Tubos e Acessórios de Ferro Fundido e Aço,MAR,223.8,cife2022_MATERIAIS.xls
2022,M50,Tubos e Acessórios de Ferro Fundido e Aço,ABR,239.9,cife2022_MATERIAIS.xls
2022,M50,Tubos e Acessórios de Ferro Fundido e Aço,MAI,236.0,cife2022_MATERIAIS.xls
2022,M50,Tubos e Acessórios de Ferro Fundido e Aço,JUN,235.3,cife2022_MATERIAIS.xls
2022,M50,Tubos e Acessórios de Ferro Fundido e Aço,JUL,233.0,cife2022_MATERIAIS.xls
2022,M50,Tubos e Acessórios de Ferro Fundido e Aço,AGO,227.0,cife2022_MATERIAIS.xls
2022,M50,Tubos e Acessórios de Ferro Fundido e Aço,SET,232.9,cife2022_MATERIAIS.xls
2022,M50,Tubos e Acessórios de Ferro Fundido e Aço,OUT,225.9,cife2022_MATERIAIS.xls
2022,M50,Tubos e Acessórios de Ferro Fundido e Aço,NOV,227.4,cife2022_MATERIAIS.xls
2022,M50,Tubos e Acessórios de Ferro Fundido e Aço,DEZ,227.9,cife2022_MATERIAIS.xls
2022,M51,Tintas para Construções Metálicas,JAN,146.2,cife2022_MATERIAIS.xls
2022,M51,Tintas para Construções Metálicas,FEV,149.9,cife2022_MATERIAIS.xls
2022,M51,Tintas para Construções Metálicas,MAR,171.5,cife2022_MATERIAIS.xls
2022,M51,Tintas para Construções Metálicas,ABR,171.6,cife2022_MATERIAIS.xls
2022,M51,Tintas para Construções Metálicas,MAI,171.2,cife2022_MATERIAIS.xls
2022,M51,Tintas para Construções Metálicas,JUN,175.1,cife2022_MATERIAIS.xls
2022,M51,Tintas para Construções Metálicas,JUL,174.0,cife2022_MATERIAIS.xls
2022,M51,Tintas para Construções Metálicas,AGO,174.9,cife2022_MATERIAIS.xls
2022,M51,Tintas para Construções Metálicas,SET,175.2,cife2022_MATERIAIS.xls
2022,M51,Tintas para Construções Metálicas,OUT,176.1,cife2022_MATERIAIS.xls
2022,M51,Tintas para Construções Metálicas,NOV,176.2,cife2022_MATERIAIS.xls
2022,M51,Tintas para Construções Metálicas,DEZ,175.9,cife2022_MATERIAIS.xls
2022,M52,Redes e equipamentos de média e alta tensão,JAN,109.4,cife2022_MATERIAIS.xls
2022,M52,Redes e equipamentos de média e alta tensão,FEV,110.1,cife2022_MATERIAIS.xls
2022,M52,Redes e equipamentos de média e alta tensão,MAR,112.0,cife2022_MATERIAIS.xls
2022,M52,Redes e equipamentos de média e alta tensão,ABR,113.1,cife2022_MATERIAIS.xls
2022,M52,Redes e equipamentos de média e alta tensão,MAI,115.0,cife2022_MATERIAIS.xls
2022,M52,Redes e equipamentos de média e alta tensão,JUN,114.4,cife2022_MATERIAIS.xls
2022,M52,Redes e equipamentos de média e alta tensão,JUL,113.3,cife2022_MATERIAIS.xls
2022,M52,Redes e equipamentos de média e alta tensão,AGO,113.4,cife2022_MATERIAIS.xls
2022,M52,Redes e equipamentos de média e alta tensão,SET,114.4,cife2022_MATERIAIS.xls
2022,M52,Redes e equipamentos de média e alta tensão,OUT,114.2,cife2022_MATERIAIS.xls
2022,M52,Redes e equipamentos de média e alta tensão,NOV,113.3,cife2022_MATERIAIS.xls
2022,M52,Redes e equipamentos de média e alta tensão,DEZ,113.3,cife2022_MATERIAIS.xls
2022,M53,Tubagem e acessórios para redes prediais de distribuição de água,JAN,128.6,cife2022_MATERIAIS.xls
2022,M53,Tubagem e acessórios para redes prediais de distribuição de água,FEV,131.2,cife2022_MATERIAIS.xls
2022,M53,Tubagem e acessórios para redes prediais de distribuição de água,MAR,140.0,cife2022_MATERIAIS.xls
2022,M53,Tubagem e acessórios para redes prediais de distribuição de água,ABR,145.8,cife2022_MATERIAIS.xls
2022,M53,Tubagem e acessórios para redes prediais de distribuição de água,MAI,148.4,cife2022_MATERIAIS.xls
2022,M53,Tubagem e acessórios para redes prediais de distribuição de água,JUN,150.6,cife2022_MATERIAIS.xls
2022,M53,Tubagem e acessórios para redes prediais de distribuição de água,JUL,152.4,cife2022_MATERIAIS.xls
2022,M53,Tubagem e acessórios para redes prediais de distribuição de água,AGO,153.1,cife2022_MATERIAIS.xls
2022,M53,Tubagem e acessórios para redes prediais de distribuição de água,SET,152.7,cife2022_MATERIAIS.xls
2022,M53,Tubagem e acessórios para redes prediais de distribuição de água,OUT,150.1,cife2022_MATERIAIS.xls
2022,M53,Tubagem e acessórios para redes prediais de distribuição de água,NOV,152.0,cife2022_MATERIAIS.xls
2022,M53,Tubagem e acessórios para redes prediais de distribuição de água,DEZ,150.8,cife2022_MATERIAIS.xls
2022,M54,Produtos com base em ligantes minerais pré-doseados para  revestimentos,JAN,110.6,cife2022_MATERIAIS.xls
2022,M54,Produtos com base em ligantes minerais pré-doseados para  revestimentos,FEV,114.3,cife2022_MATERIAIS.xls
2022,M54,Produtos com base em ligantes minerais pré-doseados para  revestimentos,MAR,114.7,cife2022_MATERIAIS.xls
2022,M54,Produtos com base em ligantes minerais pré-doseados para  revestimentos,ABR,120.1,cife2022_MATERIAIS.xls
2022,M54,Produtos com base em ligantes minerais pré-doseados para  revestimentos,MAI,120.2,cife2022_MATERIAIS.xls
2022,M54,Produtos com base em ligantes minerais pré-doseados para  revestimentos,JUN,122.7,cife2022_MATERIAIS.xls
2022,M54,Produtos com base em ligantes minerais pré-doseados para  revestimentos,JUL,121.4,cife2022_MATERIAIS.xls
2022,M54,Produtos com base em ligantes minerais pré-doseados para  revestimentos,AGO,120.4,cife2022_MATERIAIS.xls
2022,M54,Produtos com base em ligantes minerais pré-doseados para  revestimentos,SET,124.6,cife2022_MATERIAIS.xls
2022,M54,Produtos com base em ligantes minerais pré-doseados para  revestimentos,OUT,125.5,cife2022_MATERIAIS.xls
2022,M54,Produtos com base em ligantes minerais pré-doseados para  revestimentos,NOV,125.5,cife2022_MATERIAIS.xls
2022,M54,Produtos com base em ligantes minerais pré-doseados para  revestimentos,DEZ,127.9,cife2022_MATERIAIS.xls
2022,M55,Chapas e painéis para revestimento de coberturas,JAN,121.9,cife2022_MATERIAIS.xls
2022,M55,Chapas e painéis para revestimento de coberturas,FEV,121.9,cife2022_MATERIAIS.xls
2022,M55,Chapas e painéis para revestimento de coberturas,MAR,122.5,cife2022_MATERIAIS.xls
2022,M55,Chapas e painéis para revestimento de coberturas,ABR,122.5,cife2022_MATERIAIS.xls
2022,M55,Chapas e painéis para revestimento de coberturas,MAI,123.4,cife2022_MATERIAIS.xls
2022,M55,Chapas e painéis para revestimento de coberturas,JUN,123.9,cife2022_MATERIAIS.xls
2022,M55,Chapas e painéis para revestimento de coberturas,JUL,122.5,cife2022_MATERIAIS.xls
2022,M55,Chapas e painéis para revestimento de coberturas,AGO,122.3,cife2022_MATERIAIS.xls
2022,M55,Chapas e painéis para revestimento de coberturas,SET,121.0,cife2022_MATERIAIS.xls
2022,M55,Chapas e painéis para revestimento de coberturas,OUT,122.6,cife2022_MATERIAIS.xls
2022,M55,Chapas e painéis para revestimento de coberturas,NOV,119.8,cife2022_MATERIAIS.xls
2022,M55,Chapas e painéis para revestimento de coberturas,DEZ,117.6,cife2022_MATERIAIS.xls
2022,M56,Sistemas compósitos de isolamento térmico pelo exterior (ETIC),JAN,102.7,cife2022_MATERIAIS.xls
2022,M56,Sistemas compósitos de isolamento térmico pelo exterior (ETIC),FEV,103.3,cife2022_MATERIAIS.xls
2022,M56,Sistemas compósitos de isolamento térmico pelo exterior (ETIC),MAR,103.6,cife2022_MATERIAIS.xls
2022,M56,Sistemas compósitos de isolamento térmico pelo exterior (ETIC),ABR,103.9,cife2022_MATERIAIS.xls
2022,M56,Sistemas compósitos de isolamento térmico pelo exterior (ETIC),MAI,104.4,cife2022_MATERIAIS.xls
2022,M56,Sistemas compósitos de isolamento térmico pelo exterior (ETIC),JUN,104.9,cife2022_MATERIAIS.xls
2022,M56,Sistemas compósitos de isolamento térmico pelo exterior (ETIC),JUL,105.2,cife2022_MATERIAIS.xls
2022,M56,Sistemas compósitos de isolamento térmico pelo exterior (ETIC),AGO,105.6,cife2022_MATERIAIS.xls
2022,M56,Sistemas compósitos de isolamento térmico pelo exterior (ETIC),SET,105.8,cife2022_MATERIAIS.xls
2022,M56,Sistemas compósitos de isolamento térmico pelo exterior (ETIC),OUT,106.2,cife2022_MATERIAIS.xls
2022,M56,Sistemas compósitos de isolamento térmico pelo exterior (ETIC),NOV,107.0,cife2022_MATERIAIS.xls
2022,M56,Sistemas compósitos de isolamento térmico pelo exterior (ETIC),DEZ,107.6,cife2022_MATERIAIS.xls
2022,M57,Isolamentos térmicos e acústicos,JAN,133.9,cife2022_MATERIAIS.xls
2022,M57,Isolamentos térmicos e acústicos,FEV,140.5,cife2022_MATERIAIS.xls
2022,M57,Isolamentos térmicos e acústicos,MAR,148.4,cife2022_MATERIAIS.xls
2022,M57,Isolamentos térmicos e acústicos,ABR,148.8,cife2022_MATERIAIS.xls
2022,M57,Isolamentos térmicos e acústicos,MAI,149.2,cife2022_MATERIAIS.xls
2022,M57,Isolamentos térmicos e acústicos,JUN,149.6,cife2022_MATERIAIS.xls
2022,M57,Isolamentos térmicos e acústicos,JUL,160.0,cife2022_MATERIAIS.xls
2022,M57,Isolamentos térmicos e acústicos,AGO,160.3,cife2022_MATERIAIS.xls
2022,M57,Isolamentos térmicos e acústicos,SET,157.8,cife2022_MATERIAIS.xls
2022,M57,Isolamentos térmicos e acústicos,OUT,158.5,cife2022_MATERIAIS.xls
2022,M57,Isolamentos térmicos e acústicos,NOV,157.7,cife2022_MATERIAIS.xls
2022,M57,Isolamentos térmicos e acústicos,DEZ,154.7,cife2022_MATERIAIS.xls
2022,M58,Janelas e portas de alumínio e PVC,JAN,105.7,cife2022_MATERIAIS.xls
2022,M58,Janelas e portas de alumínio e PVC,FEV,106.4,cife2022_MATERIAIS.xls
2022,M58,Janelas e portas de alumínio e PVC,MAR,107.1,cife2022_MATERIAIS.xls
2022,M58,Janelas e portas de alumínio e PVC,ABR,107.7,cife2022_MATERIAIS.xls
2022,M58,Janelas e portas de alumínio e PVC,MAI,107.8,cife2022_MATERIAIS.xls
2022,M58,Janelas e portas de alumínio e PVC,JUN,107.8,cife2022_MATERIAIS.xls
2022,M58,Janelas e portas de alumínio e PVC,JUL,116.9,cife2022_MATERIAIS.xls
2022,M58,Janelas e portas de alumínio e PVC,AGO,116.9,cife2022_MATERIAIS.xls
2022,M58,Janelas e portas de alumínio e PVC,SET,117.5,cife2022_MATERIAIS.xls
2022,M58,Janelas e portas de alumínio e PVC,OUT,117.5,cife2022_MATERIAIS.xls
2022,M58,Janelas e portas de alumínio e PVC,NOV,117.6,cife2022_MATERIAIS.xls
2022,M58,Janelas e portas de alumínio e PVC,DEZ,117.6,cife2022_MATERIAIS.xls
2023,M01,Britas,JAN,135.3,cife2023_MATERIAIS.xls
2023,M01,Britas,FEV,138.9,cife2023_MATERIAIS.xls
2023,M01,Britas,MAR,139.5,cife2023_MATERIAIS.xls
2023,M01,Britas,ABR,140.4,cife2023_MATERIAIS.xls
2023,M01,Britas,MAI,141.1,cife2023_MATERIAIS.xls
2023,M01,Britas,JUN,140.6,cife2023_MATERIAIS.xls
2023,M01,Britas,JUL,141.1,cife2023_MATERIAIS.xls
2023,M01,Britas,AGO,141.2,cife2023_MATERIAIS.xls
2023,M01,Britas,SET,141.7,cife2023_MATERIAIS.xls
2023,M01,Britas,OUT,141.4,cife2023_MATERIAIS.xls
2023,M01,Britas,NOV,141.7,cife2023_MATERIAIS.xls
2023,M01,Britas,DEZ,141.8,cife2023_MATERIAIS.xls
2023,M02,Areias,JAN,98.2,cife2023_MATERIAIS.xls
2023,M02,Areias,FEV,101.7,cife2023_MATERIAIS.xls
2023,M02,Areias,MAR,96.6,cife2023_MATERIAIS.xls
2023,M02,Areias,ABR,105.9,cife2023_MATERIAIS.xls
2023,M02,Areias,MAI,100.4,cife2023_MATERIAIS.xls
2023,M02,Areias,JUN,113.3,cife2023_MATERIAIS.xls
2023,M02,Areias,JUL,109.7,cife2023_MATERIAIS.xls
2023,M02,Areias,AGO,110.2,cife2023_MATERIAIS.xls
2023,M02,Areias,SET,107.3,cife2023_MATERIAIS.xls
2023,M02,Areias,OUT,107.6,cife2023_MATERIAIS.xls
2023,M02,Areias,NOV,107.4,cife2023_MATERIAIS.xls
2023,M02,Areias,DEZ,111.1,cife2023_MATERIAIS.xls
2023,M03,Inertes,JAN,121.1,cife2023_MATERIAIS.xls
2023,M03,Inertes,FEV,124.8,cife2023_MATERIAIS.xls
2023,M03,Inertes,MAR,122.8,cife2023_MATERIAIS.xls
2023,M03,Inertes,ABR,127.6,cife2023_MATERIAIS.xls
2023,M03,Inertes,MAI,125.6,cife2023_MATERIAIS.xls
2023,M03,Inertes,JUN,131.3,cife2023_MATERIAIS.xls
2023,M03,Inertes,JUL,130.0,cife2023_MATERIAIS.xls
2023,M03,Inertes,AGO,130.3,cife2023_MATERIAIS.xls
2023,M03,Inertes,SET,129.3,cife2023_MATERIAIS.xls
2023,M03,Inertes,OUT,129.3,cife2023_MATERIAIS.xls
2023,M03,Inertes,NOV,129.3,cife2023_MATERIAIS.xls
2023,M03,Inertes,DEZ,131.1,cife2023_MATERIAIS.xls
2023,M04,Ladrilhos de calcário e granito,JAN,101.0,cife2023_MATERIAIS.xls
2023,M04,Ladrilhos de calcário e granito,FEV,102.0,cife2023_MATERIAIS.xls
2023,M04,Ladrilhos de calcário e granito,MAR,100.1,cife2023_MATERIAIS.xls
2023,M04,Ladrilhos de calcário e granito,ABR,100.1,cife2023_MATERIAIS.xls
2023,M04,Ladrilhos de calcário e granito,MAI,98.4,cife2023_MATERIAIS.xls
2023,M04,Ladrilhos de calcário e granito,JUN,101.9,cife2023_MATERIAIS.xls
2023,M04,Ladrilhos de calcário e granito,JUL,102.3,cife2023_MATERIAIS.xls
2023,M04,Ladrilhos de calcário e granito,AGO,101.3,cife2023_MATERIAIS.xls
2023,M04,Ladrilhos de calcário e granito,SET,102.4,cife2023_MATERIAIS.xls
2023,M04,Ladrilhos de calcário e granito,OUT,103.2,cife2023_MATERIAIS.xls
2023,M04,Ladrilhos de calcário e granito,NOV,103.6,cife2023_MATERIAIS.xls
2023,M04,Ladrilhos de calcário e granito,DEZ,104.7,cife2023_MATERIAIS.xls
2023,M05,Cantarias de calcário e granito,JAN,138.0,cife2023_MATERIAIS.xls
2023,M05,Cantarias de calcário e granito,FEV,138.0,cife2023_MATERIAIS.xls
2023,M05,Cantarias de calcário e granito,MAR,138.1,cife2023_MATERIAIS.xls
2023,M05,Cantarias de calcário e granito,ABR,138.1,cife2023_MATERIAIS.xls
2023,M05,Cantarias de calcário e granito,MAI,138.1,cife2023_MATERIAIS.xls
2023,M05,Cantarias de calcário e granito,JUN,138.1,cife2023_MATERIAIS.xls
2023,M05,Cantarias de calcário e granito,JUL,138.1,cife2023_MATERIAIS.xls
2023,M05,Cantarias de calcário e granito,AGO,138.1,cife2023_MATERIAIS.xls
2023,M05,Cantarias de calcário e granito,SET,138.1,cife2023_MATERIAIS.xls
2023,M05,Cantarias de calcário e granito,OUT,138.3,cife2023_MATERIAIS.xls
2023,M05,Cantarias de calcário e granito,NOV,138.3,cife2023_MATERIAIS.xls
2023,M05,Cantarias de calcário e granito,DEZ,138.3,cife2023_MATERIAIS.xls
2023,M06,Ladr. e cant. de calcário e granito,JAN,106.0,cife2023_MATERIAIS.xls
2023,M06,Ladr. e cant. de calcário e granito,FEV,106.8,cife2023_MATERIAIS.xls
2023,M06,Ladr. e cant. de calcário e granito,MAR,105.4,cife2023_MATERIAIS.xls
2023,M06,Ladr. e cant. de calcário e granito,ABR,105.4,cife2023_MATERIAIS.xls
2023,M06,Ladr. e cant. de calcário e granito,MAI,104.0,cife2023_MATERIAIS.xls
2023,M06,Ladr. e cant. de calcário e granito,JUN,106.8,cife2023_MATERIAIS.xls
2023,M06,Ladr. e cant. de calcário e granito,JUL,107.1,cife2023_MATERIAIS.xls
2023,M06,Ladr. e cant. de calcário e granito,AGO,106.3,cife2023_MATERIAIS.xls
2023,M06,Ladr. e cant. de calcário e granito,SET,107.2,cife2023_MATERIAIS.xls
2023,M06,Ladr. e cant. de calcário e granito,OUT,107.8,cife2023_MATERIAIS.xls
2023,M06,Ladr. e cant. de calcário e granito,NOV,108.1,cife2023_MATERIAIS.xls
2023,M06,Ladr. e cant. de calcário e granito,DEZ,109.0,cife2023_MATERIAIS.xls
2023,M07,Telhas cerâmicas,JAN,245.8,cife2023_MATERIAIS.xls
2023,M07,Telhas cerâmicas,FEV,233.5,cife2023_MATERIAIS.xls
2023,M07,Telhas cerâmicas,MAR,235.7,cife2023_MATERIAIS.xls
2023,M07,Telhas cerâmicas,ABR,235.4,cife2023_MATERIAIS.xls
2023,M07,Telhas cerâmicas,MAI,219.5,cife2023_MATERIAIS.xls
2023,M07,Telhas cerâmicas,JUN,222.4,cife2023_MATERIAIS.xls
2023,M07,Telhas cerâmicas,JUL,216.5,cife2023_MATERIAIS.xls
2023,M07,Telhas cerâmicas,AGO,215.4,cife2023_MATERIAIS.xls
2023,M07,Telhas cerâmicas,SET,224.7,cife2023_MATERIAIS.xls
2023,M07,Telhas cerâmicas,OUT,214.7,cife2023_MATERIAIS.xls
2023,M07,Telhas cerâmicas,NOV,213.5,cife2023_MATERIAIS.xls
2023,M07,Telhas cerâmicas,DEZ,214.7,cife2023_MATERIAIS.xls
2023,M08,Tijolos cerâmicos,JAN,126.5,cife2023_MATERIAIS.xls
2023,M08,Tijolos cerâmicos,FEV,129.0,cife2023_MATERIAIS.xls
2023,M08,Tijolos cerâmicos,MAR,130.6,cife2023_MATERIAIS.xls
2023,M08,Tijolos cerâmicos,ABR,132.8,cife2023_MATERIAIS.xls
2023,M08,Tijolos cerâmicos,MAI,133.5,cife2023_MATERIAIS.xls
2023,M08,Tijolos cerâmicos,JUN,132.4,cife2023_MATERIAIS.xls
2023,M08,Tijolos cerâmicos,JUL,130.3,cife2023_MATERIAIS.xls
2023,M08,Tijolos cerâmicos,AGO,129.6,cife2023_MATERIAIS.xls
2023,M08,Tijolos cerâmicos,SET,128.9,cife2023_MATERIAIS.xls
2023,M08,Tijolos cerâmicos,OUT,129.0,cife2023_MATERIAIS.xls
2023,M08,Tijolos cerâmicos,NOV,130.2,cife2023_MATERIAIS.xls
2023,M08,Tijolos cerâmicos,DEZ,128.6,cife2023_MATERIAIS.xls
2023,M09,Produtos Cerâmicos Vermelhos,JAN,144.0,cife2023_MATERIAIS.xls
2023,M09,Produtos Cerâmicos Vermelhos,FEV,144.8,cife2023_MATERIAIS.xls
2023,M09,Produtos Cerâmicos Vermelhos,MAR,146.5,cife2023_MATERIAIS.xls
2023,M09,Produtos Cerâmicos Vermelhos,ABR,148.5,cife2023_MATERIAIS.xls
2023,M09,Produtos Cerâmicos Vermelhos,MAI,147.0,cife2023_MATERIAIS.xls
2023,M09,Produtos Cerâmicos Vermelhos,JUN,146.5,cife2023_MATERIAIS.xls
2023,M09,Produtos Cerâmicos Vermelhos,JUL,143.9,cife2023_MATERIAIS.xls
2023,M09,Produtos Cerâmicos Vermelhos,AGO,143.1,cife2023_MATERIAIS.xls
2023,M09,Produtos Cerâmicos Vermelhos,SET,143.7,cife2023_MATERIAIS.xls
2023,M09,Produtos Cerâmicos Vermelhos,OUT,142.5,cife2023_MATERIAIS.xls
2023,M09,Produtos Cerâmicos Vermelhos,NOV,143.4,cife2023_MATERIAIS.xls
2023,M09,Produtos Cerâmicos Vermelhos,DEZ,142.2,cife2023_MATERIAIS.xls
2023,M10,Azulejos e Mosaicos,JAN,142.2,cife2023_MATERIAIS.xls
2023,M10,Azulejos e Mosaicos,FEV,136.0,cife2023_MATERIAIS.xls
2023,M10,Azulejos e Mosaicos,MAR,136.9,cife2023_MATERIAIS.xls
2023,M10,Azulejos e Mosaicos,ABR,132.3,cife2023_MATERIAIS.xls
2023,M10,Azulejos e Mosaicos,MAI,131.1,cife2023_MATERIAIS.xls
2023,M10,Azulejos e Mosaicos,JUN,135.4,cife2023_MATERIAIS.xls
2023,M10,Azulejos e Mosaicos,JUL,131.5,cife2023_MATERIAIS.xls
2023,M10,Azulejos e Mosaicos,AGO,134.7,cife2023_MATERIAIS.xls
2023,M10,Azulejos e Mosaicos,SET,130.6,cife2023_MATERIAIS.xls
2023,M10,Azulejos e Mosaicos,OUT,131.8,cife2023_MATERIAIS.xls
2023,M10,Azulejos e Mosaicos,NOV,131.7,cife2023_MATERIAIS.xls
2023,M10,Azulejos e Mosaicos,DEZ,126.4,cife2023_MATERIAIS.xls
2023,M12,Aço em Varão e Perfilados,JAN,393.0,cife2023_MATERIAIS.xls
2023,M12,Aço em Varão e Perfilados,FEV,385.6,cife2023_MATERIAIS.xls
2023,M12,Aço em Varão e Perfilados,MAR,383.1,cife2023_MATERIAIS.xls
2023,M12,Aço em Varão e Perfilados,ABR,374.9,cife2023_MATERIAIS.xls
2023,M12,Aço em Varão e Perfilados,MAI,357.7,cife2023_MATERIAIS.xls
2023,M12,Aço em Varão e Perfilados,JUN,348.6,cife2023_MATERIAIS.xls
2023,M12,Aço em Varão e Perfilados,JUL,342.3,cife2023_MATERIAIS.xls
2023,M12,Aço em Varão e Perfilados,AGO,332.7,cife2023_MATERIAIS.xls
2023,M12,Aço em Varão e Perfilados,SET,327.3,cife2023_MATERIAIS.xls
2023,M12,Aço em Varão e Perfilados,OUT,329.4,cife2023_MATERIAIS.xls
2023,M12,Aço em Varão e Perfilados,NOV,329.1,cife2023_MATERIAIS.xls
2023,M12,Aço em Varão e Perfilados,DEZ,332.2,cife2023_MATERIAIS.xls
2023,M13,Chapa de Aço Macio,JAN,211.1,cife2023_MATERIAIS.xls
2023,M13,Chapa de Aço Macio,FEV,214.2,cife2023_MATERIAIS.xls
2023,M13,Chapa de Aço Macio,MAR,220.9,cife2023_MATERIAIS.xls
2023,M13,Chapa de Aço Macio,ABR,220.9,cife2023_MATERIAIS.xls
2023,M13,Chapa de Aço Macio,MAI,213.8,cife2023_MATERIAIS.xls
2023,M13,Chapa de Aço Macio,JUN,209.2,cife2023_MATERIAIS.xls
2023,M13,Chapa de Aço Macio,JUL,196.4,cife2023_MATERIAIS.xls
2023,M13,Chapa de Aço Macio,AGO,193.3,cife2023_MATERIAIS.xls
2023,M13,Chapa de Aço Macio,SET,193.3,cife2023_MATERIAIS.xls
2023,M13,Chapa de Aço Macio,OUT,191.1,cife2023_MATERIAIS.xls
2023,M13,Chapa de Aço Macio,NOV,191.1,cife2023_MATERIAIS.xls
2023,M13,Chapa de Aço Macio,DEZ,186.5,cife2023_MATERIAIS.xls
2023,M14,Rede electrossoldada,JAN,211.9,cife2023_MATERIAIS.xls
2023,M14,Rede electrossoldada,FEV,207.4,cife2023_MATERIAIS.xls
2023,M14,Rede electrossoldada,MAR,202.8,cife2023_MATERIAIS.xls
2023,M14,Rede electrossoldada,ABR,201.4,cife2023_MATERIAIS.xls
2023,M14,Rede electrossoldada,MAI,199.9,cife2023_MATERIAIS.xls
2023,M14,Rede electrossoldada,JUN,187.1,cife2023_MATERIAIS.xls
2023,M14,Rede electrossoldada,JUL,183.7,cife2023_MATERIAIS.xls
2023,M14,Rede electrossoldada,AGO,182.7,cife2023_MATERIAIS.xls
2023,M14,Rede electrossoldada,SET,181.4,cife2023_MATERIAIS.xls
2023,M14,Rede electrossoldada,OUT,178.3,cife2023_MATERIAIS.xls
2023,M14,Rede electrossoldada,NOV,176.7,cife2023_MATERIAIS.xls
2023,M14,Rede electrossoldada,DEZ,174.0,cife2023_MATERIAIS.xls
2023,M15,Chapa de aço galvanizada,JAN,193.0,cife2023_MATERIAIS.xls
2023,M15,Chapa de aço galvanizada,FEV,196.5,cife2023_MATERIAIS.xls
2023,M15,Chapa de aço galvanizada,MAR,192.8,cife2023_MATERIAIS.xls
2023,M15,Chapa de aço galvanizada,ABR,196.2,cife2023_MATERIAIS.xls
2023,M15,Chapa de aço galvanizada,MAI,194.3,cife2023_MATERIAIS.xls
2023,M15,Chapa de aço galvanizada,JUN,179.3,cife2023_MATERIAIS.xls
2023,M15,Chapa de aço galvanizada,JUL,174.0,cife2023_MATERIAIS.xls
2023,M15,Chapa de aço galvanizada,AGO,173.2,cife2023_MATERIAIS.xls
2023,M15,Chapa de aço galvanizada,SET,170.4,cife2023_MATERIAIS.xls
2023,M15,Chapa de aço galvanizada,OUT,175.2,cife2023_MATERIAIS.xls
2023,M15,Chapa de aço galvanizada,NOV,174.6,cife2023_MATERIAIS.xls
2023,M15,Chapa de aço galvanizada,DEZ,176.6,cife2023_MATERIAIS.xls
2023,M16,Fio de Cobre Nu,JAN,321.4,cife2023_MATERIAIS.xls
2023,M16,Fio de Cobre Nu,FEV,330.9,cife2023_MATERIAIS.xls
2023,M16,Fio de Cobre Nu,MAR,330.8,cife2023_MATERIAIS.xls
2023,M16,Fio de Cobre Nu,ABR,329.1,cife2023_MATERIAIS.xls
2023,M16,Fio de Cobre Nu,MAI,321.5,cife2023_MATERIAIS.xls
2023,M16,Fio de Cobre Nu,JUN,310.2,cife2023_MATERIAIS.xls
2023,M16,Fio de Cobre Nu,JUL,313.9,cife2023_MATERIAIS.xls
2023,M16,Fio de Cobre Nu,AGO,312.7,cife2023_MATERIAIS.xls
2023,M16,Fio de Cobre Nu,SET,313.0,cife2023_MATERIAIS.xls
2023,M16,Fio de Cobre Nu,OUT,311.8,cife2023_MATERIAIS.xls
2023,M16,Fio de Cobre Nu,NOV,308.5,cife2023_MATERIAIS.xls
2023,M16,Fio de Cobre Nu,DEZ,308.0,cife2023_MATERIAIS.xls
2023,M17,Fio de cobre revestido,JAN,320.7,cife2023_MATERIAIS.xls
2023,M17,Fio de cobre revestido,FEV,330.2,cife2023_MATERIAIS.xls
2023,M17,Fio de cobre revestido,MAR,330.1,cife2023_MATERIAIS.xls
2023,M17,Fio de cobre revestido,ABR,328.5,cife2023_MATERIAIS.xls
2023,M17,Fio de cobre revestido,MAI,320.9,cife2023_MATERIAIS.xls
2023,M17,Fio de cobre revestido,JUN,309.6,cife2023_MATERIAIS.xls
2023,M17,Fio de cobre revestido,JUL,313.3,cife2023_MATERIAIS.xls
2023,M17,Fio de cobre revestido,AGO,312.1,cife2023_MATERIAIS.xls
2023,M17,Fio de cobre revestido,SET,312.3,cife2023_MATERIAIS.xls
2023,M17,Fio de cobre revestido,OUT,311.2,cife2023_MATERIAIS.xls
2023,M17,Fio de cobre revestido,NOV,307.8,cife2023_MATERIAIS.xls
2023,M17,Fio de cobre revestido,DEZ,307.4,cife2023_MATERIAIS.xls
2023,M18,Betumes a Granel,JAN,507.0,cife2023_MATERIAIS.xls
2023,M18,Betumes a Granel,FEV,496.3,cife2023_MATERIAIS.xls
2023,M18,Betumes a Granel,MAR,503.9,cife2023_MATERIAIS.xls
2023,M18,Betumes a Granel,ABR,524.7,cife2023_MATERIAIS.xls
2023,M18,Betumes a Granel,MAI,571.7,cife2023_MATERIAIS.xls
2023,M18,Betumes a Granel,JUN,552.7,cife2023_MATERIAIS.xls
2023,M18,Betumes a Granel,JUL,556.6,cife2023_MATERIAIS.xls
2023,M18,Betumes a Granel,AGO,602.0,cife2023_MATERIAIS.xls
2023,M18,Betumes a Granel,SET,635.6,cife2023_MATERIAIS.xls
2023,M18,Betumes a Granel,OUT,682.3,cife2023_MATERIAIS.xls
2023,M18,Betumes a Granel,NOV,625.3,cife2023_MATERIAIS.xls
2023,M18,Betumes a Granel,DEZ,566.5,cife2023_MATERIAIS.xls
2023,M19,Betumes em Tambores,JAN,527.4,cife2023_MATERIAIS.xls
2023,M19,Betumes em Tambores,FEV,524.9,cife2023_MATERIAIS.xls
2023,M19,Betumes em Tambores,MAR,524.9,cife2023_MATERIAIS.xls
2023,M19,Betumes em Tambores,ABR,524.9,cife2023_MATERIAIS.xls
2023,M19,Betumes em Tambores,MAI,545.5,cife2023_MATERIAIS.xls
2023,M19,Betumes em Tambores,JUN,526.2,cife2023_MATERIAIS.xls
2023,M19,Betumes em Tambores,JUL,526.2,cife2023_MATERIAIS.xls
2023,M19,Betumes em Tambores,AGO,526.2,cife2023_MATERIAIS.xls
2023,M19,Betumes em Tambores,SET,526.2,cife2023_MATERIAIS.xls
2023,M19,Betumes em Tambores,OUT,526.2,cife2023_MATERIAIS.xls
2023,M19,Betumes em Tambores,NOV,546.0,cife2023_MATERIAIS.xls
2023,M19,Betumes em Tambores,DEZ,546.0,cife2023_MATERIAIS.xls
2023,M20,Cimento em saco,JAN,246.9,cife2023_MATERIAIS.xls
2023,M20,Cimento em saco,FEV,252.5,cife2023_MATERIAIS.xls
2023,M20,Cimento em saco,MAR,248.1,cife2023_MATERIAIS.xls
2023,M20,Cimento em saco,ABR,251.5,cife2023_MATERIAIS.xls
2023,M20,Cimento em saco,MAI,252.0,cife2023_MATERIAIS.xls
2023,M20,Cimento em saco,JUN,252.0,cife2023_MATERIAIS.xls
2023,M20,Cimento em saco,JUL,254.7,cife2023_MATERIAIS.xls
2023,M20,Cimento em saco,AGO,249.8,cife2023_MATERIAIS.xls
2023,M20,Cimento em saco,SET,249.7,cife2023_MATERIAIS.xls
2023,M20,Cimento em saco,OUT,248.7,cife2023_MATERIAIS.xls
2023,M20,Cimento em saco,NOV,250.5,cife2023_MATERIAIS.xls
2023,M20,Cimento em saco,DEZ,250.5,cife2023_MATERIAIS.xls
2023,M21,Explosivos,JAN,218.7,cife2023_MATERIAIS.xls
2023,M21,Explosivos,FEV,213.0,cife2023_MATERIAIS.xls
2023,M21,Explosivos,MAR,216.8,cife2023_MATERIAIS.xls
2023,M21,Explosivos,ABR,214.9,cife2023_MATERIAIS.xls
2023,M21,Explosivos,MAI,207.9,cife2023_MATERIAIS.xls
2023,M21,Explosivos,JUN,200.2,cife2023_MATERIAIS.xls
2023,M21,Explosivos,JUL,201.0,cife2023_MATERIAIS.xls
2023,M21,Explosivos,AGO,202.7,cife2023_MATERIAIS.xls
2023,M21,Explosivos,SET,201.7,cife2023_MATERIAIS.xls
2023,M21,Explosivos,OUT,193.4,cife2023_MATERIAIS.xls
2023,M21,Explosivos,NOV,203.2,cife2023_MATERIAIS.xls
2023,M21,Explosivos,DEZ,202.1,cife2023_MATERIAIS.xls
2023,M22,Gasóleo,JAN,348.7,cife2023_MATERIAIS.xls
2023,M22,Gasóleo,FEV,336.5,cife2023_MATERIAIS.xls
2023,M22,Gasóleo,MAR,331.0,cife2023_MATERIAIS.xls
2023,M22,Gasóleo,ABR,322.2,cife2023_MATERIAIS.xls
2023,M22,Gasóleo,MAI,310.7,cife2023_MATERIAIS.xls
2023,M22,Gasóleo,JUN,319.2,cife2023_MATERIAIS.xls
2023,M22,Gasóleo,JUL,329.7,cife2023_MATERIAIS.xls
2023,M22,Gasóleo,AGO,362.3,cife2023_MATERIAIS.xls
2023,M22,Gasóleo,SET,376.9,cife2023_MATERIAIS.xls
2023,M22,Gasóleo,OUT,371.4,cife2023_MATERIAIS.xls
2023,M22,Gasóleo,NOV,355.9,cife2023_MATERIAIS.xls
2023,M22,Gasóleo,DEZ,340.8,cife2023_MATERIAIS.xls
2023,M23,Vidro,JAN,128.7,cife2023_MATERIAIS.xls
2023,M23,Vidro,FEV,115.1,cife2023_MATERIAIS.xls
2023,M23,Vidro,MAR,113.3,cife2023_MATERIAIS.xls
2023,M23,Vidro,ABR,117.0,cife2023_MATERIAIS.xls
2023,M23,Vidro,MAI,116.0,cife2023_MATERIAIS.xls
2023,M23,Vidro,JUN,114.4,cife2023_MATERIAIS.xls
2023,M23,Vidro,JUL,112.4,cife2023_MATERIAIS.xls
2023,M23,Vidro,AGO,112.4,cife2023_MATERIAIS.xls
2023,M23,Vidro,SET,112.3,cife2023_MATERIAIS.xls
2023,M23,Vidro,OUT,111.2,cife2023_MATERIAIS.xls
2023,M23,Vidro,NOV,111.2,cife2023_MATERIAIS.xls
2023,M23,Vidro,DEZ,111.2,cife2023_MATERIAIS.xls
2023,M24,Madeiras de Pinho,JAN,285.0,cife2023_MATERIAIS.xls
2023,M24,Madeiras de Pinho,FEV,283.4,cife2023_MATERIAIS.xls
2023,M24,Madeiras de Pinho,MAR,283.4,cife2023_MATERIAIS.xls
2023,M24,Madeiras de Pinho,ABR,283.4,cife2023_MATERIAIS.xls
2023,M24,Madeiras de Pinho,MAI,283.4,cife2023_MATERIAIS.xls
2023,M24,Madeiras de Pinho,JUN,283.1,cife2023_MATERIAIS.xls
2023,M24,Madeiras de Pinho,JUL,283.1,cife2023_MATERIAIS.xls
2023,M24,Madeiras de Pinho,AGO,283.1,cife2023_MATERIAIS.xls
2023,M24,Madeiras de Pinho,SET,283.1,cife2023_MATERIAIS.xls
2023,M24,Madeiras de Pinho,OUT,283.1,cife2023_MATERIAIS.xls
2023,M24,Madeiras de Pinho,NOV,282.9,cife2023_MATERIAIS.xls
2023,M24,Madeiras de Pinho,DEZ,282.9,cife2023_MATERIAIS.xls
2023,M25,Madeiras Especiais ou Exóticas,JAN,210.1,cife2023_MATERIAIS.xls
2023,M25,Madeiras Especiais ou Exóticas,FEV,210.1,cife2023_MATERIAIS.xls
2023,M25,Madeiras Especiais ou Exóticas,MAR,210.1,cife2023_MATERIAIS.xls
2023,M25,Madeiras Especiais ou Exóticas,ABR,210.1,cife2023_MATERIAIS.xls
2023,M25,Madeiras Especiais ou Exóticas,MAI,212.8,cife2023_MATERIAIS.xls
2023,M25,Madeiras Especiais ou Exóticas,JUN,212.8,cife2023_MATERIAIS.xls
2023,M25,Madeiras Especiais ou Exóticas,JUL,212.8,cife2023_MATERIAIS.xls
2023,M25,Madeiras Especiais ou Exóticas,AGO,211.5,cife2023_MATERIAIS.xls
2023,M25,Madeiras Especiais ou Exóticas,SET,211.1,cife2023_MATERIAIS.xls
2023,M25,Madeiras Especiais ou Exóticas,OUT,211.1,cife2023_MATERIAIS.xls
2023,M25,Madeiras Especiais ou Exóticas,NOV,210.9,cife2023_MATERIAIS.xls
2023,M25,Madeiras Especiais ou Exóticas,DEZ,210.6,cife2023_MATERIAIS.xls
2023,M26,Derivados de madeira,JAN,215.3,cife2023_MATERIAIS.xls
2023,M26,Derivados de madeira,FEV,214.6,cife2023_MATERIAIS.xls
2023,M26,Derivados de madeira,MAR,214.5,cife2023_MATERIAIS.xls
2023,M26,Derivados de madeira,ABR,213.6,cife2023_MATERIAIS.xls
2023,M26,Derivados de madeira,MAI,212.5,cife2023_MATERIAIS.xls
2023,M26,Derivados de madeira,JUN,212.6,cife2023_MATERIAIS.xls
2023,M26,Derivados de madeira,JUL,206.5,cife2023_MATERIAIS.xls
2023,M26,Derivados de madeira,AGO,203.9,cife2023_MATERIAIS.xls
2023,M26,Derivados de madeira,SET,203.2,cife2023_MATERIAIS.xls
2023,M26,Derivados de madeira,OUT,200.9,cife2023_MATERIAIS.xls
2023,M26,Derivados de madeira,NOV,197.7,cife2023_MATERIAIS.xls
2023,M26,Derivados de madeira,DEZ,198.4,cife2023_MATERIAIS.xls
2023,M27,Aglomerado negro de cortiça,JAN,261.0,cife2023_MATERIAIS.xls
2023,M27,Aglomerado negro de cortiça,FEV,264.2,cife2023_MATERIAIS.xls
2023,M27,Aglomerado negro de cortiça,MAR,268.6,cife2023_MATERIAIS.xls
2023,M27,Aglomerado negro de cortiça,ABR,271.8,cife2023_MATERIAIS.xls
2023,M27,Aglomerado negro de cortiça,MAI,269.7,cife2023_MATERIAIS.xls
2023,M27,Aglomerado negro de cortiça,JUN,272.8,cife2023_MATERIAIS.xls
2023,M27,Aglomerado negro de cortiça,JUL,263.5,cife2023_MATERIAIS.xls
2023,M27,Aglomerado negro de cortiça,AGO,267.8,cife2023_MATERIAIS.xls
2023,M27,Aglomerado negro de cortiça,SET,268.2,cife2023_MATERIAIS.xls
2023,M27,Aglomerado negro de cortiça,OUT,260.9,cife2023_MATERIAIS.xls
2023,M27,Aglomerado negro de cortiça,NOV,259.8,cife2023_MATERIAIS.xls
2023,M27,Aglomerado negro de cortiça,DEZ,257.7,cife2023_MATERIAIS.xls
2023,M28,Ladrilho de cortiça,JAN,161.5,cife2023_MATERIAIS.xls
2023,M28,Ladrilho de cortiça,FEV,161.5,cife2023_MATERIAIS.xls
2023,M28,Ladrilho de cortiça,MAR,169.0,cife2023_MATERIAIS.xls
2023,M28,Ladrilho de cortiça,ABR,168.7,cife2023_MATERIAIS.xls
2023,M28,Ladrilho de cortiça,MAI,168.7,cife2023_MATERIAIS.xls
2023,M28,Ladrilho de cortiça,JUN,168.7,cife2023_MATERIAIS.xls
2023,M28,Ladrilho de cortiça,JUL,170.2,cife2023_MATERIAIS.xls
2023,M28,Ladrilho de cortiça,AGO,170.6,cife2023_MATERIAIS.xls
2023,M28,Ladrilho de cortiça,SET,170.6,cife2023_MATERIAIS.xls
2023,M28,Ladrilho de cortiça,OUT,170.6,cife2023_MATERIAIS.xls
2023,M28,Ladrilho de cortiça,NOV,170.6,cife2023_MATERIAIS.xls
2023,M28,Ladrilho de cortiça,DEZ,170.6,cife2023_MATERIAIS.xls
2023,M29,Tintas para construção civil,JAN,369.5,cife2023_MATERIAIS.xls
2023,M29,Tintas para construção civil,FEV,395.4,cife2023_MATERIAIS.xls
2023,M29,Tintas para construção civil,MAR,406.2,cife2023_MATERIAIS.xls
2023,M29,Tintas para construção civil,ABR,407.6,cife2023_MATERIAIS.xls
2023,M29,Tintas para construção civil,MAI,407.7,cife2023_MATERIAIS.xls
2023,M29,Tintas para construção civil,JUN,408.1,cife2023_MATERIAIS.xls
2023,M29,Tintas para construção civil,JUL,408.7,cife2023_MATERIAIS.xls
2023,M29,Tintas para construção civil,AGO,408.6,cife2023_MATERIAIS.xls
2023,M29,Tintas para construção civil,SET,409.0,cife2023_MATERIAIS.xls
2023,M29,Tintas para construção civil,OUT,408.9,cife2023_MATERIAIS.xls
2023,M29,Tintas para construção civil,NOV,408.2,cife2023_MATERIAIS.xls
2023,M29,Tintas para construção civil,DEZ,408.1,cife2023_MATERIAIS.xls
2023,M30,Tintas para estradas,JAN,332.1,cife2023_MATERIAIS.xls
2023,M30,Tintas para estradas,FEV,333.9,cife2023_MATERIAIS.xls
2023,M30,Tintas para estradas,MAR,335.5,cife2023_MATERIAIS.xls
2023,M30,Tintas para estradas,ABR,341.8,cife2023_MATERIAIS.xls
2023,M30,Tintas para estradas,MAI,335.4,cife2023_MATERIAIS.xls
2023,M30,Tintas para estradas,JUN,333.4,cife2023_MATERIAIS.xls
2023,M30,Tintas para estradas,JUL,331.7,cife2023_MATERIAIS.xls
2023,M30,Tintas para estradas,AGO,329.7,cife2023_MATERIAIS.xls
2023,M30,Tintas para estradas,SET,328.3,cife2023_MATERIAIS.xls
2023,M30,Tintas para estradas,OUT,328.6,cife2023_MATERIAIS.xls
2023,M30,Tintas para estradas,NOV,325.9,cife2023_MATERIAIS.xls
2023,M30,Tintas para estradas,DEZ,331.5,cife2023_MATERIAIS.xls
2023,M31,Membrana betuminosa,JAN,280.2,cife2023_MATERIAIS.xls
2023,M31,Membrana betuminosa,FEV,278.6,cife2023_MATERIAIS.xls
2023,M31,Membrana betuminosa,MAR,281.5,cife2023_MATERIAIS.xls
2023,M31,Membrana betuminosa,ABR,281.5,cife2023_MATERIAIS.xls
2023,M31,Membrana betuminosa,MAI,279.5,cife2023_MATERIAIS.xls
2023,M31,Membrana betuminosa,JUN,281.6,cife2023_MATERIAIS.xls
2023,M31,Membrana betuminosa,JUL,277.6,cife2023_MATERIAIS.xls
2023,M31,Membrana betuminosa,AGO,279.8,cife2023_MATERIAIS.xls
2023,M31,Membrana betuminosa,SET,279.4,cife2023_MATERIAIS.xls
2023,M31,Membrana betuminosa,OUT,281.8,cife2023_MATERIAIS.xls
2023,M31,Membrana betuminosa,NOV,283.0,cife2023_MATERIAIS.xls
2023,M31,Membrana betuminosa,DEZ,279.6,cife2023_MATERIAIS.xls
2023,M32,Tubo de PVC,JAN,253.2,cife2023_MATERIAIS.xls
2023,M32,Tubo de PVC,FEV,248.5,cife2023_MATERIAIS.xls
2023,M32,Tubo de PVC,MAR,248.6,cife2023_MATERIAIS.xls
2023,M32,Tubo de PVC,ABR,245.3,cife2023_MATERIAIS.xls
2023,M32,Tubo de PVC,MAI,238.3,cife2023_MATERIAIS.xls
2023,M32,Tubo de PVC,JUN,235.5,cife2023_MATERIAIS.xls
2023,M32,Tubo de PVC,JUL,232.5,cife2023_MATERIAIS.xls
2023,M32,Tubo de PVC,AGO,234.9,cife2023_MATERIAIS.xls
2023,M32,Tubo de PVC,SET,238.6,cife2023_MATERIAIS.xls
2023,M32,Tubo de PVC,OUT,233.0,cife2023_MATERIAIS.xls
2023,M32,Tubo de PVC,NOV,238.1,cife2023_MATERIAIS.xls
2023,M32,Tubo de PVC,DEZ,222.9,cife2023_MATERIAIS.xls
2023,M33,Tubo de PVC p/ instalações elétricas,JAN,300.8,cife2023_MATERIAIS.xls
2023,M33,Tubo de PVC p/ instalações elétricas,FEV,297.1,cife2023_MATERIAIS.xls
2023,M33,Tubo de PVC p/ instalações elétricas,MAR,296.2,cife2023_MATERIAIS.xls
2023,M33,Tubo de PVC p/ instalações elétricas,ABR,279.7,cife2023_MATERIAIS.xls
2023,M33,Tubo de PVC p/ instalações elétricas,MAI,293.6,cife2023_MATERIAIS.xls
2023,M33,Tubo de PVC p/ instalações elétricas,JUN,294.4,cife2023_MATERIAIS.xls
2023,M33,Tubo de PVC p/ instalações elétricas,JUL,305.1,cife2023_MATERIAIS.xls
2023,M33,Tubo de PVC p/ instalações elétricas,AGO,310.8,cife2023_MATERIAIS.xls
2023,M33,Tubo de PVC p/ instalações elétricas,SET,320.1,cife2023_MATERIAIS.xls
2023,M33,Tubo de PVC p/ instalações elétricas,OUT,297.5,cife2023_MATERIAIS.xls
2023,M33,Tubo de PVC p/ instalações elétricas,NOV,317.4,cife2023_MATERIAIS.xls
2023,M33,Tubo de PVC p/ instalações elétricas,DEZ,340.0,cife2023_MATERIAIS.xls
2023,M34,Blocos de betão normal,JAN,150.9,cife2023_MATERIAIS.xls
2023,M34,Blocos de betão normal,FEV,152.8,cife2023_MATERIAIS.xls
2023,M34,Blocos de betão normal,MAR,151.2,cife2023_MATERIAIS.xls
2023,M34,Blocos de betão normal,ABR,151.5,cife2023_MATERIAIS.xls
2023,M34,Blocos de betão normal,MAI,151.5,cife2023_MATERIAIS.xls
2023,M34,Blocos de betão normal,JUN,152.2,cife2023_MATERIAIS.xls
2023,M34,Blocos de betão normal,JUL,152.0,cife2023_MATERIAIS.xls
2023,M34,Blocos de betão normal,AGO,151.1,cife2023_MATERIAIS.xls
2023,M34,Blocos de betão normal,SET,151.8,cife2023_MATERIAIS.xls
2023,M34,Blocos de betão normal,OUT,152.5,cife2023_MATERIAIS.xls
2023,M34,Blocos de betão normal,NOV,152.4,cife2023_MATERIAIS.xls
2023,M34,Blocos de betão normal,DEZ,151.9,cife2023_MATERIAIS.xls
2023,M35,Manilhas de betão,JAN,194.1,cife2023_MATERIAIS.xls
2023,M35,Manilhas de betão,FEV,194.7,cife2023_MATERIAIS.xls
2023,M35,Manilhas de betão,MAR,195.9,cife2023_MATERIAIS.xls
2023,M35,Manilhas de betão,ABR,195.9,cife2023_MATERIAIS.xls
2023,M35,Manilhas de betão,MAI,195.9,cife2023_MATERIAIS.xls
2023,M35,Manilhas de betão,JUN,196.8,cife2023_MATERIAIS.xls
2023,M35,Manilhas de betão,JUL,196.8,cife2023_MATERIAIS.xls
2023,M35,Manilhas de betão,AGO,196.8,cife2023_MATERIAIS.xls
2023,M35,Manilhas de betão,SET,197.3,cife2023_MATERIAIS.xls
2023,M35,Manilhas de betão,OUT,196.3,cife2023_MATERIAIS.xls
2023,M35,Manilhas de betão,NOV,197.4,cife2023_MATERIAIS.xls
2023,M35,Manilhas de betão,DEZ,197.4,cife2023_MATERIAIS.xls
2023,M36,Tubagem de fibrocimento,JAN,157.9,cife2023_MATERIAIS.xls
2023,M36,Tubagem de fibrocimento,FEV,157.9,cife2023_MATERIAIS.xls
2023,M36,Tubagem de fibrocimento,MAR,157.9,cife2023_MATERIAIS.xls
2023,M36,Tubagem de fibrocimento,ABR,157.9,cife2023_MATERIAIS.xls
2023,M36,Tubagem de fibrocimento,MAI,157.9,cife2023_MATERIAIS.xls
2023,M36,Tubagem de fibrocimento,JUN,157.9,cife2023_MATERIAIS.xls
2023,M36,Tubagem de fibrocimento,JUL,157.9,cife2023_MATERIAIS.xls
2023,M36,Tubagem de fibrocimento,AGO,157.9,cife2023_MATERIAIS.xls
2023,M36,Tubagem de fibrocimento,SET,157.9,cife2023_MATERIAIS.xls
2023,M36,Tubagem de fibrocimento,OUT,157.9,cife2023_MATERIAIS.xls
2023,M36,Tubagem de fibrocimento,NOV,157.9,cife2023_MATERIAIS.xls
2023,M36,Tubagem de fibrocimento,DEZ,157.9,cife2023_MATERIAIS.xls
2023,M37,Chapa de fibrocimento (1),JAN,314.3,cife2023_MATERIAIS.xls
2023,M37,Chapa de fibrocimento (1),FEV,314.3,cife2023_MATERIAIS.xls
2023,M37,Chapa de fibrocimento (1),MAR,314.3,cife2023_MATERIAIS.xls
2023,M37,Chapa de fibrocimento (1),ABR,314.3,cife2023_MATERIAIS.xls
2023,M37,Chapa de fibrocimento (1),MAI,314.3,cife2023_MATERIAIS.xls
2023,M37,Chapa de fibrocimento (1),JUN,314.3,cife2023_MATERIAIS.xls
2023,M37,Chapa de fibrocimento (1),JUL,314.3,cife2023_MATERIAIS.xls
2023,M37,Chapa de fibrocimento (1),AGO,314.3,cife2023_MATERIAIS.xls
2023,M37,Chapa de fibrocimento (1),SET,314.3,cife2023_MATERIAIS.xls
2023,M37,Chapa de fibrocimento (1),OUT,314.3,cife2023_MATERIAIS.xls
2023,M37,Chapa de fibrocimento (1),NOV,314.3,cife2023_MATERIAIS.xls
2023,M37,Chapa de fibrocimento (1),DEZ,314.3,cife2023_MATERIAIS.xls
2023,M39,Caixilharias em alumínio anodizado,JAN,184.4,cife2023_MATERIAIS.xls
2023,M39,Caixilharias em alumínio anodizado,FEV,180.4,cife2023_MATERIAIS.xls
2023,M39,Caixilharias em alumínio anodizado,MAR,180.4,cife2023_MATERIAIS.xls
2023,M39,Caixilharias em alumínio anodizado,ABR,180.4,cife2023_MATERIAIS.xls
2023,M39,Caixilharias em alumínio anodizado,MAI,180.4,cife2023_MATERIAIS.xls
2023,M39,Caixilharias em alumínio anodizado,JUN,180.4,cife2023_MATERIAIS.xls
2023,M39,Caixilharias em alumínio anodizado,JUL,180.4,cife2023_MATERIAIS.xls
2023,M39,Caixilharias em alumínio anodizado,AGO,180.4,cife2023_MATERIAIS.xls
2023,M39,Caixilharias em alumínio anodizado,SET,180.4,cife2023_MATERIAIS.xls
2023,M39,Caixilharias em alumínio anodizado,OUT,180.4,cife2023_MATERIAIS.xls
2023,M39,Caixilharias em alumínio anodizado,NOV,177.0,cife2023_MATERIAIS.xls
2023,M39,Caixilharias em alumínio anodizado,DEZ,177.0,cife2023_MATERIAIS.xls
2023,M40,Caixilharias em alumínio termolacado,JAN,153.9,cife2023_MATERIAIS.xls
2023,M40,Caixilharias em alumínio termolacado,FEV,159.4,cife2023_MATERIAIS.xls
2023,M40,Caixilharias em alumínio termolacado,MAR,159.4,cife2023_MATERIAIS.xls
2023,M40,Caixilharias em alumínio termolacado,ABR,159.4,cife2023_MATERIAIS.xls
2023,M40,Caixilharias em alumínio termolacado,MAI,159.4,cife2023_MATERIAIS.xls
2023,M40,Caixilharias em alumínio termolacado,JUN,159.4,cife2023_MATERIAIS.xls
2023,M40,Caixilharias em alumínio termolacado,JUL,159.4,cife2023_MATERIAIS.xls
2023,M40,Caixilharias em alumínio termolacado,AGO,159.4,cife2023_MATERIAIS.xls
2023,M40,Caixilharias em alumínio termolacado,SET,159.4,cife2023_MATERIAIS.xls
2023,M40,Caixilharias em alumínio termolacado,OUT,159.4,cife2023_MATERIAIS.xls
2023,M40,Caixilharias em alumínio termolacado,NOV,159.4,cife2023_MATERIAIS.xls
2023,M40,Caixilharias em alumínio termolacado,DEZ,159.4,cife2023_MATERIAIS.xls
2023,M41,Pavimentos aligeirados de vigotas pré-esforçadas e blocos cerâmicos,JAN,196.6,cife2023_MATERIAIS.xls
2023,M41,Pavimentos aligeirados de vigotas pré-esforçadas e blocos cerâmicos,FEV,199.4,cife2023_MATERIAIS.xls
2023,M41,Pavimentos aligeirados de vigotas pré-esforçadas e blocos cerâmicos,MAR,199.6,cife2023_MATERIAIS.xls
2023,M41,Pavimentos aligeirados de vigotas pré-esforçadas e blocos cerâmicos,ABR,199.1,cife2023_MATERIAIS.xls
2023,M41,Pavimentos aligeirados de vigotas pré-esforçadas e blocos cerâmicos,MAI,199.0,cife2023_MATERIAIS.xls
2023,M41,Pavimentos aligeirados de vigotas pré-esforçadas e blocos cerâmicos,JUN,198.5,cife2023_MATERIAIS.xls
2023,M41,Pavimentos aligeirados de vigotas pré-esforçadas e blocos cerâmicos,JUL,198.2,cife2023_MATERIAIS.xls
2023,M41,Pavimentos aligeirados de vigotas pré-esforçadas e blocos cerâmicos,AGO,197.9,cife2023_MATERIAIS.xls
2023,M41,Pavimentos aligeirados de vigotas pré-esforçadas e blocos cerâmicos,SET,197.5,cife2023_MATERIAIS.xls
2023,M41,Pavimentos aligeirados de vigotas pré-esforçadas e blocos cerâmicos,OUT,197.4,cife2023_MATERIAIS.xls
2023,M41,Pavimentos aligeirados de vigotas pré-esforçadas e blocos cerâmicos,NOV,197.4,cife2023_MATERIAIS.xls
2023,M41,Pavimentos aligeirados de vigotas pré-esforçadas e blocos cerâmicos,DEZ,197.2,cife2023_MATERIAIS.xls
2023,M42,Tubagem de aço e aparelhos para canalizações,JAN,134.7,cife2023_MATERIAIS.xls
2023,M42,Tubagem de aço e aparelhos para canalizações,FEV,134.5,cife2023_MATERIAIS.xls
2023,M42,Tubagem de aço e aparelhos para canalizações,MAR,135.9,cife2023_MATERIAIS.xls
2023,M42,Tubagem de aço e aparelhos para canalizações,ABR,133.9,cife2023_MATERIAIS.xls
2023,M42,Tubagem de aço e aparelhos para canalizações,MAI,134.4,cife2023_MATERIAIS.xls
2023,M42,Tubagem de aço e aparelhos para canalizações,JUN,133.6,cife2023_MATERIAIS.xls
2023,M42,Tubagem de aço e aparelhos para canalizações,JUL,133.7,cife2023_MATERIAIS.xls
2023,M42,Tubagem de aço e aparelhos para canalizações,AGO,133.2,cife2023_MATERIAIS.xls
2023,M42,Tubagem de aço e aparelhos para canalizações,SET,133.1,cife2023_MATERIAIS.xls
2023,M42,Tubagem de aço e aparelhos para canalizações,OUT,133.2,cife2023_MATERIAIS.xls
2023,M42,Tubagem de aço e aparelhos para canalizações,NOV,133.0,cife2023_MATERIAIS.xls
2023,M42,Tubagem de aço e aparelhos para canalizações,DEZ,133.5,cife2023_MATERIAIS.xls
2023,M43,Aço para betão armado,JAN,257.2,cife2023_MATERIAIS.xls
2023,M43,Aço para betão armado,FEV,251.2,cife2023_MATERIAIS.xls
2023,M43,Aço para betão armado,MAR,253.6,cife2023_MATERIAIS.xls
2023,M43,Aço para betão armado,ABR,239.9,cife2023_MATERIAIS.xls
2023,M43,Aço para betão armado,MAI,230.7,cife2023_MATERIAIS.xls
2023,M43,Aço para betão armado,JUN,225.0,cife2023_MATERIAIS.xls
2023,M43,Aço para betão armado,JUL,227.4,cife2023_MATERIAIS.xls
2023,M43,Aço para betão armado,AGO,218.3,cife2023_MATERIAIS.xls
2023,M43,Aço para betão armado,SET,214.2,cife2023_MATERIAIS.xls
2023,M43,Aço para betão armado,OUT,219.4,cife2023_MATERIAIS.xls
2023,M43,Aço para betão armado,NOV,220.9,cife2023_MATERIAIS.xls
2023,M43,Aço para betão armado,DEZ,223.1,cife2023_MATERIAIS.xls
2023,M44,Aço para betão pré-esforçado,JAN,301.3,cife2023_MATERIAIS.xls
2023,M44,Aço para betão pré-esforçado,FEV,298.7,cife2023_MATERIAIS.xls
2023,M44,Aço para betão pré-esforçado,MAR,295.2,cife2023_MATERIAIS.xls
2023,M44,Aço para betão pré-esforçado,ABR,295.2,cife2023_MATERIAIS.xls
2023,M44,Aço para betão pré-esforçado,MAI,277.1,cife2023_MATERIAIS.xls
2023,M44,Aço para betão pré-esforçado,JUN,265.6,cife2023_MATERIAIS.xls
2023,M44,Aço para betão pré-esforçado,JUL,258.3,cife2023_MATERIAIS.xls
2023,M44,Aço para betão pré-esforçado,AGO,258.3,cife2023_MATERIAIS.xls
2023,M44,Aço para betão pré-esforçado,SET,253.2,cife2023_MATERIAIS.xls
2023,M44,Aço para betão pré-esforçado,OUT,247.8,cife2023_MATERIAIS.xls
2023,M44,Aço para betão pré-esforçado,NOV,241.2,cife2023_MATERIAIS.xls
2023,M44,Aço para betão pré-esforçado,DEZ,241.2,cife2023_MATERIAIS.xls
2023,M45,Perfilados pesados e ligeiros,JAN,269.2,cife2023_MATERIAIS.xls
2023,M45,Perfilados pesados e ligeiros,FEV,265.6,cife2023_MATERIAIS.xls
2023,M45,Perfilados pesados e ligeiros,MAR,260.5,cife2023_MATERIAIS.xls
2023,M45,Perfilados pesados e ligeiros,ABR,264.2,cife2023_MATERIAIS.xls
2023,M45,Perfilados pesados e ligeiros,MAI,250.8,cife2023_MATERIAIS.xls
2023,M45,Perfilados pesados e ligeiros,JUN,244.6,cife2023_MATERIAIS.xls
2023,M45,Perfilados pesados e ligeiros,JUL,232.8,cife2023_MATERIAIS.xls
2023,M45,Perfilados pesados e ligeiros,AGO,229.5,cife2023_MATERIAIS.xls
2023,M45,Perfilados pesados e ligeiros,SET,226.9,cife2023_MATERIAIS.xls
2023,M45,Perfilados pesados e ligeiros,OUT,224.6,cife2023_MATERIAIS.xls
2023,M45,Perfilados pesados e ligeiros,NOV,223.2,cife2023_MATERIAIS.xls
2023,M45,Perfilados pesados e ligeiros,DEZ,224.3,cife2023_MATERIAIS.xls
2023,M46,Produtos para instalações elétricas,JAN,212.2,cife2023_MATERIAIS.xls
2023,M46,Produtos para instalações elétricas,FEV,216.0,cife2023_MATERIAIS.xls
2023,M46,Produtos para instalações elétricas,MAR,216.2,cife2023_MATERIAIS.xls
2023,M46,Produtos para instalações elétricas,ABR,216.1,cife2023_MATERIAIS.xls
2023,M46,Produtos para instalações elétricas,MAI,216.9,cife2023_MATERIAIS.xls
2023,M46,Produtos para instalações elétricas,JUN,215.1,cife2023_MATERIAIS.xls
2023,M46,Produtos para instalações elétricas,JUL,219.1,cife2023_MATERIAIS.xls
2023,M46,Produtos para instalações elétricas,AGO,217.2,cife2023_MATERIAIS.xls
2023,M46,Produtos para instalações elétricas,SET,217.0,cife2023_MATERIAIS.xls
2023,M46,Produtos para instalações elétricas,OUT,215.8,cife2023_MATERIAIS.xls
2023,M46,Produtos para instalações elétricas,NOV,216.8,cife2023_MATERIAIS.xls
2023,M46,Produtos para instalações elétricas,DEZ,217.2,cife2023_MATERIAIS.xls
2023,M47,Produtos pré-fabricados de betão,JAN,131.7,cife2023_MATERIAIS.xls
2023,M47,Produtos pré-fabricados de betão,FEV,132.9,cife2023_MATERIAIS.xls
2023,M47,Produtos pré-fabricados de betão,MAR,133.2,cife2023_MATERIAIS.xls
2023,M47,Produtos pré-fabricados de betão,ABR,133.3,cife2023_MATERIAIS.xls
2023,M47,Produtos pré-fabricados de betão,MAI,133.1,cife2023_MATERIAIS.xls
2023,M47,Produtos pré-fabricados de betão,JUN,133.4,cife2023_MATERIAIS.xls
2023,M47,Produtos pré-fabricados de betão,JUL,133.2,cife2023_MATERIAIS.xls
2023,M47,Produtos pré-fabricados de betão,AGO,133.0,cife2023_MATERIAIS.xls
2023,M47,Produtos pré-fabricados de betão,SET,133.5,cife2023_MATERIAIS.xls
2023,M47,Produtos pré-fabricados de betão,OUT,133.7,cife2023_MATERIAIS.xls
2023,M47,Produtos pré-fabricados de betão,NOV,133.7,cife2023_MATERIAIS.xls
2023,M47,Produtos pré-fabricados de betão,DEZ,134.4,cife2023_MATERIAIS.xls
2023,M48,Produtos para ajardinamentos,JAN,131.6,cife2023_MATERIAIS.xls
2023,M48,Produtos para ajardinamentos,FEV,131.3,cife2023_MATERIAIS.xls
2023,M48,Produtos para ajardinamentos,MAR,130.6,cife2023_MATERIAIS.xls
2023,M48,Produtos para ajardinamentos,ABR,130.8,cife2023_MATERIAIS.xls
2023,M48,Produtos para ajardinamentos,MAI,130.6,cife2023_MATERIAIS.xls
2023,M48,Produtos para ajardinamentos,JUN,130.5,cife2023_MATERIAIS.xls
2023,M48,Produtos para ajardinamentos,JUL,130.4,cife2023_MATERIAIS.xls
2023,M48,Produtos para ajardinamentos,AGO,130.2,cife2023_MATERIAIS.xls
2023,M48,Produtos para ajardinamentos,SET,131.0,cife2023_MATERIAIS.xls
2023,M48,Produtos para ajardinamentos,OUT,131.1,cife2023_MATERIAIS.xls
2023,M48,Produtos para ajardinamentos,NOV,131.9,cife2023_MATERIAIS.xls
2023,M48,Produtos para ajardinamentos,DEZ,131.5,cife2023_MATERIAIS.xls
2023,M49,Geotêxteis,JAN,117.8,cife2023_MATERIAIS.xls
2023,M49,Geotêxteis,FEV,118.6,cife2023_MATERIAIS.xls
2023,M49,Geotêxteis,MAR,119.9,cife2023_MATERIAIS.xls
2023,M49,Geotêxteis,ABR,119.6,cife2023_MATERIAIS.xls
2023,M49,Geotêxteis,MAI,117.0,cife2023_MATERIAIS.xls
2023,M49,Geotêxteis,JUN,117.1,cife2023_MATERIAIS.xls
2023,M49,Geotêxteis,JUL,117.8,cife2023_MATERIAIS.xls
2023,M49,Geotêxteis,AGO,117.8,cife2023_MATERIAIS.xls
2023,M49,Geotêxteis,SET,117.4,cife2023_MATERIAIS.xls
2023,M49,Geotêxteis,OUT,116.6,cife2023_MATERIAIS.xls
2023,M49,Geotêxteis,NOV,121.1,cife2023_MATERIAIS.xls
2023,M49,Geotêxteis,DEZ,118.6,cife2023_MATERIAIS.xls
2023,M50,Tubos e Acessórios de Ferro Fundido e Aço,JAN,230.0,cife2023_MATERIAIS.xls
2023,M50,Tubos e Acessórios de Ferro Fundido e Aço,FEV,224.7,cife2023_MATERIAIS.xls
2023,M50,Tubos e Acessórios de Ferro Fundido e Aço,MAR,225.8,cife2023_MATERIAIS.xls
2023,M50,Tubos e Acessórios de Ferro Fundido e Aço,ABR,223.8,cife2023_MATERIAIS.xls
2023,M50,Tubos e Acessórios de Ferro Fundido e Aço,MAI,220.2,cife2023_MATERIAIS.xls
2023,M50,Tubos e Acessórios de Ferro Fundido e Aço,JUN,217.7,cife2023_MATERIAIS.xls
2023,M50,Tubos e Acessórios de Ferro Fundido e Aço,JUL,216.9,cife2023_MATERIAIS.xls
2023,M50,Tubos e Acessórios de Ferro Fundido e Aço,AGO,216.8,cife2023_MATERIAIS.xls
2023,M50,Tubos e Acessórios de Ferro Fundido e Aço,SET,214.1,cife2023_MATERIAIS.xls
2023,M50,Tubos e Acessórios de Ferro Fundido e Aço,OUT,211.3,cife2023_MATERIAIS.xls
2023,M50,Tubos e Acessórios de Ferro Fundido e Aço,NOV,210.5,cife2023_MATERIAIS.xls
2023,M50,Tubos e Acessórios de Ferro Fundido e Aço,DEZ,216.2,cife2023_MATERIAIS.xls
2023,M51,Tintas para Construções Metálicas,JAN,178.6,cife2023_MATERIAIS.xls
2023,M51,Tintas para Construções Metálicas,FEV,181.9,cife2023_MATERIAIS.xls
2023,M51,Tintas para Construções Metálicas,MAR,182.2,cife2023_MATERIAIS.xls
2023,M51,Tintas para Construções Metálicas,ABR,183.2,cife2023_MATERIAIS.xls
2023,M51,Tintas para Construções Metálicas,MAI,182.5,cife2023_MATERIAIS.xls
2023,M51,Tintas para Construções Metálicas,JUN,181.7,cife2023_MATERIAIS.xls
2023,M51,Tintas para Construções Metálicas,JUL,181.1,cife2023_MATERIAIS.xls
2023,M51,Tintas para Construções Metálicas,AGO,181.0,cife2023_MATERIAIS.xls
2023,M51,Tintas para Construções Metálicas,SET,180.9,cife2023_MATERIAIS.xls
2023,M51,Tintas para Construções Metálicas,OUT,180.7,cife2023_MATERIAIS.xls
2023,M51,Tintas para Construções Metálicas,NOV,180.1,cife2023_MATERIAIS.xls
2023,M51,Tintas para Construções Metálicas,DEZ,180.7,cife2023_MATERIAIS.xls
2023,M52,Redes e equipamentos de média e alta tensão,JAN,112.7,cife2023_MATERIAIS.xls
2023,M52,Redes e equipamentos de média e alta tensão,FEV,112.1,cife2023_MATERIAIS.xls
2023,M52,Redes e equipamentos de média e alta tensão,MAR,111.7,cife2023_MATERIAIS.xls
2023,M52,Redes e equipamentos de média e alta tensão,ABR,111.6,cife2023_MATERIAIS.xls
2023,M52,Redes e equipamentos de média e alta tensão,MAI,110.5,cife2023_MATERIAIS.xls
2023,M52,Redes e equipamentos de média e alta tensão,JUN,109.3,cife2023_MATERIAIS.xls
2023,M52,Redes e equipamentos de média e alta tensão,JUL,110.0,cife2023_MATERIAIS.xls
2023,M52,Redes e equipamentos de média e alta tensão,AGO,109.2,cife2023_MATERIAIS.xls
2023,M52,Redes e equipamentos de média e alta tensão,SET,109.9,cife2023_MATERIAIS.xls
2023,M52,Redes e equipamentos de média e alta tensão,OUT,109.6,cife2023_MATERIAIS.xls
2023,M52,Redes e equipamentos de média e alta tensão,NOV,114.1,cife2023_MATERIAIS.xls
2023,M52,Redes e equipamentos de média e alta tensão,DEZ,113.8,cife2023_MATERIAIS.xls
2023,M53,Tubagem e acessórios para redes prediais de distribuição de água,JAN,153.2,cife2023_MATERIAIS.xls
2023,M53,Tubagem e acessórios para redes prediais de distribuição de água,FEV,153.4,cife2023_MATERIAIS.xls
2023,M53,Tubagem e acessórios para redes prediais de distribuição de água,MAR,151.8,cife2023_MATERIAIS.xls
2023,M53,Tubagem e acessórios para redes prediais de distribuição de água,ABR,148.5,cife2023_MATERIAIS.xls
2023,M53,Tubagem e acessórios para redes prediais de distribuição de água,MAI,150.2,cife2023_MATERIAIS.xls
2023,M53,Tubagem e acessórios para redes prediais de distribuição de água,JUN,146.4,cife2023_MATERIAIS.xls
2023,M53,Tubagem e acessórios para redes prediais de distribuição de água,JUL,147.7,cife2023_MATERIAIS.xls
2023,M53,Tubagem e acessórios para redes prediais de distribuição de água,AGO,145.2,cife2023_MATERIAIS.xls
2023,M53,Tubagem e acessórios para redes prediais de distribuição de água,SET,146.1,cife2023_MATERIAIS.xls
2023,M53,Tubagem e acessórios para redes prediais de distribuição de água,OUT,145.6,cife2023_MATERIAIS.xls
2023,M53,Tubagem e acessórios para redes prediais de distribuição de água,NOV,143.6,cife2023_MATERIAIS.xls
2023,M53,Tubagem e acessórios para redes prediais de distribuição de água,DEZ,143.1,cife2023_MATERIAIS.xls
2023,M54,Produtos com base em ligantes minerais pré-doseados para  revestimentos,JAN,132.8,cife2023_MATERIAIS.xls
2023,M54,Produtos com base em ligantes minerais pré-doseados para  revestimentos,FEV,133.3,cife2023_MATERIAIS.xls
2023,M54,Produtos com base em ligantes minerais pré-doseados para  revestimentos,MAR,131.6,cife2023_MATERIAIS.xls
2023,M54,Produtos com base em ligantes minerais pré-doseados para  revestimentos,ABR,131.6,cife2023_MATERIAIS.xls
2023,M54,Produtos com base em ligantes minerais pré-doseados para  revestimentos,MAI,129.4,cife2023_MATERIAIS.xls
2023,M54,Produtos com base em ligantes minerais pré-doseados para  revestimentos,JUN,130.2,cife2023_MATERIAIS.xls
2023,M54,Produtos com base em ligantes minerais pré-doseados para  revestimentos,JUL,130.6,cife2023_MATERIAIS.xls
2023,M54,Produtos com base em ligantes minerais pré-doseados para  revestimentos,AGO,130.7,cife2023_MATERIAIS.xls
2023,M54,Produtos com base em ligantes minerais pré-doseados para  revestimentos,SET,131.9,cife2023_MATERIAIS.xls
2023,M54,Produtos com base em ligantes minerais pré-doseados para  revestimentos,OUT,136.1,cife2023_MATERIAIS.xls
2023,M54,Produtos com base em ligantes minerais pré-doseados para  revestimentos,NOV,132.3,cife2023_MATERIAIS.xls
2023,M54,Produtos com base em ligantes minerais pré-doseados para  revestimentos,DEZ,136.2,cife2023_MATERIAIS.xls
2023,M55,Chapas e painéis para revestimento de coberturas,JAN,117.4,cife2023_MATERIAIS.xls
2023,M55,Chapas e painéis para revestimento de coberturas,FEV,114.6,cife2023_MATERIAIS.xls
2023,M55,Chapas e painéis para revestimento de coberturas,MAR,113.3,cife2023_MATERIAIS.xls
2023,M55,Chapas e painéis para revestimento de coberturas,ABR,113.4,cife2023_MATERIAIS.xls
2023,M55,Chapas e painéis para revestimento de coberturas,MAI,113.1,cife2023_MATERIAIS.xls
2023,M55,Chapas e painéis para revestimento de coberturas,JUN,112.2,cife2023_MATERIAIS.xls
2023,M55,Chapas e painéis para revestimento de coberturas,JUL,111.9,cife2023_MATERIAIS.xls
2023,M55,Chapas e painéis para revestimento de coberturas,AGO,111.1,cife2023_MATERIAIS.xls
2023,M55,Chapas e painéis para revestimento de coberturas,SET,110.7,cife2023_MATERIAIS.xls
2023,M55,Chapas e painéis para revestimento de coberturas,OUT,107.5,cife2023_MATERIAIS.xls
2023,M55,Chapas e painéis para revestimento de coberturas,NOV,106.9,cife2023_MATERIAIS.xls
2023,M55,Chapas e painéis para revestimento de coberturas,DEZ,106.2,cife2023_MATERIAIS.xls
2023,M56,Sistemas compósitos de isolamento térmico pelo exterior (ETIC),JAN,107.7,cife2023_MATERIAIS.xls
2023,M56,Sistemas compósitos de isolamento térmico pelo exterior (ETIC),FEV,108.1,cife2023_MATERIAIS.xls
2023,M56,Sistemas compósitos de isolamento térmico pelo exterior (ETIC),MAR,107.3,cife2023_MATERIAIS.xls
2023,M56,Sistemas compósitos de isolamento térmico pelo exterior (ETIC),ABR,107.0,cife2023_MATERIAIS.xls
2023,M56,Sistemas compósitos de isolamento térmico pelo exterior (ETIC),MAI,106.7,cife2023_MATERIAIS.xls
2023,M56,Sistemas compósitos de isolamento térmico pelo exterior (ETIC),JUN,106.3,cife2023_MATERIAIS.xls
2023,M56,Sistemas compósitos de isolamento térmico pelo exterior (ETIC),JUL,105.6,cife2023_MATERIAIS.xls
2023,M56,Sistemas compósitos de isolamento térmico pelo exterior (ETIC),AGO,105.1,cife2023_MATERIAIS.xls
2023,M56,Sistemas compósitos de isolamento térmico pelo exterior (ETIC),SET,105.6,cife2023_MATERIAIS.xls
2023,M56,Sistemas compósitos de isolamento térmico pelo exterior (ETIC),OUT,105.9,cife2023_MATERIAIS.xls
2023,M56,Sistemas compósitos de isolamento térmico pelo exterior (ETIC),NOV,105.6,cife2023_MATERIAIS.xls
2023,M56,Sistemas compósitos de isolamento térmico pelo exterior (ETIC),DEZ,105.4,cife2023_MATERIAIS.xls
2023,M57,Isolamentos térmicos e acústicos,JAN,154.7,cife2023_MATERIAIS.xls
2023,M57,Isolamentos térmicos e acústicos,FEV,152.9,cife2023_MATERIAIS.xls
2023,M57,Isolamentos térmicos e acústicos,MAR,152.9,cife2023_MATERIAIS.xls
2023,M57,Isolamentos térmicos e acústicos,ABR,144.1,cife2023_MATERIAIS.xls
2023,M57,Isolamentos térmicos e acústicos,MAI,137.0,cife2023_MATERIAIS.xls
2023,M57,Isolamentos térmicos e acústicos,JUN,136.1,cife2023_MATERIAIS.xls
2023,M57,Isolamentos térmicos e acústicos,JUL,134.5,cife2023_MATERIAIS.xls
2023,M57,Isolamentos térmicos e acústicos,AGO,149.3,cife2023_MATERIAIS.xls
2023,M57,Isolamentos térmicos e acústicos,SET,149.7,cife2023_MATERIAIS.xls
2023,M57,Isolamentos térmicos e acústicos,OUT,153.6,cife2023_MATERIAIS.xls
2023,M57,Isolamentos térmicos e acústicos,NOV,152.1,cife2023_MATERIAIS.xls
2023,M57,Isolamentos térmicos e acústicos,DEZ,154.8,cife2023_MATERIAIS.xls
2023,M58,Janelas e portas de alumínio e PVC,JAN,117.8,cife2023_MATERIAIS.xls
2023,M58,Janelas e portas de alumínio e PVC,FEV,117.3,cife2023_MATERIAIS.xls
2023,M58,Janelas e portas de alumínio e PVC,MAR,116.2,cife2023_MATERIAIS.xls
2023,M58,Janelas e portas de alumínio e PVC,ABR,115.5,cife2023_MATERIAIS.xls
2023,M58,Janelas e portas de alumínio e PVC,MAI,115.3,cife2023_MATERIAIS.xls
2023,M58,Janelas e portas de alumínio e PVC,JUN,115.4,cife2023_MATERIAIS.xls
2023,M58,Janelas e portas de alumínio e PVC,JUL,115.4,cife2023_MATERIAIS.xls
2023,M58,Janelas e portas de alumínio e PVC,AGO,115.4,cife2023_MATERIAIS.xls
2023,M58,Janelas e portas de alumínio e PVC,SET,115.4,cife2023_MATERIAIS.xls
2023,M58,Janelas e portas de alumínio e PVC,OUT,115.1,cife2023_MATERIAIS.xls
2023,M58,Janelas e portas de alumínio e PVC,NOV,115.1,cife2023_MATERIAIS.xls
2023,M58,Janelas e portas de alumínio e PVC,DEZ,115.1,cife2023_MATERIAIS.xls
2024,M01,Britas,JAN,144.7,cife2024_MATERIAIS.xls
2024,M01,Britas,FEV,147.5,cife2024_MATERIAIS.xls
2024,M01,Britas,MAR,147.5,cife2024_MATERIAIS.xls
2024,M01,Britas,ABR,147.5,cife2024_MATERIAIS.xls
2024,M01,Britas,MAI,147.7,cife2024_MATERIAIS.xls
2024,M01,Britas,JUN,148.0,cife2024_MATERIAIS.xls
2024,M01,Britas,JUL,147.1,cife2024_MATERIAIS.xls
2024,M01,Britas,AGO,147.6,cife2024_MATERIAIS.xls
2024,M01,Britas,SET,149.0,cife2024_MATERIAIS.xls
2024,M01,Britas,OUT,147.3,cife2024_MATERIAIS.xls
2024,M01,Britas,NOV,147.4,cife2024_MATERIAIS.xls
2024,M01,Britas,DEZ,147.4,cife2024_MATERIAIS.xls
2024,M02,Areias,JAN,112.1,cife2024_MATERIAIS.xls
2024,M02,Areias,FEV,111.0,cife2024_MATERIAIS.xls
2024,M02,Areias,MAR,116.8,cife2024_MATERIAIS.xls
2024,M02,Areias,ABR,115.3,cife2024_MATERIAIS.xls
2024,M02,Areias,MAI,116.9,cife2024_MATERIAIS.xls
2024,M02,Areias,JUN,116.5,cife2024_MATERIAIS.xls
2024,M02,Areias,JUL,116.7,cife2024_MATERIAIS.xls
2024,M02,Areias,AGO,117.2,cife2024_MATERIAIS.xls
2024,M02,Areias,SET,110.8,cife2024_MATERIAIS.xls
2024,M02,Areias,OUT,109.4,cife2024_MATERIAIS.xls
2024,M02,Areias,NOV,109.5,cife2024_MATERIAIS.xls
2024,M02,Areias,DEZ,109.4,cife2024_MATERIAIS.xls
2024,M03,Inertes,JAN,133.2,cife2024_MATERIAIS.xls
2024,M03,Inertes,FEV,134.4,cife2024_MATERIAIS.xls
2024,M03,Inertes,MAR,136.9,cife2024_MATERIAIS.xls
2024,M03,Inertes,ABR,136.3,cife2024_MATERIAIS.xls
2024,M03,Inertes,MAI,137.1,cife2024_MATERIAIS.xls
2024,M03,Inertes,JUN,137.0,cife2024_MATERIAIS.xls
2024,M03,Inertes,JUL,136.6,cife2024_MATERIAIS.xls
2024,M03,Inertes,AGO,137.2,cife2024_MATERIAIS.xls
2024,M03,Inertes,SET,135.2,cife2024_MATERIAIS.xls
2024,M03,Inertes,OUT,133.7,cife2024_MATERIAIS.xls
2024,M03,Inertes,NOV,133.7,cife2024_MATERIAIS.xls
2024,M03,Inertes,DEZ,133.7,cife2024_MATERIAIS.xls
2024,M04,Ladrilhos de calcário e granito,JAN,103.9,cife2024_MATERIAIS.xls
2024,M04,Ladrilhos de calcário e granito,FEV,108.5,cife2024_MATERIAIS.xls
2024,M04,Ladrilhos de calcário e granito,MAR,106.1,cife2024_MATERIAIS.xls
2024,M04,Ladrilhos de calcário e granito,ABR,111.9,cife2024_MATERIAIS.xls
2024,M04,Ladrilhos de calcário e granito,MAI,111.8,cife2024_MATERIAIS.xls
2024,M04,Ladrilhos de calcário e granito,JUN,111.7,cife2024_MATERIAIS.xls
2024,M04,Ladrilhos de calcário e granito,JUL,112.4,cife2024_MATERIAIS.xls
2024,M04,Ladrilhos de calcário e granito,AGO,114.9,cife2024_MATERIAIS.xls
2024,M04,Ladrilhos de calcário e granito,SET,113.7,cife2024_MATERIAIS.xls
2024,M04,Ladrilhos de calcário e granito,OUT,113.0,cife2024_MATERIAIS.xls
2024,M04,Ladrilhos de calcário e granito,NOV,112.9,cife2024_MATERIAIS.xls
2024,M04,Ladrilhos de calcário e granito,DEZ,112.7,cife2024_MATERIAIS.xls
2024,M05,Cantarias de calcário e granito,JAN,138.3,cife2024_MATERIAIS.xls
2024,M05,Cantarias de calcário e granito,FEV,138.3,cife2024_MATERIAIS.xls
2024,M05,Cantarias de calcário e granito,MAR,138.3,cife2024_MATERIAIS.xls
2024,M05,Cantarias de calcário e granito,ABR,138.3,cife2024_MATERIAIS.xls
2024,M05,Cantarias de calcário e granito,MAI,138.5,cife2024_MATERIAIS.xls
2024,M05,Cantarias de calcário e granito,JUN,138.5,cife2024_MATERIAIS.xls
2024,M05,Cantarias de calcário e granito,JUL,138.5,cife2024_MATERIAIS.xls
2024,M05,Cantarias de calcário e granito,AGO,138.5,cife2024_MATERIAIS.xls
2024,M05,Cantarias de calcário e granito,SET,138.5,cife2024_MATERIAIS.xls
2024,M05,Cantarias de calcário e granito,OUT,138.5,cife2024_MATERIAIS.xls
2024,M05,Cantarias de calcário e granito,NOV,138.5,cife2024_MATERIAIS.xls
2024,M05,Cantarias de calcário e granito,DEZ,138.5,cife2024_MATERIAIS.xls
2024,M06,Ladr. e cant. de calcário e granito,JAN,108.4,cife2024_MATERIAIS.xls
2024,M06,Ladr. e cant. de calcário e granito,FEV,112.0,cife2024_MATERIAIS.xls
2024,M06,Ladr. e cant. de calcário e granito,MAR,110.1,cife2024_MATERIAIS.xls
2024,M06,Ladr. e cant. de calcário e granito,ABR,114.6,cife2024_MATERIAIS.xls
2024,M06,Ladr. e cant. de calcário e granito,MAI,114.6,cife2024_MATERIAIS.xls
2024,M06,Ladr. e cant. de calcário e granito,JUN,114.5,cife2024_MATERIAIS.xls
2024,M06,Ladr. e cant. de calcário e granito,JUL,115.0,cife2024_MATERIAIS.xls
2024,M06,Ladr. e cant. de calcário e granito,AGO,117.0,cife2024_MATERIAIS.xls
2024,M06,Ladr. e cant. de calcário e granito,SET,116.1,cife2024_MATERIAIS.xls
2024,M06,Ladr. e cant. de calcário e granito,OUT,115.5,cife2024_MATERIAIS.xls
2024,M06,Ladr. e cant. de calcário e granito,NOV,115.5,cife2024_MATERIAIS.xls
2024,M06,Ladr. e cant. de calcário e granito,DEZ,115.3,cife2024_MATERIAIS.xls
2024,M07,Telhas cerâmicas,JAN,214.0,cife2024_MATERIAIS.xls
2024,M07,Telhas cerâmicas,FEV,220.3,cife2024_MATERIAIS.xls
2024,M07,Telhas cerâmicas,MAR,220.3,cife2024_MATERIAIS.xls
2024,M07,Telhas cerâmicas,ABR,217.3,cife2024_MATERIAIS.xls
2024,M07,Telhas cerâmicas,MAI,220.1,cife2024_MATERIAIS.xls
2024,M07,Telhas cerâmicas,JUN,222.5,cife2024_MATERIAIS.xls
2024,M07,Telhas cerâmicas,JUL,223.5,cife2024_MATERIAIS.xls
2024,M07,Telhas cerâmicas,AGO,226.7,cife2024_MATERIAIS.xls
2024,M07,Telhas cerâmicas,SET,223.2,cife2024_MATERIAIS.xls
2024,M07,Telhas cerâmicas,OUT,221.9,cife2024_MATERIAIS.xls
2024,M07,Telhas cerâmicas,NOV,225.2,cife2024_MATERIAIS.xls
2024,M07,Telhas cerâmicas,DEZ,215.5,cife2024_MATERIAIS.xls
2024,M08,Tijolos cerâmicos,JAN,129.4,cife2024_MATERIAIS.xls
2024,M08,Tijolos cerâmicos,FEV,129.6,cife2024_MATERIAIS.xls
2024,M08,Tijolos cerâmicos,MAR,131.1,cife2024_MATERIAIS.xls
2024,M08,Tijolos cerâmicos,ABR,131.9,cife2024_MATERIAIS.xls
2024,M08,Tijolos cerâmicos,MAI,133.4,cife2024_MATERIAIS.xls
2024,M08,Tijolos cerâmicos,JUN,133.1,cife2024_MATERIAIS.xls
2024,M08,Tijolos cerâmicos,JUL,132.2,cife2024_MATERIAIS.xls
2024,M08,Tijolos cerâmicos,AGO,130.5,cife2024_MATERIAIS.xls
2024,M08,Tijolos cerâmicos,SET,130.6,cife2024_MATERIAIS.xls
2024,M08,Tijolos cerâmicos,OUT,130.5,cife2024_MATERIAIS.xls
2024,M08,Tijolos cerâmicos,NOV,131.9,cife2024_MATERIAIS.xls
2024,M08,Tijolos cerâmicos,DEZ,130.6,cife2024_MATERIAIS.xls
2024,M09,Produtos Cerâmicos Vermelhos,JAN,142.7,cife2024_MATERIAIS.xls
2024,M09,Produtos Cerâmicos Vermelhos,FEV,143.8,cife2024_MATERIAIS.xls
2024,M09,Produtos Cerâmicos Vermelhos,MAR,145.1,cife2024_MATERIAIS.xls
2024,M09,Produtos Cerâmicos Vermelhos,ABR,145.4,cife2024_MATERIAIS.xls
2024,M09,Produtos Cerâmicos Vermelhos,MAI,147.2,cife2024_MATERIAIS.xls
2024,M09,Produtos Cerâmicos Vermelhos,JUN,147.2,cife2024_MATERIAIS.xls
2024,M09,Produtos Cerâmicos Vermelhos,JUL,146.5,cife2024_MATERIAIS.xls
2024,M09,Produtos Cerâmicos Vermelhos,AGO,145.4,cife2024_MATERIAIS.xls
2024,M09,Produtos Cerâmicos Vermelhos,SET,145.0,cife2024_MATERIAIS.xls
2024,M09,Produtos Cerâmicos Vermelhos,OUT,144.8,cife2024_MATERIAIS.xls
2024,M09,Produtos Cerâmicos Vermelhos,NOV,146.5,cife2024_MATERIAIS.xls
2024,M09,Produtos Cerâmicos Vermelhos,DEZ,144.1,cife2024_MATERIAIS.xls
2024,M10,Azulejos e Mosaicos,JAN,129.7,cife2024_MATERIAIS.xls
2024,M10,Azulejos e Mosaicos,FEV,129.8,cife2024_MATERIAIS.xls
2024,M10,Azulejos e Mosaicos,MAR,126.5,cife2024_MATERIAIS.xls
2024,M10,Azulejos e Mosaicos,ABR,128.4,cife2024_MATERIAIS.xls
2024,M10,Azulejos e Mosaicos,MAI,128.2,cife2024_MATERIAIS.xls
2024,M10,Azulejos e Mosaicos,JUN,129.1,cife2024_MATERIAIS.xls
2024,M10,Azulejos e Mosaicos,JUL,128.9,cife2024_MATERIAIS.xls
2024,M10,Azulejos e Mosaicos,AGO,128.7,cife2024_MATERIAIS.xls
2024,M10,Azulejos e Mosaicos,SET,129.0,cife2024_MATERIAIS.xls
2024,M10,Azulejos e Mosaicos,OUT,128.9,cife2024_MATERIAIS.xls
2024,M10,Azulejos e Mosaicos,NOV,127.0,cife2024_MATERIAIS.xls
2024,M10,Azulejos e Mosaicos,DEZ,127.7,cife2024_MATERIAIS.xls
2024,M12,Aço em Varão e Perfilados,JAN,336.3,cife2024_MATERIAIS.xls
2024,M12,Aço em Varão e Perfilados,FEV,333.3,cife2024_MATERIAIS.xls
2024,M12,Aço em Varão e Perfilados,MAR,329.7,cife2024_MATERIAIS.xls
2024,M12,Aço em Varão e Perfilados,ABR,329.4,cife2024_MATERIAIS.xls
2024,M12,Aço em Varão e Perfilados,MAI,330.9,cife2024_MATERIAIS.xls
2024,M12,Aço em Varão e Perfilados,JUN,332.2,cife2024_MATERIAIS.xls
2024,M12,Aço em Varão e Perfilados,JUL,335.4,cife2024_MATERIAIS.xls
2024,M12,Aço em Varão e Perfilados,AGO,341.5,cife2024_MATERIAIS.xls
2024,M12,Aço em Varão e Perfilados,SET,339.9,cife2024_MATERIAIS.xls
2024,M12,Aço em Varão e Perfilados,OUT,337.1,cife2024_MATERIAIS.xls
2024,M12,Aço em Varão e Perfilados,NOV,333.9,cife2024_MATERIAIS.xls
2024,M12,Aço em Varão e Perfilados,DEZ,338.0,cife2024_MATERIAIS.xls
2024,M13,Chapa de Aço Macio,JAN,186.5,cife2024_MATERIAIS.xls
2024,M13,Chapa de Aço Macio,FEV,190.2,cife2024_MATERIAIS.xls
2024,M13,Chapa de Aço Macio,MAR,190.2,cife2024_MATERIAIS.xls
2024,M13,Chapa de Aço Macio,ABR,190.2,cife2024_MATERIAIS.xls
2024,M13,Chapa de Aço Macio,MAI,186.6,cife2024_MATERIAIS.xls
2024,M13,Chapa de Aço Macio,JUN,183.7,cife2024_MATERIAIS.xls
2024,M13,Chapa de Aço Macio,JUL,182.3,cife2024_MATERIAIS.xls
2024,M13,Chapa de Aço Macio,AGO,182.3,cife2024_MATERIAIS.xls
2024,M13,Chapa de Aço Macio,SET,182.3,cife2024_MATERIAIS.xls
2024,M13,Chapa de Aço Macio,OUT,176.5,cife2024_MATERIAIS.xls
2024,M13,Chapa de Aço Macio,NOV,170.6,cife2024_MATERIAIS.xls
2024,M13,Chapa de Aço Macio,DEZ,170.6,cife2024_MATERIAIS.xls
2024,M14,Rede electrossoldada,JAN,175.9,cife2024_MATERIAIS.xls
2024,M14,Rede electrossoldada,FEV,178.7,cife2024_MATERIAIS.xls
2024,M14,Rede electrossoldada,MAR,187.4,cife2024_MATERIAIS.xls
2024,M14,Rede electrossoldada,ABR,181.4,cife2024_MATERIAIS.xls
2024,M14,Rede electrossoldada,MAI,182.0,cife2024_MATERIAIS.xls
2024,M14,Rede electrossoldada,JUN,186.7,cife2024_MATERIAIS.xls
2024,M14,Rede electrossoldada,JUL,180.0,cife2024_MATERIAIS.xls
2024,M14,Rede electrossoldada,AGO,184.8,cife2024_MATERIAIS.xls
2024,M14,Rede electrossoldada,SET,182.1,cife2024_MATERIAIS.xls
2024,M14,Rede electrossoldada,OUT,180.6,cife2024_MATERIAIS.xls
2024,M14,Rede electrossoldada,NOV,180.0,cife2024_MATERIAIS.xls
2024,M14,Rede electrossoldada,DEZ,180.1,cife2024_MATERIAIS.xls
2024,M15,Chapa de aço galvanizada,JAN,175.7,cife2024_MATERIAIS.xls
2024,M15,Chapa de aço galvanizada,FEV,171.6,cife2024_MATERIAIS.xls
2024,M15,Chapa de aço galvanizada,MAR,169.9,cife2024_MATERIAIS.xls
2024,M15,Chapa de aço galvanizada,ABR,169.2,cife2024_MATERIAIS.xls
2024,M15,Chapa de aço galvanizada,MAI,168.0,cife2024_MATERIAIS.xls
2024,M15,Chapa de aço galvanizada,JUN,168.5,cife2024_MATERIAIS.xls
2024,M15,Chapa de aço galvanizada,JUL,168.5,cife2024_MATERIAIS.xls
2024,M15,Chapa de aço galvanizada,AGO,168.0,cife2024_MATERIAIS.xls
2024,M15,Chapa de aço galvanizada,SET,167.1,cife2024_MATERIAIS.xls
2024,M15,Chapa de aço galvanizada,OUT,165.7,cife2024_MATERIAIS.xls
2024,M15,Chapa de aço galvanizada,NOV,164.9,cife2024_MATERIAIS.xls
2024,M15,Chapa de aço galvanizada,DEZ,164.1,cife2024_MATERIAIS.xls
2024,M16,Fio de Cobre Nu,JAN,308.9,cife2024_MATERIAIS.xls
2024,M16,Fio de Cobre Nu,FEV,310.8,cife2024_MATERIAIS.xls
2024,M16,Fio de Cobre Nu,MAR,314.3,cife2024_MATERIAIS.xls
2024,M16,Fio de Cobre Nu,ABR,321.8,cife2024_MATERIAIS.xls
2024,M16,Fio de Cobre Nu,MAI,330.9,cife2024_MATERIAIS.xls
2024,M16,Fio de Cobre Nu,JUN,336.9,cife2024_MATERIAIS.xls
2024,M16,Fio de Cobre Nu,JUL,337.0,cife2024_MATERIAIS.xls
2024,M16,Fio de Cobre Nu,AGO,328.2,cife2024_MATERIAIS.xls
2024,M16,Fio de Cobre Nu,SET,321.3,cife2024_MATERIAIS.xls
2024,M16,Fio de Cobre Nu,OUT,326.8,cife2024_MATERIAIS.xls
2024,M16,Fio de Cobre Nu,NOV,330.0,cife2024_MATERIAIS.xls
2024,M16,Fio de Cobre Nu,DEZ,329.9,cife2024_MATERIAIS.xls
2024,M17,Fio de cobre revestido,JAN,308.3,cife2024_MATERIAIS.xls
2024,M17,Fio de cobre revestido,FEV,310.1,cife2024_MATERIAIS.xls
2024,M17,Fio de cobre revestido,MAR,313.6,cife2024_MATERIAIS.xls
2024,M17,Fio de cobre revestido,ABR,321.1,cife2024_MATERIAIS.xls
2024,M17,Fio de cobre revestido,MAI,330.2,cife2024_MATERIAIS.xls
2024,M17,Fio de cobre revestido,JUN,336.2,cife2024_MATERIAIS.xls
2024,M17,Fio de cobre revestido,JUL,336.3,cife2024_MATERIAIS.xls
2024,M17,Fio de cobre revestido,AGO,327.6,cife2024_MATERIAIS.xls
2024,M17,Fio de cobre revestido,SET,320.7,cife2024_MATERIAIS.xls
2024,M17,Fio de cobre revestido,OUT,326.1,cife2024_MATERIAIS.xls
2024,M17,Fio de cobre revestido,NOV,329.4,cife2024_MATERIAIS.xls
2024,M17,Fio de cobre revestido,DEZ,329.3,cife2024_MATERIAIS.xls
2024,M18,Betumes a Granel,JAN,541.5,cife2024_MATERIAIS.xls
2024,M18,Betumes a Granel,FEV,547.3,cife2024_MATERIAIS.xls
2024,M18,Betumes a Granel,MAR,588.0,cife2024_MATERIAIS.xls
2024,M18,Betumes a Granel,ABR,588.3,cife2024_MATERIAIS.xls
2024,M18,Betumes a Granel,MAI,619.3,cife2024_MATERIAIS.xls
2024,M18,Betumes a Granel,JUN,595.9,cife2024_MATERIAIS.xls
2024,M18,Betumes a Granel,JUL,600.0,cife2024_MATERIAIS.xls
2024,M18,Betumes a Granel,AGO,624.6,cife2024_MATERIAIS.xls
2024,M18,Betumes a Granel,SET,576.2,cife2024_MATERIAIS.xls
2024,M18,Betumes a Granel,OUT,541.8,cife2024_MATERIAIS.xls
2024,M18,Betumes a Granel,NOV,607.8,cife2024_MATERIAIS.xls
2024,M18,Betumes a Granel,DEZ,618.5,cife2024_MATERIAIS.xls
2024,M19,Betumes em Tambores,JAN,546.0,cife2024_MATERIAIS.xls
2024,M19,Betumes em Tambores,FEV,546.0,cife2024_MATERIAIS.xls
2024,M19,Betumes em Tambores,MAR,546.0,cife2024_MATERIAIS.xls
2024,M19,Betumes em Tambores,ABR,546.0,cife2024_MATERIAIS.xls
2024,M19,Betumes em Tambores,MAI,546.0,cife2024_MATERIAIS.xls
2024,M19,Betumes em Tambores,JUN,546.0,cife2024_MATERIAIS.xls
2024,M19,Betumes em Tambores,JUL,546.0,cife2024_MATERIAIS.xls
2024,M19,Betumes em Tambores,AGO,555.4,cife2024_MATERIAIS.xls
2024,M19,Betumes em Tambores,SET,555.4,cife2024_MATERIAIS.xls
2024,M19,Betumes em Tambores,OUT,555.4,cife2024_MATERIAIS.xls
2024,M19,Betumes em Tambores,NOV,555.4,cife2024_MATERIAIS.xls
2024,M19,Betumes em Tambores,DEZ,555.4,cife2024_MATERIAIS.xls
2024,M20,Cimento em saco,JAN,261.7,cife2024_MATERIAIS.xls
2024,M20,Cimento em saco,FEV,262.9,cife2024_MATERIAIS.xls
2024,M20,Cimento em saco,MAR,262.0,cife2024_MATERIAIS.xls
2024,M20,Cimento em saco,ABR,264.0,cife2024_MATERIAIS.xls
2024,M20,Cimento em saco,MAI,266.6,cife2024_MATERIAIS.xls
2024,M20,Cimento em saco,JUN,258.8,cife2024_MATERIAIS.xls
2024,M20,Cimento em saco,JUL,255.2,cife2024_MATERIAIS.xls
2024,M20,Cimento em saco,AGO,256.5,cife2024_MATERIAIS.xls
2024,M20,Cimento em saco,SET,256.6,cife2024_MATERIAIS.xls
2024,M20,Cimento em saco,OUT,255.0,cife2024_MATERIAIS.xls
2024,M20,Cimento em saco,NOV,253.3,cife2024_MATERIAIS.xls
2024,M20,Cimento em saco,DEZ,253.0,cife2024_MATERIAIS.xls
2024,M21,Explosivos,JAN,202.5,cife2024_MATERIAIS.xls
2024,M21,Explosivos,FEV,201.1,cife2024_MATERIAIS.xls
2024,M21,Explosivos,MAR,205.7,cife2024_MATERIAIS.xls
2024,M21,Explosivos,ABR,210.2,cife2024_MATERIAIS.xls
2024,M21,Explosivos,MAI,212.1,cife2024_MATERIAIS.xls
2024,M21,Explosivos,JUN,210.9,cife2024_MATERIAIS.xls
2024,M21,Explosivos,JUL,208.1,cife2024_MATERIAIS.xls
2024,M21,Explosivos,AGO,205.0,cife2024_MATERIAIS.xls
2024,M21,Explosivos,SET,211.1,cife2024_MATERIAIS.xls
2024,M21,Explosivos,OUT,211.0,cife2024_MATERIAIS.xls
2024,M21,Explosivos,NOV,215.3,cife2024_MATERIAIS.xls
2024,M21,Explosivos,DEZ,214.7,cife2024_MATERIAIS.xls
2024,M22,Gasóleo,JAN,337.6,cife2024_MATERIAIS.xls
2024,M22,Gasóleo,FEV,352.4,cife2024_MATERIAIS.xls
2024,M22,Gasóleo,MAR,348.7,cife2024_MATERIAIS.xls
2024,M22,Gasóleo,ABR,348.8,cife2024_MATERIAIS.xls
2024,M22,Gasóleo,MAI,337.3,cife2024_MATERIAIS.xls
2024,M22,Gasóleo,JUN,334.9,cife2024_MATERIAIS.xls
2024,M22,Gasóleo,JUL,340.8,cife2024_MATERIAIS.xls
2024,M22,Gasóleo,AGO,331.4,cife2024_MATERIAIS.xls
2024,M22,Gasóleo,SET,331.1,cife2024_MATERIAIS.xls
2024,M22,Gasóleo,OUT,337.0,cife2024_MATERIAIS.xls
2024,M22,Gasóleo,NOV,340.0,cife2024_MATERIAIS.xls
2024,M22,Gasóleo,DEZ,344.3,cife2024_MATERIAIS.xls
2024,M23,Vidro,JAN,111.2,cife2024_MATERIAIS.xls
2024,M23,Vidro,FEV,111.2,cife2024_MATERIAIS.xls
2024,M23,Vidro,MAR,112.2,cife2024_MATERIAIS.xls
2024,M23,Vidro,ABR,112.1,cife2024_MATERIAIS.xls
2024,M23,Vidro,MAI,109.8,cife2024_MATERIAIS.xls
2024,M23,Vidro,JUN,109.9,cife2024_MATERIAIS.xls
2024,M23,Vidro,JUL,109.9,cife2024_MATERIAIS.xls
2024,M23,Vidro,AGO,109.1,cife2024_MATERIAIS.xls
2024,M23,Vidro,SET,111.1,cife2024_MATERIAIS.xls
2024,M23,Vidro,OUT,111.0,cife2024_MATERIAIS.xls
2024,M23,Vidro,NOV,110.9,cife2024_MATERIAIS.xls
2024,M23,Vidro,DEZ,110.9,cife2024_MATERIAIS.xls
2024,M24,Madeiras de Pinho,JAN,282.9,cife2024_MATERIAIS.xls
2024,M24,Madeiras de Pinho,FEV,282.9,cife2024_MATERIAIS.xls
2024,M24,Madeiras de Pinho,MAR,282.5,cife2024_MATERIAIS.xls
2024,M24,Madeiras de Pinho,ABR,282.3,cife2024_MATERIAIS.xls
2024,M24,Madeiras de Pinho,MAI,282.3,cife2024_MATERIAIS.xls
2024,M24,Madeiras de Pinho,JUN,282.3,cife2024_MATERIAIS.xls
2024,M24,Madeiras de Pinho,JUL,282.3,cife2024_MATERIAIS.xls
2024,M24,Madeiras de Pinho,AGO,282.3,cife2024_MATERIAIS.xls
2024,M24,Madeiras de Pinho,SET,282.3,cife2024_MATERIAIS.xls
2024,M24,Madeiras de Pinho,OUT,282.3,cife2024_MATERIAIS.xls
2024,M24,Madeiras de Pinho,NOV,281.9,cife2024_MATERIAIS.xls
2024,M24,Madeiras de Pinho,DEZ,282.6,cife2024_MATERIAIS.xls
2024,M25,Madeiras Especiais ou Exóticas,JAN,210.5,cife2024_MATERIAIS.xls
2024,M25,Madeiras Especiais ou Exóticas,FEV,207.6,cife2024_MATERIAIS.xls
2024,M25,Madeiras Especiais ou Exóticas,MAR,207.6,cife2024_MATERIAIS.xls
2024,M25,Madeiras Especiais ou Exóticas,ABR,207.6,cife2024_MATERIAIS.xls
2024,M25,Madeiras Especiais ou Exóticas,MAI,207.6,cife2024_MATERIAIS.xls
2024,M25,Madeiras Especiais ou Exóticas,JUN,207.6,cife2024_MATERIAIS.xls
2024,M25,Madeiras Especiais ou Exóticas,JUL,207.7,cife2024_MATERIAIS.xls
2024,M25,Madeiras Especiais ou Exóticas,AGO,207.3,cife2024_MATERIAIS.xls
2024,M25,Madeiras Especiais ou Exóticas,SET,207.3,cife2024_MATERIAIS.xls
2024,M25,Madeiras Especiais ou Exóticas,OUT,207.3,cife2024_MATERIAIS.xls
2024,M25,Madeiras Especiais ou Exóticas,NOV,207.0,cife2024_MATERIAIS.xls
2024,M25,Madeiras Especiais ou Exóticas,DEZ,206.8,cife2024_MATERIAIS.xls
2024,M26,Derivados de madeira,JAN,199.6,cife2024_MATERIAIS.xls
2024,M26,Derivados de madeira,FEV,199.7,cife2024_MATERIAIS.xls
2024,M26,Derivados de madeira,MAR,200.3,cife2024_MATERIAIS.xls
2024,M26,Derivados de madeira,ABR,202.4,cife2024_MATERIAIS.xls
2024,M26,Derivados de madeira,MAI,201.1,cife2024_MATERIAIS.xls
2024,M26,Derivados de madeira,JUN,204.1,cife2024_MATERIAIS.xls
2024,M26,Derivados de madeira,JUL,202.0,cife2024_MATERIAIS.xls
2024,M26,Derivados de madeira,AGO,205.5,cife2024_MATERIAIS.xls
2024,M26,Derivados de madeira,SET,204.1,cife2024_MATERIAIS.xls
2024,M26,Derivados de madeira,OUT,205.6,cife2024_MATERIAIS.xls
2024,M26,Derivados de madeira,NOV,206.0,cife2024_MATERIAIS.xls
2024,M26,Derivados de madeira,DEZ,204.8,cife2024_MATERIAIS.xls
2024,M27,Aglomerado negro de cortiça,JAN,262.1,cife2024_MATERIAIS.xls
2024,M27,Aglomerado negro de cortiça,FEV,252.9,cife2024_MATERIAIS.xls
2024,M27,Aglomerado negro de cortiça,MAR,250.2,cife2024_MATERIAIS.xls
2024,M27,Aglomerado negro de cortiça,ABR,250.3,cife2024_MATERIAIS.xls
2024,M27,Aglomerado negro de cortiça,MAI,251.0,cife2024_MATERIAIS.xls
2024,M27,Aglomerado negro de cortiça,JUN,251.3,cife2024_MATERIAIS.xls
2024,M27,Aglomerado negro de cortiça,JUL,251.0,cife2024_MATERIAIS.xls
2024,M27,Aglomerado negro de cortiça,AGO,253.6,cife2024_MATERIAIS.xls
2024,M27,Aglomerado negro de cortiça,SET,254.1,cife2024_MATERIAIS.xls
2024,M27,Aglomerado negro de cortiça,OUT,253.8,cife2024_MATERIAIS.xls
2024,M27,Aglomerado negro de cortiça,NOV,251.7,cife2024_MATERIAIS.xls
2024,M27,Aglomerado negro de cortiça,DEZ,252.0,cife2024_MATERIAIS.xls
2024,M28,Ladrilho de cortiça,JAN,172.7,cife2024_MATERIAIS.xls
2024,M28,Ladrilho de cortiça,FEV,170.3,cife2024_MATERIAIS.xls
2024,M28,Ladrilho de cortiça,MAR,167.9,cife2024_MATERIAIS.xls
2024,M28,Ladrilho de cortiça,ABR,163.9,cife2024_MATERIAIS.xls
2024,M28,Ladrilho de cortiça,MAI,164.7,cife2024_MATERIAIS.xls
2024,M28,Ladrilho de cortiça,JUN,165.8,cife2024_MATERIAIS.xls
2024,M28,Ladrilho de cortiça,JUL,166.4,cife2024_MATERIAIS.xls
2024,M28,Ladrilho de cortiça,AGO,177.6,cife2024_MATERIAIS.xls
2024,M28,Ladrilho de cortiça,SET,178.0,cife2024_MATERIAIS.xls
2024,M28,Ladrilho de cortiça,OUT,186.8,cife2024_MATERIAIS.xls
2024,M28,Ladrilho de cortiça,NOV,186.8,cife2024_MATERIAIS.xls
2024,M28,Ladrilho de cortiça,DEZ,187.0,cife2024_MATERIAIS.xls
2024,M29,Tintas para construção civil,JAN,408.2,cife2024_MATERIAIS.xls
2024,M29,Tintas para construção civil,FEV,409.1,cife2024_MATERIAIS.xls
2024,M29,Tintas para construção civil,MAR,437.1,cife2024_MATERIAIS.xls
2024,M29,Tintas para construção civil,ABR,440.8,cife2024_MATERIAIS.xls
2024,M29,Tintas para construção civil,MAI,440.8,cife2024_MATERIAIS.xls
2024,M29,Tintas para construção civil,JUN,440.7,cife2024_MATERIAIS.xls
2024,M29,Tintas para construção civil,JUL,440.3,cife2024_MATERIAIS.xls
2024,M29,Tintas para construção civil,AGO,440.3,cife2024_MATERIAIS.xls
2024,M29,Tintas para construção civil,SET,441.5,cife2024_MATERIAIS.xls
2024,M29,Tintas para construção civil,OUT,441.7,cife2024_MATERIAIS.xls
2024,M29,Tintas para construção civil,NOV,441.6,cife2024_MATERIAIS.xls
2024,M29,Tintas para construção civil,DEZ,441.6,cife2024_MATERIAIS.xls
2024,M30,Tintas para estradas,JAN,333.2,cife2024_MATERIAIS.xls
2024,M30,Tintas para estradas,FEV,327.7,cife2024_MATERIAIS.xls
2024,M30,Tintas para estradas,MAR,337.1,cife2024_MATERIAIS.xls
2024,M30,Tintas para estradas,ABR,330.6,cife2024_MATERIAIS.xls
2024,M30,Tintas para estradas,MAI,330.2,cife2024_MATERIAIS.xls
2024,M30,Tintas para estradas,JUN,331.2,cife2024_MATERIAIS.xls
2024,M30,Tintas para estradas,JUL,333.9,cife2024_MATERIAIS.xls
2024,M30,Tintas para estradas,AGO,332.2,cife2024_MATERIAIS.xls
2024,M30,Tintas para estradas,SET,334.0,cife2024_MATERIAIS.xls
2024,M30,Tintas para estradas,OUT,331.7,cife2024_MATERIAIS.xls
2024,M30,Tintas para estradas,NOV,334.8,cife2024_MATERIAIS.xls
2024,M30,Tintas para estradas,DEZ,332.5,cife2024_MATERIAIS.xls
2024,M31,Membrana betuminosa,JAN,277.0,cife2024_MATERIAIS.xls
2024,M31,Membrana betuminosa,FEV,282.4,cife2024_MATERIAIS.xls
2024,M31,Membrana betuminosa,MAR,281.3,cife2024_MATERIAIS.xls
2024,M31,Membrana betuminosa,ABR,280.5,cife2024_MATERIAIS.xls
2024,M31,Membrana betuminosa,MAI,279.3,cife2024_MATERIAIS.xls
2024,M31,Membrana betuminosa,JUN,279.0,cife2024_MATERIAIS.xls
2024,M31,Membrana betuminosa,JUL,276.5,cife2024_MATERIAIS.xls
2024,M31,Membrana betuminosa,AGO,280.7,cife2024_MATERIAIS.xls
2024,M31,Membrana betuminosa,SET,278.3,cife2024_MATERIAIS.xls
2024,M31,Membrana betuminosa,OUT,279.4,cife2024_MATERIAIS.xls
2024,M31,Membrana betuminosa,NOV,274.7,cife2024_MATERIAIS.xls
2024,M31,Membrana betuminosa,DEZ,277.6,cife2024_MATERIAIS.xls
2024,M32,Tubo de PVC,JAN,224.0,cife2024_MATERIAIS.xls
2024,M32,Tubo de PVC,FEV,218.4,cife2024_MATERIAIS.xls
2024,M32,Tubo de PVC,MAR,218.5,cife2024_MATERIAIS.xls
2024,M32,Tubo de PVC,ABR,212.0,cife2024_MATERIAIS.xls
2024,M32,Tubo de PVC,MAI,216.1,cife2024_MATERIAIS.xls
2024,M32,Tubo de PVC,JUN,217.8,cife2024_MATERIAIS.xls
2024,M32,Tubo de PVC,JUL,214.8,cife2024_MATERIAIS.xls
2024,M32,Tubo de PVC,AGO,212.4,cife2024_MATERIAIS.xls
2024,M32,Tubo de PVC,SET,214.3,cife2024_MATERIAIS.xls
2024,M32,Tubo de PVC,OUT,215.5,cife2024_MATERIAIS.xls
2024,M32,Tubo de PVC,NOV,219.4,cife2024_MATERIAIS.xls
2024,M32,Tubo de PVC,DEZ,217.6,cife2024_MATERIAIS.xls
2024,M33,Tubo de PVC p/ instalações elétricas,JAN,338.0,cife2024_MATERIAIS.xls
2024,M33,Tubo de PVC p/ instalações elétricas,FEV,329.9,cife2024_MATERIAIS.xls
2024,M33,Tubo de PVC p/ instalações elétricas,MAR,334.2,cife2024_MATERIAIS.xls
2024,M33,Tubo de PVC p/ instalações elétricas,ABR,359.3,cife2024_MATERIAIS.xls
2024,M33,Tubo de PVC p/ instalações elétricas,MAI,341.9,cife2024_MATERIAIS.xls
2024,M33,Tubo de PVC p/ instalações elétricas,JUN,353.6,cife2024_MATERIAIS.xls
2024,M33,Tubo de PVC p/ instalações elétricas,JUL,364.6,cife2024_MATERIAIS.xls
2024,M33,Tubo de PVC p/ instalações elétricas,AGO,366.8,cife2024_MATERIAIS.xls
2024,M33,Tubo de PVC p/ instalações elétricas,SET,405.0,cife2024_MATERIAIS.xls
2024,M33,Tubo de PVC p/ instalações elétricas,OUT,388.3,cife2024_MATERIAIS.xls
2024,M33,Tubo de PVC p/ instalações elétricas,NOV,372.9,cife2024_MATERIAIS.xls
2024,M33,Tubo de PVC p/ instalações elétricas,DEZ,400.9,cife2024_MATERIAIS.xls
2024,M34,Blocos de betão normal,JAN,152.6,cife2024_MATERIAIS.xls
2024,M34,Blocos de betão normal,FEV,154.2,cife2024_MATERIAIS.xls
2024,M34,Blocos de betão normal,MAR,154.2,cife2024_MATERIAIS.xls
2024,M34,Blocos de betão normal,ABR,154.3,cife2024_MATERIAIS.xls
2024,M34,Blocos de betão normal,MAI,154.8,cife2024_MATERIAIS.xls
2024,M34,Blocos de betão normal,JUN,155.3,cife2024_MATERIAIS.xls
2024,M34,Blocos de betão normal,JUL,154.3,cife2024_MATERIAIS.xls
2024,M34,Blocos de betão normal,AGO,154.9,cife2024_MATERIAIS.xls
2024,M34,Blocos de betão normal,SET,153.5,cife2024_MATERIAIS.xls
2024,M34,Blocos de betão normal,OUT,155.1,cife2024_MATERIAIS.xls
2024,M34,Blocos de betão normal,NOV,154.6,cife2024_MATERIAIS.xls
2024,M34,Blocos de betão normal,DEZ,153.5,cife2024_MATERIAIS.xls
2024,M35,Manilhas de betão,JAN,197.4,cife2024_MATERIAIS.xls
2024,M35,Manilhas de betão,FEV,198.7,cife2024_MATERIAIS.xls
2024,M35,Manilhas de betão,MAR,201.0,cife2024_MATERIAIS.xls
2024,M35,Manilhas de betão,ABR,201.1,cife2024_MATERIAIS.xls
2024,M35,Manilhas de betão,MAI,204.7,cife2024_MATERIAIS.xls
2024,M35,Manilhas de betão,JUN,204.8,cife2024_MATERIAIS.xls
2024,M35,Manilhas de betão,JUL,203.7,cife2024_MATERIAIS.xls
2024,M35,Manilhas de betão,AGO,203.7,cife2024_MATERIAIS.xls
2024,M35,Manilhas de betão,SET,203.6,cife2024_MATERIAIS.xls
2024,M35,Manilhas de betão,OUT,203.8,cife2024_MATERIAIS.xls
2024,M35,Manilhas de betão,NOV,204.0,cife2024_MATERIAIS.xls
2024,M35,Manilhas de betão,DEZ,204.0,cife2024_MATERIAIS.xls
2024,M36,Tubagem de fibrocimento,JAN,157.9,cife2024_MATERIAIS.xls
2024,M36,Tubagem de fibrocimento,FEV,157.9,cife2024_MATERIAIS.xls
2024,M36,Tubagem de fibrocimento,MAR,157.9,cife2024_MATERIAIS.xls
2024,M36,Tubagem de fibrocimento,ABR,157.9,cife2024_MATERIAIS.xls
2024,M36,Tubagem de fibrocimento,MAI,157.9,cife2024_MATERIAIS.xls
2024,M36,Tubagem de fibrocimento,JUN,157.9,cife2024_MATERIAIS.xls
2024,M36,Tubagem de fibrocimento,JUL,157.9,cife2024_MATERIAIS.xls
2024,M36,Tubagem de fibrocimento,AGO,157.9,cife2024_MATERIAIS.xls
2024,M36,Tubagem de fibrocimento,SET,157.9,cife2024_MATERIAIS.xls
2024,M36,Tubagem de fibrocimento,OUT,157.9,cife2024_MATERIAIS.xls
2024,M36,Tubagem de fibrocimento,NOV,157.9,cife2024_MATERIAIS.xls
2024,M36,Tubagem de fibrocimento,DEZ,157.9,cife2024_MATERIAIS.xls
2024,M37,Chapa de fibrocimento (1),JAN,314.3,cife2024_MATERIAIS.xls
2024,M37,Chapa de fibrocimento (1),FEV,314.3,cife2024_MATERIAIS.xls
2024,M37,Chapa de fibrocimento (1),MAR,314.3,cife2024_MATERIAIS.xls
2024,M37,Chapa de fibrocimento (1),ABR,314.3,cife2024_MATERIAIS.xls
2024,M37,Chapa de fibrocimento (1),MAI,314.3,cife2024_MATERIAIS.xls
2024,M37,Chapa de fibrocimento (1),JUN,314.3,cife2024_MATERIAIS.xls
2024,M37,Chapa de fibrocimento (1),JUL,314.3,cife2024_MATERIAIS.xls
2024,M37,Chapa de fibrocimento (1),AGO,314.3,cife2024_MATERIAIS.xls
2024,M37,Chapa de fibrocimento (1),SET,314.3,cife2024_MATERIAIS.xls
2024,M37,Chapa de fibrocimento (1),OUT,314.3,cife2024_MATERIAIS.xls
2024,M37,Chapa de fibrocimento (1),NOV,314.3,cife2024_MATERIAIS.xls
2024,M37,Chapa de fibrocimento (1),DEZ,314.3,cife2024_MATERIAIS.xls
2024,M39,Caixilharias em alumínio anodizado,JAN,177.0,cife2024_MATERIAIS.xls
2024,M39,Caixilharias em alumínio anodizado,FEV,177.0,cife2024_MATERIAIS.xls
2024,M39,Caixilharias em alumínio anodizado,MAR,177.0,cife2024_MATERIAIS.xls
2024,M39,Caixilharias em alumínio anodizado,ABR,177.0,cife2024_MATERIAIS.xls
2024,M39,Caixilharias em alumínio anodizado,MAI,177.0,cife2024_MATERIAIS.xls
2024,M39,Caixilharias em alumínio anodizado,JUN,178.8,cife2024_MATERIAIS.xls
2024,M39,Caixilharias em alumínio anodizado,JUL,178.8,cife2024_MATERIAIS.xls
2024,M39,Caixilharias em alumínio anodizado,AGO,178.8,cife2024_MATERIAIS.xls
2024,M39,Caixilharias em alumínio anodizado,SET,179.8,cife2024_MATERIAIS.xls
2024,M39,Caixilharias em alumínio anodizado,OUT,170.7,cife2024_MATERIAIS.xls
2024,M39,Caixilharias em alumínio anodizado,NOV,173.5,cife2024_MATERIAIS.xls
2024,M39,Caixilharias em alumínio anodizado,DEZ,173.5,cife2024_MATERIAIS.xls
2024,M40,Caixilharias em alumínio termolacado,JAN,159.4,cife2024_MATERIAIS.xls
2024,M40,Caixilharias em alumínio termolacado,FEV,159.4,cife2024_MATERIAIS.xls
2024,M40,Caixilharias em alumínio termolacado,MAR,159.4,cife2024_MATERIAIS.xls
2024,M40,Caixilharias em alumínio termolacado,ABR,159.4,cife2024_MATERIAIS.xls
2024,M40,Caixilharias em alumínio termolacado,MAI,159.4,cife2024_MATERIAIS.xls
2024,M40,Caixilharias em alumínio termolacado,JUN,159.4,cife2024_MATERIAIS.xls
2024,M40,Caixilharias em alumínio termolacado,JUL,159.4,cife2024_MATERIAIS.xls
2024,M40,Caixilharias em alumínio termolacado,AGO,159.4,cife2024_MATERIAIS.xls
2024,M40,Caixilharias em alumínio termolacado,SET,148.3,cife2024_MATERIAIS.xls
2024,M40,Caixilharias em alumínio termolacado,OUT,148.3,cife2024_MATERIAIS.xls
2024,M40,Caixilharias em alumínio termolacado,NOV,150.4,cife2024_MATERIAIS.xls
2024,M40,Caixilharias em alumínio termolacado,DEZ,150.4,cife2024_MATERIAIS.xls
2024,M41,Pavimentos aligeirados de vigotas pré-esforçadas e blocos cerâmicos,JAN,197.2,cife2024_MATERIAIS.xls
2024,M41,Pavimentos aligeirados de vigotas pré-esforçadas e blocos cerâmicos,FEV,198.5,cife2024_MATERIAIS.xls
2024,M41,Pavimentos aligeirados de vigotas pré-esforçadas e blocos cerâmicos,MAR,198.6,cife2024_MATERIAIS.xls
2024,M41,Pavimentos aligeirados de vigotas pré-esforçadas e blocos cerâmicos,ABR,198.5,cife2024_MATERIAIS.xls
2024,M41,Pavimentos aligeirados de vigotas pré-esforçadas e blocos cerâmicos,MAI,198.5,cife2024_MATERIAIS.xls
2024,M41,Pavimentos aligeirados de vigotas pré-esforçadas e blocos cerâmicos,JUN,198.1,cife2024_MATERIAIS.xls
2024,M41,Pavimentos aligeirados de vigotas pré-esforçadas e blocos cerâmicos,JUL,198.1,cife2024_MATERIAIS.xls
2024,M41,Pavimentos aligeirados de vigotas pré-esforçadas e blocos cerâmicos,AGO,198.1,cife2024_MATERIAIS.xls
2024,M41,Pavimentos aligeirados de vigotas pré-esforçadas e blocos cerâmicos,SET,198.0,cife2024_MATERIAIS.xls
2024,M41,Pavimentos aligeirados de vigotas pré-esforçadas e blocos cerâmicos,OUT,198.0,cife2024_MATERIAIS.xls
2024,M41,Pavimentos aligeirados de vigotas pré-esforçadas e blocos cerâmicos,NOV,197.9,cife2024_MATERIAIS.xls
2024,M41,Pavimentos aligeirados de vigotas pré-esforçadas e blocos cerâmicos,DEZ,197.9,cife2024_MATERIAIS.xls
2024,M42,Tubagem de aço e aparelhos para canalizações,JAN,132.8,cife2024_MATERIAIS.xls
2024,M42,Tubagem de aço e aparelhos para canalizações,FEV,133.1,cife2024_MATERIAIS.xls
2024,M42,Tubagem de aço e aparelhos para canalizações,MAR,132.1,cife2024_MATERIAIS.xls
2024,M42,Tubagem de aço e aparelhos para canalizações,ABR,132.4,cife2024_MATERIAIS.xls
2024,M42,Tubagem de aço e aparelhos para canalizações,MAI,132.5,cife2024_MATERIAIS.xls
2024,M42,Tubagem de aço e aparelhos para canalizações,JUN,132.6,cife2024_MATERIAIS.xls
2024,M42,Tubagem de aço e aparelhos para canalizações,JUL,133.0,cife2024_MATERIAIS.xls
2024,M42,Tubagem de aço e aparelhos para canalizações,AGO,132.7,cife2024_MATERIAIS.xls
2024,M42,Tubagem de aço e aparelhos para canalizações,SET,132.7,cife2024_MATERIAIS.xls
2024,M42,Tubagem de aço e aparelhos para canalizações,OUT,132.8,cife2024_MATERIAIS.xls
2024,M42,Tubagem de aço e aparelhos para canalizações,NOV,132.7,cife2024_MATERIAIS.xls
2024,M42,Tubagem de aço e aparelhos para canalizações,DEZ,133.1,cife2024_MATERIAIS.xls
2024,M43,Aço para betão armado,JAN,225.0,cife2024_MATERIAIS.xls
2024,M43,Aço para betão armado,FEV,222.0,cife2024_MATERIAIS.xls
2024,M43,Aço para betão armado,MAR,220.0,cife2024_MATERIAIS.xls
2024,M43,Aço para betão armado,ABR,220.4,cife2024_MATERIAIS.xls
2024,M43,Aço para betão armado,MAI,222.5,cife2024_MATERIAIS.xls
2024,M43,Aço para betão armado,JUN,224.8,cife2024_MATERIAIS.xls
2024,M43,Aço para betão armado,JUL,227.5,cife2024_MATERIAIS.xls
2024,M43,Aço para betão armado,AGO,233.9,cife2024_MATERIAIS.xls
2024,M43,Aço para betão armado,SET,231.2,cife2024_MATERIAIS.xls
2024,M43,Aço para betão armado,OUT,229.5,cife2024_MATERIAIS.xls
2024,M43,Aço para betão armado,NOV,224.9,cife2024_MATERIAIS.xls
2024,M43,Aço para betão armado,DEZ,230.2,cife2024_MATERIAIS.xls
2024,M44,Aço para betão pré-esforçado,JAN,241.2,cife2024_MATERIAIS.xls
2024,M44,Aço para betão pré-esforçado,FEV,219.7,cife2024_MATERIAIS.xls
2024,M44,Aço para betão pré-esforçado,MAR,219.7,cife2024_MATERIAIS.xls
2024,M44,Aço para betão pré-esforçado,ABR,219.7,cife2024_MATERIAIS.xls
2024,M44,Aço para betão pré-esforçado,MAI,219.7,cife2024_MATERIAIS.xls
2024,M44,Aço para betão pré-esforçado,JUN,219.7,cife2024_MATERIAIS.xls
2024,M44,Aço para betão pré-esforçado,JUL,219.5,cife2024_MATERIAIS.xls
2024,M44,Aço para betão pré-esforçado,AGO,224.7,cife2024_MATERIAIS.xls
2024,M44,Aço para betão pré-esforçado,SET,224.7,cife2024_MATERIAIS.xls
2024,M44,Aço para betão pré-esforçado,OUT,224.1,cife2024_MATERIAIS.xls
2024,M44,Aço para betão pré-esforçado,NOV,224.7,cife2024_MATERIAIS.xls
2024,M44,Aço para betão pré-esforçado,DEZ,224.7,cife2024_MATERIAIS.xls
2024,M45,Perfilados pesados e ligeiros,JAN,228.3,cife2024_MATERIAIS.xls
2024,M45,Perfilados pesados e ligeiros,FEV,227.7,cife2024_MATERIAIS.xls
2024,M45,Perfilados pesados e ligeiros,MAR,224.9,cife2024_MATERIAIS.xls
2024,M45,Perfilados pesados e ligeiros,ABR,223.9,cife2024_MATERIAIS.xls
2024,M45,Perfilados pesados e ligeiros,MAI,223.6,cife2024_MATERIAIS.xls
2024,M45,Perfilados pesados e ligeiros,JUN,223.1,cife2024_MATERIAIS.xls
2024,M45,Perfilados pesados e ligeiros,JUL,224.2,cife2024_MATERIAIS.xls
2024,M45,Perfilados pesados e ligeiros,AGO,225.5,cife2024_MATERIAIS.xls
2024,M45,Perfilados pesados e ligeiros,SET,225.9,cife2024_MATERIAIS.xls
2024,M45,Perfilados pesados e ligeiros,OUT,224.5,cife2024_MATERIAIS.xls
2024,M45,Perfilados pesados e ligeiros,NOV,224.2,cife2024_MATERIAIS.xls
2024,M45,Perfilados pesados e ligeiros,DEZ,224.2,cife2024_MATERIAIS.xls
2024,M46,Produtos para instalações elétricas,JAN,217.2,cife2024_MATERIAIS.xls
2024,M46,Produtos para instalações elétricas,FEV,219.4,cife2024_MATERIAIS.xls
2024,M46,Produtos para instalações elétricas,MAR,219.5,cife2024_MATERIAIS.xls
2024,M46,Produtos para instalações elétricas,ABR,219.5,cife2024_MATERIAIS.xls
2024,M46,Produtos para instalações elétricas,MAI,221.6,cife2024_MATERIAIS.xls
2024,M46,Produtos para instalações elétricas,JUN,223.1,cife2024_MATERIAIS.xls
2024,M46,Produtos para instalações elétricas,JUL,222.7,cife2024_MATERIAIS.xls
2024,M46,Produtos para instalações elétricas,AGO,223.2,cife2024_MATERIAIS.xls
2024,M46,Produtos para instalações elétricas,SET,221.1,cife2024_MATERIAIS.xls
2024,M46,Produtos para instalações elétricas,OUT,222.3,cife2024_MATERIAIS.xls
2024,M46,Produtos para instalações elétricas,NOV,221.8,cife2024_MATERIAIS.xls
2024,M46,Produtos para instalações elétricas,DEZ,221.7,cife2024_MATERIAIS.xls
2024,M47,Produtos pré-fabricados de betão,JAN,134.0,cife2024_MATERIAIS.xls
2024,M47,Produtos pré-fabricados de betão,FEV,135.2,cife2024_MATERIAIS.xls
2024,M47,Produtos pré-fabricados de betão,MAR,135.9,cife2024_MATERIAIS.xls
2024,M47,Produtos pré-fabricados de betão,ABR,135.8,cife2024_MATERIAIS.xls
2024,M47,Produtos pré-fabricados de betão,MAI,136.4,cife2024_MATERIAIS.xls
2024,M47,Produtos pré-fabricados de betão,JUN,136.1,cife2024_MATERIAIS.xls
2024,M47,Produtos pré-fabricados de betão,JUL,136.1,cife2024_MATERIAIS.xls
2024,M47,Produtos pré-fabricados de betão,AGO,136.2,cife2024_MATERIAIS.xls
2024,M47,Produtos pré-fabricados de betão,SET,135.8,cife2024_MATERIAIS.xls
2024,M47,Produtos pré-fabricados de betão,OUT,136.6,cife2024_MATERIAIS.xls
2024,M47,Produtos pré-fabricados de betão,NOV,135.9,cife2024_MATERIAIS.xls
2024,M47,Produtos pré-fabricados de betão,DEZ,135.6,cife2024_MATERIAIS.xls
2024,M48,Produtos para ajardinamentos,JAN,131.7,cife2024_MATERIAIS.xls
2024,M48,Produtos para ajardinamentos,FEV,130.8,cife2024_MATERIAIS.xls
2024,M48,Produtos para ajardinamentos,MAR,130.7,cife2024_MATERIAIS.xls
2024,M48,Produtos para ajardinamentos,ABR,132.6,cife2024_MATERIAIS.xls
2024,M48,Produtos para ajardinamentos,MAI,133.6,cife2024_MATERIAIS.xls
2024,M48,Produtos para ajardinamentos,JUN,132.7,cife2024_MATERIAIS.xls
2024,M48,Produtos para ajardinamentos,JUL,133.4,cife2024_MATERIAIS.xls
2024,M48,Produtos para ajardinamentos,AGO,133.5,cife2024_MATERIAIS.xls
2024,M48,Produtos para ajardinamentos,SET,132.8,cife2024_MATERIAIS.xls
2024,M48,Produtos para ajardinamentos,OUT,132.7,cife2024_MATERIAIS.xls
2024,M48,Produtos para ajardinamentos,NOV,132.7,cife2024_MATERIAIS.xls
2024,M48,Produtos para ajardinamentos,DEZ,133.6,cife2024_MATERIAIS.xls
2024,M49,Geotêxteis,JAN,118.8,cife2024_MATERIAIS.xls
2024,M49,Geotêxteis,FEV,118.2,cife2024_MATERIAIS.xls
2024,M49,Geotêxteis,MAR,118.7,cife2024_MATERIAIS.xls
2024,M49,Geotêxteis,ABR,118.3,cife2024_MATERIAIS.xls
2024,M49,Geotêxteis,MAI,121.2,cife2024_MATERIAIS.xls
2024,M49,Geotêxteis,JUN,121.5,cife2024_MATERIAIS.xls
2024,M49,Geotêxteis,JUL,120.5,cife2024_MATERIAIS.xls
2024,M49,Geotêxteis,AGO,122.3,cife2024_MATERIAIS.xls
2024,M49,Geotêxteis,SET,122.1,cife2024_MATERIAIS.xls
2024,M49,Geotêxteis,OUT,122.8,cife2024_MATERIAIS.xls
2024,M49,Geotêxteis,NOV,120.8,cife2024_MATERIAIS.xls
2024,M49,Geotêxteis,DEZ,120.5,cife2024_MATERIAIS.xls
2024,M50,Tubos e Acessórios de Ferro Fundido e Aço,JAN,215.2,cife2024_MATERIAIS.xls
2024,M50,Tubos e Acessórios de Ferro Fundido e Aço,FEV,216.9,cife2024_MATERIAIS.xls
2024,M50,Tubos e Acessórios de Ferro Fundido e Aço,MAR,213.4,cife2024_MATERIAIS.xls
2024,M50,Tubos e Acessórios de Ferro Fundido e Aço,ABR,216.5,cife2024_MATERIAIS.xls
2024,M50,Tubos e Acessórios de Ferro Fundido e Aço,MAI,212.0,cife2024_MATERIAIS.xls
2024,M50,Tubos e Acessórios de Ferro Fundido e Aço,JUN,213.8,cife2024_MATERIAIS.xls
2024,M50,Tubos e Acessórios de Ferro Fundido e Aço,JUL,212.3,cife2024_MATERIAIS.xls
2024,M50,Tubos e Acessórios de Ferro Fundido e Aço,AGO,212.0,cife2024_MATERIAIS.xls
2024,M50,Tubos e Acessórios de Ferro Fundido e Aço,SET,212.7,cife2024_MATERIAIS.xls
2024,M50,Tubos e Acessórios de Ferro Fundido e Aço,OUT,212.7,cife2024_MATERIAIS.xls
2024,M50,Tubos e Acessórios de Ferro Fundido e Aço,NOV,213.0,cife2024_MATERIAIS.xls
2024,M50,Tubos e Acessórios de Ferro Fundido e Aço,DEZ,207.1,cife2024_MATERIAIS.xls
2024,M51,Tintas para Construções Metálicas,JAN,180.6,cife2024_MATERIAIS.xls
2024,M51,Tintas para Construções Metálicas,FEV,180.7,cife2024_MATERIAIS.xls
2024,M51,Tintas para Construções Metálicas,MAR,180.9,cife2024_MATERIAIS.xls
2024,M51,Tintas para Construções Metálicas,ABR,179.4,cife2024_MATERIAIS.xls
2024,M51,Tintas para Construções Metálicas,MAI,179.3,cife2024_MATERIAIS.xls
2024,M51,Tintas para Construções Metálicas,JUN,179.5,cife2024_MATERIAIS.xls
2024,M51,Tintas para Construções Metálicas,JUL,179.2,cife2024_MATERIAIS.xls
2024,M51,Tintas para Construções Metálicas,AGO,178.6,cife2024_MATERIAIS.xls
2024,M51,Tintas para Construções Metálicas,SET,178.1,cife2024_MATERIAIS.xls
2024,M51,Tintas para Construções Metálicas,OUT,178.0,cife2024_MATERIAIS.xls
2024,M51,Tintas para Construções Metálicas,NOV,177.8,cife2024_MATERIAIS.xls
2024,M51,Tintas para Construções Metálicas,DEZ,177.7,cife2024_MATERIAIS.xls
2024,M52,Redes e equipamentos de média e alta tensão,JAN,112.0,cife2024_MATERIAIS.xls
2024,M52,Redes e equipamentos de média e alta tensão,FEV,109.8,cife2024_MATERIAIS.xls
2024,M52,Redes e equipamentos de média e alta tensão,MAR,109.2,cife2024_MATERIAIS.xls
2024,M52,Redes e equipamentos de média e alta tensão,ABR,110.4,cife2024_MATERIAIS.xls
2024,M52,Redes e equipamentos de média e alta tensão,MAI,109.4,cife2024_MATERIAIS.xls
2024,M52,Redes e equipamentos de média e alta tensão,JUN,109.6,cife2024_MATERIAIS.xls
2024,M52,Redes e equipamentos de média e alta tensão,JUL,109.8,cife2024_MATERIAIS.xls
2024,M52,Redes e equipamentos de média e alta tensão,AGO,109.3,cife2024_MATERIAIS.xls
2024,M52,Redes e equipamentos de média e alta tensão,SET,109.4,cife2024_MATERIAIS.xls
2024,M52,Redes e equipamentos de média e alta tensão,OUT,110.9,cife2024_MATERIAIS.xls
2024,M52,Redes e equipamentos de média e alta tensão,NOV,110.9,cife2024_MATERIAIS.xls
2024,M52,Redes e equipamentos de média e alta tensão,DEZ,111.0,cife2024_MATERIAIS.xls
2024,M53,Tubagem e acessórios para redes prediais de distribuição de água,JAN,145.7,cife2024_MATERIAIS.xls
2024,M53,Tubagem e acessórios para redes prediais de distribuição de água,FEV,143.6,cife2024_MATERIAIS.xls
2024,M53,Tubagem e acessórios para redes prediais de distribuição de água,MAR,142.8,cife2024_MATERIAIS.xls
2024,M53,Tubagem e acessórios para redes prediais de distribuição de água,ABR,144.1,cife2024_MATERIAIS.xls
2024,M53,Tubagem e acessórios para redes prediais de distribuição de água,MAI,143.8,cife2024_MATERIAIS.xls
2024,M53,Tubagem e acessórios para redes prediais de distribuição de água,JUN,142.9,cife2024_MATERIAIS.xls
2024,M53,Tubagem e acessórios para redes prediais de distribuição de água,JUL,145.4,cife2024_MATERIAIS.xls
2024,M53,Tubagem e acessórios para redes prediais de distribuição de água,AGO,145.7,cife2024_MATERIAIS.xls
2024,M53,Tubagem e acessórios para redes prediais de distribuição de água,SET,145.0,cife2024_MATERIAIS.xls
2024,M53,Tubagem e acessórios para redes prediais de distribuição de água,OUT,145.1,cife2024_MATERIAIS.xls
2024,M53,Tubagem e acessórios para redes prediais de distribuição de água,NOV,145.1,cife2024_MATERIAIS.xls
2024,M53,Tubagem e acessórios para redes prediais de distribuição de água,DEZ,143.6,cife2024_MATERIAIS.xls
2024,M54,Produtos com base em ligantes minerais pré-doseados para  revestimentos,JAN,133.3,cife2024_MATERIAIS.xls
2024,M54,Produtos com base em ligantes minerais pré-doseados para  revestimentos,FEV,135.5,cife2024_MATERIAIS.xls
2024,M54,Produtos com base em ligantes minerais pré-doseados para  revestimentos,MAR,135.9,cife2024_MATERIAIS.xls
2024,M54,Produtos com base em ligantes minerais pré-doseados para  revestimentos,ABR,126.6,cife2024_MATERIAIS.xls
2024,M54,Produtos com base em ligantes minerais pré-doseados para  revestimentos,MAI,125.7,cife2024_MATERIAIS.xls
2024,M54,Produtos com base em ligantes minerais pré-doseados para  revestimentos,JUN,125.7,cife2024_MATERIAIS.xls
2024,M54,Produtos com base em ligantes minerais pré-doseados para  revestimentos,JUL,126.4,cife2024_MATERIAIS.xls
2024,M54,Produtos com base em ligantes minerais pré-doseados para  revestimentos,AGO,123.2,cife2024_MATERIAIS.xls
2024,M54,Produtos com base em ligantes minerais pré-doseados para  revestimentos,SET,122.7,cife2024_MATERIAIS.xls
2024,M54,Produtos com base em ligantes minerais pré-doseados para  revestimentos,OUT,122.7,cife2024_MATERIAIS.xls
2024,M54,Produtos com base em ligantes minerais pré-doseados para  revestimentos,NOV,123.6,cife2024_MATERIAIS.xls
2024,M54,Produtos com base em ligantes minerais pré-doseados para  revestimentos,DEZ,122.8,cife2024_MATERIAIS.xls
2024,M55,Chapas e painéis para revestimento de coberturas,JAN,106.3,cife2024_MATERIAIS.xls
2024,M55,Chapas e painéis para revestimento de coberturas,FEV,105.8,cife2024_MATERIAIS.xls
2024,M55,Chapas e painéis para revestimento de coberturas,MAR,105.2,cife2024_MATERIAIS.xls
2024,M55,Chapas e painéis para revestimento de coberturas,ABR,105.2,cife2024_MATERIAIS.xls
2024,M55,Chapas e painéis para revestimento de coberturas,MAI,104.5,cife2024_MATERIAIS.xls
2024,M55,Chapas e painéis para revestimento de coberturas,JUN,103.9,cife2024_MATERIAIS.xls
2024,M55,Chapas e painéis para revestimento de coberturas,JUL,104.4,cife2024_MATERIAIS.xls
2024,M55,Chapas e painéis para revestimento de coberturas,AGO,104.4,cife2024_MATERIAIS.xls
2024,M55,Chapas e painéis para revestimento de coberturas,SET,105.0,cife2024_MATERIAIS.xls
2024,M55,Chapas e painéis para revestimento de coberturas,OUT,105.0,cife2024_MATERIAIS.xls
2024,M55,Chapas e painéis para revestimento de coberturas,NOV,104.9,cife2024_MATERIAIS.xls
2024,M55,Chapas e painéis para revestimento de coberturas,DEZ,104.9,cife2024_MATERIAIS.xls
2024,M56,Sistemas compósitos de isolamento térmico pelo exterior (ETIC),JAN,105.5,cife2024_MATERIAIS.xls
2024,M56,Sistemas compósitos de isolamento térmico pelo exterior (ETIC),FEV,105.2,cife2024_MATERIAIS.xls
2024,M56,Sistemas compósitos de isolamento térmico pelo exterior (ETIC),MAR,105.7,cife2024_MATERIAIS.xls
2024,M56,Sistemas compósitos de isolamento térmico pelo exterior (ETIC),ABR,106.0,cife2024_MATERIAIS.xls
2024,M56,Sistemas compósitos de isolamento térmico pelo exterior (ETIC),MAI,106.7,cife2024_MATERIAIS.xls
2024,M56,Sistemas compósitos de isolamento térmico pelo exterior (ETIC),JUN,107.1,cife2024_MATERIAIS.xls
2024,M56,Sistemas compósitos de isolamento térmico pelo exterior (ETIC),JUL,107.2,cife2024_MATERIAIS.xls
2024,M56,Sistemas compósitos de isolamento térmico pelo exterior (ETIC),AGO,108.1,cife2024_MATERIAIS.xls
2024,M56,Sistemas compósitos de isolamento térmico pelo exterior (ETIC),SET,106.7,cife2024_MATERIAIS.xls
2024,M56,Sistemas compósitos de isolamento térmico pelo exterior (ETIC),OUT,107.0,cife2024_MATERIAIS.xls
2024,M56,Sistemas compósitos de isolamento térmico pelo exterior (ETIC),NOV,107.1,cife2024_MATERIAIS.xls
2024,M56,Sistemas compósitos de isolamento térmico pelo exterior (ETIC),DEZ,107.4,cife2024_MATERIAIS.xls
2024,M57,Isolamentos térmicos e acústicos,JAN,150.7,cife2024_MATERIAIS.xls
2024,M57,Isolamentos térmicos e acústicos,FEV,153.6,cife2024_MATERIAIS.xls
2024,M57,Isolamentos térmicos e acústicos,MAR,156.5,cife2024_MATERIAIS.xls
2024,M57,Isolamentos térmicos e acústicos,ABR,158.0,cife2024_MATERIAIS.xls
2024,M57,Isolamentos térmicos e acústicos,MAI,161.3,cife2024_MATERIAIS.xls
2024,M57,Isolamentos térmicos e acústicos,JUN,152.5,cife2024_MATERIAIS.xls
2024,M57,Isolamentos térmicos e acústicos,JUL,143.1,cife2024_MATERIAIS.xls
2024,M57,Isolamentos térmicos e acústicos,AGO,142.0,cife2024_MATERIAIS.xls
2024,M57,Isolamentos térmicos e acústicos,SET,141.7,cife2024_MATERIAIS.xls
2024,M57,Isolamentos térmicos e acústicos,OUT,146.6,cife2024_MATERIAIS.xls
2024,M57,Isolamentos térmicos e acústicos,NOV,144.5,cife2024_MATERIAIS.xls
2024,M57,Isolamentos térmicos e acústicos,DEZ,143.3,cife2024_MATERIAIS.xls
2024,M58,Janelas e portas de alumínio e PVC,JAN,115.1,cife2024_MATERIAIS.xls
2024,M58,Janelas e portas de alumínio e PVC,FEV,115.3,cife2024_MATERIAIS.xls
2024,M58,Janelas e portas de alumínio e PVC,MAR,115.3,cife2024_MATERIAIS.xls
2024,M58,Janelas e portas de alumínio e PVC,ABR,115.3,cife2024_MATERIAIS.xls
2024,M58,Janelas e portas de alumínio e PVC,MAI,115.3,cife2024_MATERIAIS.xls
2024,M58,Janelas e portas de alumínio e PVC,JUN,116.6,cife2024_MATERIAIS.xls
2024,M58,Janelas e portas de alumínio e PVC,JUL,116.6,cife2024_MATERIAIS.xls
2024,M58,Janelas e portas de alumínio e PVC,AGO,116.6,cife2024_MATERIAIS.xls
2024,M58,Janelas e portas de alumínio e PVC,SET,116.6,cife2024_MATERIAIS.xls
2024,M58,Janelas e portas de alumínio e PVC,OUT,116.6,cife2024_MATERIAIS.xls
2024,M58,Janelas e portas de alumínio e PVC,NOV,116.6,cife2024_MATERIAIS.xls
2024,M58,Janelas e portas de alumínio e PVC,DEZ,116.5,cife2024_MATERIAIS.xls
2025,M01,Britas,JAN,149.1,cife2025_MATERIAIS.xls
2025,M01,Britas,FEV,150.5,cife2025_MATERIAIS.xls
2025,M01,Britas,MAR,150.7,cife2025_MATERIAIS.xls
2025,M01,Britas,ABR,150.9,cife2025_MATERIAIS.xls
2025,M01,Britas,MAI,151.3,cife2025_MATERIAIS.xls
2025,M01,Britas,JUN,151.7,cife2025_MATERIAIS.xls
2025,M01,Britas,JUL,152.2,cife2025_MATERIAIS.xls
2025,M01,Britas,AGO,153.0,cife2025_MATERIAIS.xls
2025,M01,Britas,SET,151.1,cife2025_MATERIAIS.xls
2025,M01,Britas,OUT,151.8,cife2025_MATERIAIS.xls
2025,M01,Britas,NOV,151.2,cife2025_MATERIAIS.xls
2025,M01,Britas,DEZ,152.2,cife2025_MATERIAIS.xls
2025,M02,Areias,JAN,107.7,cife2025_MATERIAIS.xls
2025,M02,Areias,FEV,107.8,cife2025_MATERIAIS.xls
2025,M02,Areias,MAR,107.9,cife2025_MATERIAIS.xls
2025,M02,Areias,ABR,110.7,cife2025_MATERIAIS.xls
2025,M02,Areias,MAI,111.9,cife2025_MATERIAIS.xls
2025,M02,Areias,JUN,114.4,cife2025_MATERIAIS.xls
2025,M02,Areias,JUL,111.9,cife2025_MATERIAIS.xls
2025,M02,Areias,AGO,114.3,cife2025_MATERIAIS.xls
2025,M02,Areias,SET,114.1,cife2025_MATERIAIS.xls
2025,M02,Areias,OUT,114.0,cife2025_MATERIAIS.xls
2025,M02,Areias,NOV,114.1,cife2025_MATERIAIS.xls
2025,M02,Areias,DEZ,114.2,cife2025_MATERIAIS.xls
2025,M03,Inertes,JAN,133.9,cife2025_MATERIAIS.xls
2025,M03,Inertes,FEV,134.8,cife2025_MATERIAIS.xls
2025,M03,Inertes,MAR,135.0,cife2025_MATERIAIS.xls
2025,M03,Inertes,ABR,136.3,cife2025_MATERIAIS.xls
2025,M03,Inertes,MAI,137.1,cife2025_MATERIAIS.xls
2025,M03,Inertes,JUN,138.5,cife2025_MATERIAIS.xls
2025,M03,Inertes,JUL,137.6,cife2025_MATERIAIS.xls
2025,M03,Inertes,AGO,139.2,cife2025_MATERIAIS.xls
2025,M03,Inertes,SET,138.0,cife2025_MATERIAIS.xls
2025,M03,Inertes,OUT,138.4,cife2025_MATERIAIS.xls
2025,M03,Inertes,NOV,138.0,cife2025_MATERIAIS.xls
2025,M03,Inertes,DEZ,138.6,cife2025_MATERIAIS.xls
2025,M04,Ladrilhos de calcário e granito,JAN,113.7,cife2025_MATERIAIS.xls
2025,M04,Ladrilhos de calcário e granito,FEV,113.7,cife2025_MATERIAIS.xls
2025,M04,Ladrilhos de calcário e granito,MAR,114.3,cife2025_MATERIAIS.xls
2025,M04,Ladrilhos de calcário e granito,ABR,114.2,cife2025_MATERIAIS.xls
2025,M04,Ladrilhos de calcário e granito,MAI,115.3,cife2025_MATERIAIS.xls
2025,M04,Ladrilhos de calcário e granito,JUN,115.7,cife2025_MATERIAIS.xls
2025,M04,Ladrilhos de calcário e granito,JUL,115.7,cife2025_MATERIAIS.xls
2025,M04,Ladrilhos de calcário e granito,AGO,115.8,cife2025_MATERIAIS.xls
2025,M04,Ladrilhos de calcário e granito,SET,116.4,cife2025_MATERIAIS.xls
2025,M04,Ladrilhos de calcário e granito,OUT,116.4,cife2025_MATERIAIS.xls
2025,M04,Ladrilhos de calcário e granito,NOV,117.0,cife2025_MATERIAIS.xls
2025,M04,Ladrilhos de calcário e granito,DEZ,117.6,cife2025_MATERIAIS.xls
2025,M05,Cantarias de calcário e granito,JAN,139.0,cife2025_MATERIAIS.xls
2025,M05,Cantarias de calcário e granito,FEV,139.0,cife2025_MATERIAIS.xls
2025,M05,Cantarias de calcário e granito,MAR,139.0,cife2025_MATERIAIS.xls
2025,M05,Cantarias de calcário e granito,ABR,139.0,cife2025_MATERIAIS.xls
2025,M05,Cantarias de calcário e granito,MAI,139.0,cife2025_MATERIAIS.xls
2025,M05,Cantarias de calcário e granito,JUN,139.0,cife2025_MATERIAIS.xls
2025,M05,Cantarias de calcário e granito,JUL,139.0,cife2025_MATERIAIS.xls
2025,M05,Cantarias de calcário e granito,AGO,139.0,cife2025_MATERIAIS.xls
2025,M05,Cantarias de calcário e granito,SET,139.0,cife2025_MATERIAIS.xls
2025,M05,Cantarias de calcário e granito,OUT,139.0,cife2025_MATERIAIS.xls
2025,M05,Cantarias de calcário e granito,NOV,139.0,cife2025_MATERIAIS.xls
2025,M05,Cantarias de calcário e granito,DEZ,139.0,cife2025_MATERIAIS.xls
2025,M06,Ladr. e cant. de calcário e granito,JAN,116.2,cife2025_MATERIAIS.xls
2025,M06,Ladr. e cant. de calcário e granito,FEV,116.2,cife2025_MATERIAIS.xls
2025,M06,Ladr. e cant. de calcário e granito,MAR,116.6,cife2025_MATERIAIS.xls
2025,M06,Ladr. e cant. de calcário e granito,ABR,116.6,cife2025_MATERIAIS.xls
2025,M06,Ladr. e cant. de calcário e granito,MAI,117.4,cife2025_MATERIAIS.xls
2025,M06,Ladr. e cant. de calcário e granito,JUN,117.7,cife2025_MATERIAIS.xls
2025,M06,Ladr. e cant. de calcário e granito,JUL,117.7,cife2025_MATERIAIS.xls
2025,M06,Ladr. e cant. de calcário e granito,AGO,117.8,cife2025_MATERIAIS.xls
2025,M06,Ladr. e cant. de calcário e granito,SET,118.2,cife2025_MATERIAIS.xls
2025,M06,Ladr. e cant. de calcário e granito,OUT,118.2,cife2025_MATERIAIS.xls
2025,M06,Ladr. e cant. de calcário e granito,NOV,118.7,cife2025_MATERIAIS.xls
2025,M06,Ladr. e cant. de calcário e granito,DEZ,119.2,cife2025_MATERIAIS.xls
2025,M07,Telhas cerâmicas,JAN,229.2,cife2025_MATERIAIS.xls
2025,M07,Telhas cerâmicas,FEV,224.1,cife2025_MATERIAIS.xls
2025,M07,Telhas cerâmicas,MAR,222.1,cife2025_MATERIAIS.xls
2025,M07,Telhas cerâmicas,ABR,224.8,cife2025_MATERIAIS.xls
2025,M07,Telhas cerâmicas,MAI,226.3,cife2025_MATERIAIS.xls
2025,M07,Telhas cerâmicas,JUN,224.5,cife2025_MATERIAIS.xls
2025,M07,Telhas cerâmicas,JUL,220.9,cife2025_MATERIAIS.xls
2025,M07,Telhas cerâmicas,AGO,218.3,cife2025_MATERIAIS.xls
2025,M07,Telhas cerâmicas,SET,228.6,cife2025_MATERIAIS.xls
2025,M07,Telhas cerâmicas,OUT,221.5,cife2025_MATERIAIS.xls
2025,M07,Telhas cerâmicas,NOV,220.3,cife2025_MATERIAIS.xls
2025,M07,Telhas cerâmicas,DEZ,220.4,cife2025_MATERIAIS.xls
2025,M08,Tijolos cerâmicos,JAN,127.0,cife2025_MATERIAIS.xls
2025,M08,Tijolos cerâmicos,FEV,128.4,cife2025_MATERIAIS.xls
2025,M08,Tijolos cerâmicos,MAR,130.2,cife2025_MATERIAIS.xls
2025,M08,Tijolos cerâmicos,ABR,131.9,cife2025_MATERIAIS.xls
2025,M08,Tijolos cerâmicos,MAI,131.3,cife2025_MATERIAIS.xls
2025,M08,Tijolos cerâmicos,JUN,129.7,cife2025_MATERIAIS.xls
2025,M08,Tijolos cerâmicos,JUL,127.3,cife2025_MATERIAIS.xls
2025,M08,Tijolos cerâmicos,AGO,126.3,cife2025_MATERIAIS.xls
2025,M08,Tijolos cerâmicos,SET,127.1,cife2025_MATERIAIS.xls
2025,M08,Tijolos cerâmicos,OUT,127.8,cife2025_MATERIAIS.xls
2025,M08,Tijolos cerâmicos,NOV,129.2,cife2025_MATERIAIS.xls
2025,M08,Tijolos cerâmicos,DEZ,128.4,cife2025_MATERIAIS.xls
2025,M09,Produtos Cerâmicos Vermelhos,JAN,142.8,cife2025_MATERIAIS.xls
2025,M09,Produtos Cerâmicos Vermelhos,FEV,143.4,cife2025_MATERIAIS.xls
2025,M09,Produtos Cerâmicos Vermelhos,MAR,144.7,cife2025_MATERIAIS.xls
2025,M09,Produtos Cerâmicos Vermelhos,ABR,146.6,cife2025_MATERIAIS.xls
2025,M09,Produtos Cerâmicos Vermelhos,MAI,146.2,cife2025_MATERIAIS.xls
2025,M09,Produtos Cerâmicos Vermelhos,JUN,144.6,cife2025_MATERIAIS.xls
2025,M09,Produtos Cerâmicos Vermelhos,JUL,142.0,cife2025_MATERIAIS.xls
2025,M09,Produtos Cerâmicos Vermelhos,AGO,140.7,cife2025_MATERIAIS.xls
2025,M09,Produtos Cerâmicos Vermelhos,SET,142.8,cife2025_MATERIAIS.xls
2025,M09,Produtos Cerâmicos Vermelhos,OUT,142.5,cife2025_MATERIAIS.xls
2025,M09,Produtos Cerâmicos Vermelhos,NOV,143.7,cife2025_MATERIAIS.xls
2025,M09,Produtos Cerâmicos Vermelhos,DEZ,142.9,cife2025_MATERIAIS.xls
2025,M10,Azulejos e Mosaicos,JAN,128.5,cife2025_MATERIAIS.xls
2025,M10,Azulejos e Mosaicos,FEV,124.8,cife2025_MATERIAIS.xls
2025,M10,Azulejos e Mosaicos,MAR,125.1,cife2025_MATERIAIS.xls
2025,M10,Azulejos e Mosaicos,ABR,128.9,cife2025_MATERIAIS.xls
2025,M10,Azulejos e Mosaicos,MAI,128.2,cife2025_MATERIAIS.xls
2025,M10,Azulejos e Mosaicos,JUN,128.9,cife2025_MATERIAIS.xls
2025,M10,Azulejos e Mosaicos,JUL,128.8,cife2025_MATERIAIS.xls
2025,M10,Azulejos e Mosaicos,AGO,129.9,cife2025_MATERIAIS.xls
2025,M10,Azulejos e Mosaicos,SET,130.4,cife2025_MATERIAIS.xls
2025,M10,Azulejos e Mosaicos,OUT,130.9,cife2025_MATERIAIS.xls
2025,M10,Azulejos e Mosaicos,NOV,126.4,cife2025_MATERIAIS.xls
2025,M10,Azulejos e Mosaicos,DEZ,125.3,cife2025_MATERIAIS.xls
2025,M12,Aço em Varão e Perfilados,JAN,337.5,cife2025_MATERIAIS.xls
2025,M12,Aço em Varão e Perfilados,FEV,342.3,cife2025_MATERIAIS.xls
2025,M12,Aço em Varão e Perfilados,MAR,341.2,cife2025_MATERIAIS.xls
2025,M12,Aço em Varão e Perfilados,ABR,345.3,cife2025_MATERIAIS.xls
2025,M12,Aço em Varão e Perfilados,MAI,343.5,cife2025_MATERIAIS.xls
2025,M12,Aço em Varão e Perfilados,JUN,343.4,cife2025_MATERIAIS.xls
2025,M12,Aço em Varão e Perfilados,JUL,341.5,cife2025_MATERIAIS.xls
2025,M12,Aço em Varão e Perfilados,AGO,340.7,cife2025_MATERIAIS.xls
2025,M12,Aço em Varão e Perfilados,SET,343.6,cife2025_MATERIAIS.xls
2025,M12,Aço em Varão e Perfilados,OUT,345.3,cife2025_MATERIAIS.xls
2025,M12,Aço em Varão e Perfilados,NOV,341.0,cife2025_MATERIAIS.xls
2025,M12,Aço em Varão e Perfilados,DEZ,344.8,cife2025_MATERIAIS.xls
2025,M13,Chapa de Aço Macio,JAN,170.6,cife2025_MATERIAIS.xls
2025,M13,Chapa de Aço Macio,FEV,170.6,cife2025_MATERIAIS.xls
2025,M13,Chapa de Aço Macio,MAR,170.6,cife2025_MATERIAIS.xls
2025,M13,Chapa de Aço Macio,ABR,170.6,cife2025_MATERIAIS.xls
2025,M13,Chapa de Aço Macio,MAI,173.6,cife2025_MATERIAIS.xls
2025,M13,Chapa de Aço Macio,JUN,173.6,cife2025_MATERIAIS.xls
2025,M13,Chapa de Aço Macio,JUL,172.1,cife2025_MATERIAIS.xls
2025,M13,Chapa de Aço Macio,AGO,172.1,cife2025_MATERIAIS.xls
2025,M13,Chapa de Aço Macio,SET,172.1,cife2025_MATERIAIS.xls
2025,M13,Chapa de Aço Macio,OUT,172.5,cife2025_MATERIAIS.xls
2025,M13,Chapa de Aço Macio,NOV,172.6,cife2025_MATERIAIS.xls
2025,M13,Chapa de Aço Macio,DEZ,172.6,cife2025_MATERIAIS.xls
2025,M14,Rede electrossoldada,JAN,180.7,cife2025_MATERIAIS.xls
2025,M14,Rede electrossoldada,FEV,181.9,cife2025_MATERIAIS.xls
2025,M14,Rede electrossoldada,MAR,183.0,cife2025_MATERIAIS.xls
2025,M14,Rede electrossoldada,ABR,182.7,cife2025_MATERIAIS.xls
2025,M14,Rede electrossoldada,MAI,179.8,cife2025_MATERIAIS.xls
2025,M14,Rede electrossoldada,JUN,182.9,cife2025_MATERIAIS.xls
2025,M14,Rede electrossoldada,JUL,179.1,cife2025_MATERIAIS.xls
2025,M14,Rede electrossoldada,AGO,180.5,cife2025_MATERIAIS.xls
2025,M14,Rede electrossoldada,SET,178.9,cife2025_MATERIAIS.xls
2025,M14,Rede electrossoldada,OUT,181.1,cife2025_MATERIAIS.xls
2025,M14,Rede electrossoldada,NOV,181.0,cife2025_MATERIAIS.xls
2025,M14,Rede electrossoldada,DEZ,179.7,cife2025_MATERIAIS.xls
2025,M15,Chapa de aço galvanizada,JAN,165.0,cife2025_MATERIAIS.xls
2025,M15,Chapa de aço galvanizada,FEV,164.7,cife2025_MATERIAIS.xls
2025,M15,Chapa de aço galvanizada,MAR,165.0,cife2025_MATERIAIS.xls
2025,M15,Chapa de aço galvanizada,ABR,165.7,cife2025_MATERIAIS.xls
2025,M15,Chapa de aço galvanizada,MAI,165.7,cife2025_MATERIAIS.xls
2025,M15,Chapa de aço galvanizada,JUN,165.9,cife2025_MATERIAIS.xls
2025,M15,Chapa de aço galvanizada,JUL,166.3,cife2025_MATERIAIS.xls
2025,M15,Chapa de aço galvanizada,AGO,166.2,cife2025_MATERIAIS.xls
2025,M15,Chapa de aço galvanizada,SET,166.3,cife2025_MATERIAIS.xls
2025,M15,Chapa de aço galvanizada,OUT,167.2,cife2025_MATERIAIS.xls
2025,M15,Chapa de aço galvanizada,NOV,167.0,cife2025_MATERIAIS.xls
2025,M15,Chapa de aço galvanizada,DEZ,167.5,cife2025_MATERIAIS.xls
2025,M16,Fio de Cobre Nu,JAN,329.0,cife2025_MATERIAIS.xls
2025,M16,Fio de Cobre Nu,FEV,332.5,cife2025_MATERIAIS.xls
2025,M16,Fio de Cobre Nu,MAR,336.0,cife2025_MATERIAIS.xls
2025,M16,Fio de Cobre Nu,ABR,334.4,cife2025_MATERIAIS.xls
2025,M16,Fio de Cobre Nu,MAI,327.8,cife2025_MATERIAIS.xls
2025,M16,Fio de Cobre Nu,JUN,326.6,cife2025_MATERIAIS.xls
2025,M16,Fio de Cobre Nu,JUL,327.7,cife2025_MATERIAIS.xls
2025,M16,Fio de Cobre Nu,AGO,322.4,cife2025_MATERIAIS.xls
2025,M16,Fio de Cobre Nu,SET,326.2,cife2025_MATERIAIS.xls
2025,M16,Fio de Cobre Nu,OUT,332.0,cife2025_MATERIAIS.xls
2025,M16,Fio de Cobre Nu,NOV,337.3,cife2025_MATERIAIS.xls
2025,M16,Fio de Cobre Nu,DEZ,347.0,cife2025_MATERIAIS.xls
2025,M17,Fio de cobre revestido,JAN,328.4,cife2025_MATERIAIS.xls
2025,M17,Fio de cobre revestido,FEV,331.8,cife2025_MATERIAIS.xls
2025,M17,Fio de cobre revestido,MAR,335.3,cife2025_MATERIAIS.xls
2025,M17,Fio de cobre revestido,ABR,333.7,cife2025_MATERIAIS.xls
2025,M17,Fio de cobre revestido,MAI,327.1,cife2025_MATERIAIS.xls
2025,M17,Fio de cobre revestido,JUN,325.9,cife2025_MATERIAIS.xls
2025,M17,Fio de cobre revestido,JUL,327.0,cife2025_MATERIAIS.xls
2025,M17,Fio de cobre revestido,AGO,321.7,cife2025_MATERIAIS.xls
2025,M17,Fio de cobre revestido,SET,325.6,cife2025_MATERIAIS.xls
2025,M17,Fio de cobre revestido,OUT,334.0,cife2025_MATERIAIS.xls
2025,M17,Fio de cobre revestido,NOV,336.6,cife2025_MATERIAIS.xls
2025,M17,Fio de cobre revestido,DEZ,346.3,cife2025_MATERIAIS.xls
2025,M18,Betumes a Granel,JAN,586.6,cife2025_MATERIAIS.xls
2025,M18,Betumes a Granel,FEV,617.6,cife2025_MATERIAIS.xls
2025,M18,Betumes a Granel,MAR,618.5,cife2025_MATERIAIS.xls
2025,M18,Betumes a Granel,ABR,583.4,cife2025_MATERIAIS.xls
2025,M18,Betumes a Granel,MAI,542.4,cife2025_MATERIAIS.xls
2025,M18,Betumes a Granel,JUN,544.2,cife2025_MATERIAIS.xls
2025,M18,Betumes a Granel,JUL,562.7,cife2025_MATERIAIS.xls
2025,M18,Betumes a Granel,AGO,551.2,cife2025_MATERIAIS.xls
2025,M18,Betumes a Granel,SET,535.1,cife2025_MATERIAIS.xls
2025,M18,Betumes a Granel,OUT,529.4,cife2025_MATERIAIS.xls
2025,M18,Betumes a Granel,NOV,532.1,cife2025_MATERIAIS.xls
2025,M18,Betumes a Granel,DEZ,508.3,cife2025_MATERIAIS.xls
2025,M19,Betumes em Tambores,JAN,555.4,cife2025_MATERIAIS.xls
2025,M19,Betumes em Tambores,FEV,555.4,cife2025_MATERIAIS.xls
2025,M19,Betumes em Tambores,MAR,556.4,cife2025_MATERIAIS.xls
2025,M19,Betumes em Tambores,ABR,556.4,cife2025_MATERIAIS.xls
2025,M19,Betumes em Tambores,MAI,556.4,cife2025_MATERIAIS.xls
2025,M19,Betumes em Tambores,JUN,556.4,cife2025_MATERIAIS.xls
2025,M19,Betumes em Tambores,JUL,556.4,cife2025_MATERIAIS.xls
2025,M19,Betumes em Tambores,AGO,556.4,cife2025_MATERIAIS.xls
2025,M19,Betumes em Tambores,SET,556.4,cife2025_MATERIAIS.xls
2025,M19,Betumes em Tambores,OUT,556.4,cife2025_MATERIAIS.xls
2025,M19,Betumes em Tambores,NOV,556.4,cife2025_MATERIAIS.xls
2025,M19,Betumes em Tambores,DEZ,556.4,cife2025_MATERIAIS.xls
2025,M20,Cimento em saco,JAN,264.4,cife2025_MATERIAIS.xls
2025,M20,Cimento em saco,FEV,263.2,cife2025_MATERIAIS.xls
2025,M20,Cimento em saco,MAR,259.4,cife2025_MATERIAIS.xls
2025,M20,Cimento em saco,ABR,263.3,cife2025_MATERIAIS.xls
2025,M20,Cimento em saco,MAI,261.1,cife2025_MATERIAIS.xls
2025,M20,Cimento em saco,JUN,261.1,cife2025_MATERIAIS.xls
2025,M20,Cimento em saco,JUL,261.1,cife2025_MATERIAIS.xls
2025,M20,Cimento em saco,AGO,261.1,cife2025_MATERIAIS.xls
2025,M20,Cimento em saco,SET,260.9,cife2025_MATERIAIS.xls
2025,M20,Cimento em saco,OUT,260.8,cife2025_MATERIAIS.xls
2025,M20,Cimento em saco,NOV,260.4,cife2025_MATERIAIS.xls
2025,M20,Cimento em saco,DEZ,261.4,cife2025_MATERIAIS.xls
2025,M21,Explosivos,JAN,219.0,cife2025_MATERIAIS.xls
2025,M21,Explosivos,FEV,219.7,cife2025_MATERIAIS.xls
2025,M21,Explosivos,MAR,222.3,cife2025_MATERIAIS.xls
2025,M21,Explosivos,ABR,223.2,cife2025_MATERIAIS.xls
2025,M21,Explosivos,MAI,222.2,cife2025_MATERIAIS.xls
2025,M21,Explosivos,JUN,224.3,cife2025_MATERIAIS.xls
2025,M21,Explosivos,JUL,225.0,cife2025_MATERIAIS.xls
2025,M21,Explosivos,AGO,223.7,cife2025_MATERIAIS.xls
2025,M21,Explosivos,SET,222.1,cife2025_MATERIAIS.xls
2025,M21,Explosivos,OUT,224.2,cife2025_MATERIAIS.xls
2025,M21,Explosivos,NOV,230.1,cife2025_MATERIAIS.xls
2025,M21,Explosivos,DEZ,228.1,cife2025_MATERIAIS.xls
2025,M22,Gasóleo,JAN,354.4,cife2025_MATERIAIS.xls
2025,M22,Gasóleo,FEV,354.9,cife2025_MATERIAIS.xls
2025,M22,Gasóleo,MAR,345.0,cife2025_MATERIAIS.xls
2025,M22,Gasóleo,ABR,335.1,cife2025_MATERIAIS.xls
2025,M22,Gasóleo,MAI,327.8,cife2025_MATERIAIS.xls
2025,M22,Gasóleo,JUN,333.5,cife2025_MATERIAIS.xls
2025,M22,Gasóleo,JUL,342.1,cife2025_MATERIAIS.xls
2025,M22,Gasóleo,AGO,336.2,cife2025_MATERIAIS.xls
2025,M22,Gasóleo,SET,336.4,cife2025_MATERIAIS.xls
2025,M22,Gasóleo,OUT,333.3,cife2025_MATERIAIS.xls
2025,M22,Gasóleo,NOV,345.2,cife2025_MATERIAIS.xls
2025,M22,Gasóleo,DEZ,335.7,cife2025_MATERIAIS.xls
2025,M23,Vidro,JAN,109.9,cife2025_MATERIAIS.xls
2025,M23,Vidro,FEV,111.3,cife2025_MATERIAIS.xls
2025,M23,Vidro,MAR,118.0,cife2025_MATERIAIS.xls
2025,M23,Vidro,ABR,131.5,cife2025_MATERIAIS.xls
2025,M23,Vidro,MAI,146.4,cife2025_MATERIAIS.xls
2025,M23,Vidro,JUN,146.4,cife2025_MATERIAIS.xls
2025,M23,Vidro,JUL,145.5,cife2025_MATERIAIS.xls
2025,M23,Vidro,AGO,145.5,cife2025_MATERIAIS.xls
2025,M23,Vidro,SET,145.3,cife2025_MATERIAIS.xls
2025,M23,Vidro,OUT,140.2,cife2025_MATERIAIS.xls
2025,M23,Vidro,NOV,140.1,cife2025_MATERIAIS.xls
2025,M23,Vidro,DEZ,140.1,cife2025_MATERIAIS.xls
2025,M24,Madeiras de Pinho,JAN,282.6,cife2025_MATERIAIS.xls
2025,M24,Madeiras de Pinho,FEV,280.5,cife2025_MATERIAIS.xls
2025,M24,Madeiras de Pinho,MAR,280.3,cife2025_MATERIAIS.xls
2025,M24,Madeiras de Pinho,ABR,280.3,cife2025_MATERIAIS.xls
2025,M24,Madeiras de Pinho,MAI,278.6,cife2025_MATERIAIS.xls
2025,M24,Madeiras de Pinho,JUN,278.2,cife2025_MATERIAIS.xls
2025,M24,Madeiras de Pinho,JUL,277.3,cife2025_MATERIAIS.xls
2025,M24,Madeiras de Pinho,AGO,277.9,cife2025_MATERIAIS.xls
2025,M24,Madeiras de Pinho,SET,278.2,cife2025_MATERIAIS.xls
2025,M24,Madeiras de Pinho,OUT,278.2,cife2025_MATERIAIS.xls
2025,M24,Madeiras de Pinho,NOV,279.5,cife2025_MATERIAIS.xls
2025,M24,Madeiras de Pinho,DEZ,280.8,cife2025_MATERIAIS.xls
2025,M25,Madeiras Especiais ou Exóticas,JAN,207.0,cife2025_MATERIAIS.xls
2025,M25,Madeiras Especiais ou Exóticas,FEV,192.3,cife2025_MATERIAIS.xls
2025,M25,Madeiras Especiais ou Exóticas,MAR,205.3,cife2025_MATERIAIS.xls
2025,M25,Madeiras Especiais ou Exóticas,ABR,205.3,cife2025_MATERIAIS.xls
2025,M25,Madeiras Especiais ou Exóticas,MAI,205.8,cife2025_MATERIAIS.xls
2025,M25,Madeiras Especiais ou Exóticas,JUN,207.7,cife2025_MATERIAIS.xls
2025,M25,Madeiras Especiais ou Exóticas,JUL,208.7,cife2025_MATERIAIS.xls
2025,M25,Madeiras Especiais ou Exóticas,AGO,208.4,cife2025_MATERIAIS.xls
2025,M25,Madeiras Especiais ou Exóticas,SET,208.1,cife2025_MATERIAIS.xls
2025,M25,Madeiras Especiais ou Exóticas,OUT,207.6,cife2025_MATERIAIS.xls
2025,M25,Madeiras Especiais ou Exóticas,NOV,208.0,cife2025_MATERIAIS.xls
2025,M25,Madeiras Especiais ou Exóticas,DEZ,207.9,cife2025_MATERIAIS.xls
2025,M26,Derivados de madeira,JAN,201.8,cife2025_MATERIAIS.xls
2025,M26,Derivados de madeira,FEV,200.4,cife2025_MATERIAIS.xls
2025,M26,Derivados de madeira,MAR,201.3,cife2025_MATERIAIS.xls
2025,M26,Derivados de madeira,ABR,200.9,cife2025_MATERIAIS.xls
2025,M26,Derivados de madeira,MAI,201.6,cife2025_MATERIAIS.xls
2025,M26,Derivados de madeira,JUN,203.9,cife2025_MATERIAIS.xls
2025,M26,Derivados de madeira,JUL,202.1,cife2025_MATERIAIS.xls
2025,M26,Derivados de madeira,AGO,202.6,cife2025_MATERIAIS.xls
2025,M26,Derivados de madeira,SET,202.9,cife2025_MATERIAIS.xls
2025,M26,Derivados de madeira,OUT,200.3,cife2025_MATERIAIS.xls
2025,M26,Derivados de madeira,NOV,201.2,cife2025_MATERIAIS.xls
2025,M26,Derivados de madeira,DEZ,203.9,cife2025_MATERIAIS.xls
2025,M27,Aglomerado negro de cortiça,JAN,252.5,cife2025_MATERIAIS.xls
2025,M27,Aglomerado negro de cortiça,FEV,252.7,cife2025_MATERIAIS.xls
2025,M27,Aglomerado negro de cortiça,MAR,255.2,cife2025_MATERIAIS.xls
2025,M27,Aglomerado negro de cortiça,ABR,255.5,cife2025_MATERIAIS.xls
2025,M27,Aglomerado negro de cortiça,MAI,257.5,cife2025_MATERIAIS.xls
2025,M27,Aglomerado negro de cortiça,JUN,258.6,cife2025_MATERIAIS.xls
2025,M27,Aglomerado negro de cortiça,JUL,261.6,cife2025_MATERIAIS.xls
2025,M27,Aglomerado negro de cortiça,AGO,262.3,cife2025_MATERIAIS.xls
2025,M27,Aglomerado negro de cortiça,SET,265.1,cife2025_MATERIAIS.xls
2025,M27,Aglomerado negro de cortiça,OUT,266.1,cife2025_MATERIAIS.xls
2025,M27,Aglomerado negro de cortiça,NOV,267.0,cife2025_MATERIAIS.xls
2025,M27,Aglomerado negro de cortiça,DEZ,267.4,cife2025_MATERIAIS.xls
2025,M28,Ladrilho de cortiça,JAN,187.5,cife2025_MATERIAIS.xls
2025,M28,Ladrilho de cortiça,FEV,189.4,cife2025_MATERIAIS.xls
2025,M28,Ladrilho de cortiça,MAR,187.6,cife2025_MATERIAIS.xls
2025,M28,Ladrilho de cortiça,ABR,188.7,cife2025_MATERIAIS.xls
2025,M28,Ladrilho de cortiça,MAI,188.7,cife2025_MATERIAIS.xls
2025,M28,Ladrilho de cortiça,JUN,189.8,cife2025_MATERIAIS.xls
2025,M28,Ladrilho de cortiça,JUL,189.8,cife2025_MATERIAIS.xls
2025,M28,Ladrilho de cortiça,AGO,189.3,cife2025_MATERIAIS.xls
2025,M28,Ladrilho de cortiça,SET,189.7,cife2025_MATERIAIS.xls
2025,M28,Ladrilho de cortiça,OUT,189.9,cife2025_MATERIAIS.xls
2025,M28,Ladrilho de cortiça,NOV,189.7,cife2025_MATERIAIS.xls
2025,M28,Ladrilho de cortiça,DEZ,190.7,cife2025_MATERIAIS.xls
2025,M29,Tintas para construção civil,JAN,441.4,cife2025_MATERIAIS.xls
2025,M29,Tintas para construção civil,FEV,449.9,cife2025_MATERIAIS.xls
2025,M29,Tintas para construção civil,MAR,469.2,cife2025_MATERIAIS.xls
2025,M29,Tintas para construção civil,ABR,468.8,cife2025_MATERIAIS.xls
2025,M29,Tintas para construção civil,MAI,470.3,cife2025_MATERIAIS.xls
2025,M29,Tintas para construção civil,JUN,469.8,cife2025_MATERIAIS.xls
2025,M29,Tintas para construção civil,JUL,469.4,cife2025_MATERIAIS.xls
2025,M29,Tintas para construção civil,AGO,466.3,cife2025_MATERIAIS.xls
2025,M29,Tintas para construção civil,SET,471.0,cife2025_MATERIAIS.xls
2025,M29,Tintas para construção civil,OUT,470.6,cife2025_MATERIAIS.xls
2025,M29,Tintas para construção civil,NOV,470.6,cife2025_MATERIAIS.xls
2025,M29,Tintas para construção civil,DEZ,470.7,cife2025_MATERIAIS.xls
2025,M30,Tintas para estradas,JAN,331.9,cife2025_MATERIAIS.xls
2025,M30,Tintas para estradas,FEV,333.4,cife2025_MATERIAIS.xls
2025,M30,Tintas para estradas,MAR,332.7,cife2025_MATERIAIS.xls
2025,M30,Tintas para estradas,ABR,334.0,cife2025_MATERIAIS.xls
2025,M30,Tintas para estradas,MAI,330.6,cife2025_MATERIAIS.xls
2025,M30,Tintas para estradas,JUN,330.7,cife2025_MATERIAIS.xls
2025,M30,Tintas para estradas,JUL,333.2,cife2025_MATERIAIS.xls
2025,M30,Tintas para estradas,AGO,332.0,cife2025_MATERIAIS.xls
2025,M30,Tintas para estradas,SET,332.2,cife2025_MATERIAIS.xls
2025,M30,Tintas para estradas,OUT,335.4,cife2025_MATERIAIS.xls
2025,M30,Tintas para estradas,NOV,339.4,cife2025_MATERIAIS.xls
2025,M30,Tintas para estradas,DEZ,333.3,cife2025_MATERIAIS.xls
2025,M31,Membrana betuminosa,JAN,282.1,cife2025_MATERIAIS.xls
2025,M31,Membrana betuminosa,FEV,283.3,cife2025_MATERIAIS.xls
2025,M31,Membrana betuminosa,MAR,282.1,cife2025_MATERIAIS.xls
2025,M31,Membrana betuminosa,ABR,283.1,cife2025_MATERIAIS.xls
2025,M31,Membrana betuminosa,MAI,282.9,cife2025_MATERIAIS.xls
2025,M31,Membrana betuminosa,JUN,283.2,cife2025_MATERIAIS.xls
2025,M31,Membrana betuminosa,JUL,280.2,cife2025_MATERIAIS.xls
2025,M31,Membrana betuminosa,AGO,281.2,cife2025_MATERIAIS.xls
2025,M31,Membrana betuminosa,SET,280.2,cife2025_MATERIAIS.xls
2025,M31,Membrana betuminosa,OUT,279.7,cife2025_MATERIAIS.xls
2025,M31,Membrana betuminosa,NOV,276.4,cife2025_MATERIAIS.xls
2025,M31,Membrana betuminosa,DEZ,276.8,cife2025_MATERIAIS.xls
2025,M32,Tubo de PVC,JAN,213.7,cife2025_MATERIAIS.xls
2025,M32,Tubo de PVC,FEV,214.3,cife2025_MATERIAIS.xls
2025,M32,Tubo de PVC,MAR,214.6,cife2025_MATERIAIS.xls
2025,M32,Tubo de PVC,ABR,214.6,cife2025_MATERIAIS.xls
2025,M32,Tubo de PVC,MAI,214.0,cife2025_MATERIAIS.xls
2025,M32,Tubo de PVC,JUN,213.0,cife2025_MATERIAIS.xls
2025,M32,Tubo de PVC,JUL,210.4,cife2025_MATERIAIS.xls
2025,M32,Tubo de PVC,AGO,210.8,cife2025_MATERIAIS.xls
2025,M32,Tubo de PVC,SET,211.6,cife2025_MATERIAIS.xls
2025,M32,Tubo de PVC,OUT,210.0,cife2025_MATERIAIS.xls
2025,M32,Tubo de PVC,NOV,211.2,cife2025_MATERIAIS.xls
2025,M32,Tubo de PVC,DEZ,212.5,cife2025_MATERIAIS.xls
2025,M33,Tubo de PVC p/ instalações elétricas,JAN,433.1,cife2025_MATERIAIS.xls
2025,M33,Tubo de PVC p/ instalações elétricas,FEV,446.4,cife2025_MATERIAIS.xls
2025,M33,Tubo de PVC p/ instalações elétricas,MAR,443.2,cife2025_MATERIAIS.xls
2025,M33,Tubo de PVC p/ instalações elétricas,ABR,451.0,cife2025_MATERIAIS.xls
2025,M33,Tubo de PVC p/ instalações elétricas,MAI,450.8,cife2025_MATERIAIS.xls
2025,M33,Tubo de PVC p/ instalações elétricas,JUN,446.3,cife2025_MATERIAIS.xls
2025,M33,Tubo de PVC p/ instalações elétricas,JUL,449.1,cife2025_MATERIAIS.xls
2025,M33,Tubo de PVC p/ instalações elétricas,AGO,452.9,cife2025_MATERIAIS.xls
2025,M33,Tubo de PVC p/ instalações elétricas,SET,449.7,cife2025_MATERIAIS.xls
2025,M33,Tubo de PVC p/ instalações elétricas,OUT,455.4,cife2025_MATERIAIS.xls
2025,M33,Tubo de PVC p/ instalações elétricas,NOV,446.7,cife2025_MATERIAIS.xls
2025,M33,Tubo de PVC p/ instalações elétricas,DEZ,469.6,cife2025_MATERIAIS.xls
2025,M34,Blocos de betão normal,JAN,152.6,cife2025_MATERIAIS.xls
2025,M34,Blocos de betão normal,FEV,153.2,cife2025_MATERIAIS.xls
2025,M34,Blocos de betão normal,MAR,153.8,cife2025_MATERIAIS.xls
2025,M34,Blocos de betão normal,ABR,154.6,cife2025_MATERIAIS.xls
2025,M34,Blocos de betão normal,MAI,154.8,cife2025_MATERIAIS.xls
2025,M34,Blocos de betão normal,JUN,156.5,cife2025_MATERIAIS.xls
2025,M34,Blocos de betão normal,JUL,155.5,cife2025_MATERIAIS.xls
2025,M34,Blocos de betão normal,AGO,160.6,cife2025_MATERIAIS.xls
2025,M34,Blocos de betão normal,SET,158.5,cife2025_MATERIAIS.xls
2025,M34,Blocos de betão normal,OUT,159.0,cife2025_MATERIAIS.xls
2025,M34,Blocos de betão normal,NOV,159.1,cife2025_MATERIAIS.xls
2025,M34,Blocos de betão normal,DEZ,159.1,cife2025_MATERIAIS.xls
2025,M35,Manilhas de betão,JAN,204.1,cife2025_MATERIAIS.xls
2025,M35,Manilhas de betão,FEV,205.5,cife2025_MATERIAIS.xls
2025,M35,Manilhas de betão,MAR,205.8,cife2025_MATERIAIS.xls
2025,M35,Manilhas de betão,ABR,207.0,cife2025_MATERIAIS.xls
2025,M35,Manilhas de betão,MAI,206.4,cife2025_MATERIAIS.xls
2025,M35,Manilhas de betão,JUN,207.7,cife2025_MATERIAIS.xls
2025,M35,Manilhas de betão,JUL,206.2,cife2025_MATERIAIS.xls
2025,M35,Manilhas de betão,AGO,214.7,cife2025_MATERIAIS.xls
2025,M35,Manilhas de betão,SET,210.2,cife2025_MATERIAIS.xls
2025,M35,Manilhas de betão,OUT,210.1,cife2025_MATERIAIS.xls
2025,M35,Manilhas de betão,NOV,210.3,cife2025_MATERIAIS.xls
2025,M35,Manilhas de betão,DEZ,210.3,cife2025_MATERIAIS.xls
2025,M36,Tubagem de fibrocimento,JAN,157.9,cife2025_MATERIAIS.xls
2025,M36,Tubagem de fibrocimento,FEV,157.9,cife2025_MATERIAIS.xls
2025,M36,Tubagem de fibrocimento,MAR,157.9,cife2025_MATERIAIS.xls
2025,M36,Tubagem de fibrocimento,ABR,157.9,cife2025_MATERIAIS.xls
2025,M36,Tubagem de fibrocimento,MAI,157.9,cife2025_MATERIAIS.xls
2025,M36,Tubagem de fibrocimento,JUN,157.9,cife2025_MATERIAIS.xls
2025,M36,Tubagem de fibrocimento,JUL,157.9,cife2025_MATERIAIS.xls
2025,M36,Tubagem de fibrocimento,AGO,157.9,cife2025_MATERIAIS.xls
2025,M36,Tubagem de fibrocimento,SET,157.9,cife2025_MATERIAIS.xls
2025,M36,Tubagem de fibrocimento,OUT,157.9,cife2025_MATERIAIS.xls
2025,M36,Tubagem de fibrocimento,NOV,157.9,cife2025_MATERIAIS.xls
2025,M36,Tubagem de fibrocimento,DEZ,157.9,cife2025_MATERIAIS.xls
2025,M37,Chapa de fibrocimento (1),JAN,314.3,cife2025_MATERIAIS.xls
2025,M37,Chapa de fibrocimento (1),FEV,314.3,cife2025_MATERIAIS.xls
2025,M37,Chapa de fibrocimento (1),MAR,314.3,cife2025_MATERIAIS.xls
2025,M37,Chapa de fibrocimento (1),ABR,314.3,cife2025_MATERIAIS.xls
2025,M37,Chapa de fibrocimento (1),MAI,314.3,cife2025_MATERIAIS.xls
2025,M37,Chapa de fibrocimento (1),JUN,314.3,cife2025_MATERIAIS.xls
2025,M37,Chapa de fibrocimento (1),JUL,314.3,cife2025_MATERIAIS.xls
2025,M37,Chapa de fibrocimento (1),AGO,314.3,cife2025_MATERIAIS.xls
2025,M37,Chapa de fibrocimento (1),SET,314.3,cife2025_MATERIAIS.xls
2025,M37,Chapa de fibrocimento (1),OUT,314.3,cife2025_MATERIAIS.xls
2025,M37,Chapa de fibrocimento (1),NOV,314.3,cife2025_MATERIAIS.xls
2025,M37,Chapa de fibrocimento (1),DEZ,314.3,cife2025_MATERIAIS.xls
2025,M39,Caixilharias em alumínio anodizado,JAN,173.5,cife2025_MATERIAIS.xls
2025,M39,Caixilharias em alumínio anodizado,FEV,173.3,cife2025_MATERIAIS.xls
2025,M39,Caixilharias em alumínio anodizado,MAR,173.3,cife2025_MATERIAIS.xls
2025,M39,Caixilharias em alumínio anodizado,ABR,174.1,cife2025_MATERIAIS.xls
2025,M39,Caixilharias em alumínio anodizado,MAI,175.2,cife2025_MATERIAIS.xls
2025,M39,Caixilharias em alumínio anodizado,JUN,180.9,cife2025_MATERIAIS.xls
2025,M39,Caixilharias em alumínio anodizado,JUL,182.1,cife2025_MATERIAIS.xls
2025,M39,Caixilharias em alumínio anodizado,AGO,182.1,cife2025_MATERIAIS.xls
2025,M39,Caixilharias em alumínio anodizado,SET,181.4,cife2025_MATERIAIS.xls
2025,M39,Caixilharias em alumínio anodizado,OUT,182.0,cife2025_MATERIAIS.xls
2025,M39,Caixilharias em alumínio anodizado,NOV,176.7,cife2025_MATERIAIS.xls
2025,M39,Caixilharias em alumínio anodizado,DEZ,173.4,cife2025_MATERIAIS.xls
2025,M40,Caixilharias em alumínio termolacado,JAN,150.4,cife2025_MATERIAIS.xls
2025,M40,Caixilharias em alumínio termolacado,FEV,150.4,cife2025_MATERIAIS.xls
2025,M40,Caixilharias em alumínio termolacado,MAR,150.4,cife2025_MATERIAIS.xls
2025,M40,Caixilharias em alumínio termolacado,ABR,148.5,cife2025_MATERIAIS.xls
2025,M40,Caixilharias em alumínio termolacado,MAI,151.2,cife2025_MATERIAIS.xls
2025,M40,Caixilharias em alumínio termolacado,JUN,151.2,cife2025_MATERIAIS.xls
2025,M40,Caixilharias em alumínio termolacado,JUL,151.2,cife2025_MATERIAIS.xls
2025,M40,Caixilharias em alumínio termolacado,AGO,151.2,cife2025_MATERIAIS.xls
2025,M40,Caixilharias em alumínio termolacado,SET,151.2,cife2025_MATERIAIS.xls
2025,M40,Caixilharias em alumínio termolacado,OUT,151.2,cife2025_MATERIAIS.xls
2025,M40,Caixilharias em alumínio termolacado,NOV,151.2,cife2025_MATERIAIS.xls
2025,M40,Caixilharias em alumínio termolacado,DEZ,151.2,cife2025_MATERIAIS.xls
2025,M41,Pavimentos aligeirados de vigotas pré-esforçadas e blocos cerâmicos,JAN,197.9,cife2025_MATERIAIS.xls
2025,M41,Pavimentos aligeirados de vigotas pré-esforçadas e blocos cerâmicos,FEV,199.7,cife2025_MATERIAIS.xls
2025,M41,Pavimentos aligeirados de vigotas pré-esforçadas e blocos cerâmicos,MAR,200.3,cife2025_MATERIAIS.xls
2025,M41,Pavimentos aligeirados de vigotas pré-esforçadas e blocos cerâmicos,ABR,200.6,cife2025_MATERIAIS.xls
2025,M41,Pavimentos aligeirados de vigotas pré-esforçadas e blocos cerâmicos,MAI,200.5,cife2025_MATERIAIS.xls
2025,M41,Pavimentos aligeirados de vigotas pré-esforçadas e blocos cerâmicos,JUN,204.6,cife2025_MATERIAIS.xls
2025,M41,Pavimentos aligeirados de vigotas pré-esforçadas e blocos cerâmicos,JUL,204.5,cife2025_MATERIAIS.xls
2025,M41,Pavimentos aligeirados de vigotas pré-esforçadas e blocos cerâmicos,AGO,208.5,cife2025_MATERIAIS.xls
2025,M41,Pavimentos aligeirados de vigotas pré-esforçadas e blocos cerâmicos,SET,206.4,cife2025_MATERIAIS.xls
2025,M41,Pavimentos aligeirados de vigotas pré-esforçadas e blocos cerâmicos,OUT,206.3,cife2025_MATERIAIS.xls
2025,M41,Pavimentos aligeirados de vigotas pré-esforçadas e blocos cerâmicos,NOV,206.6,cife2025_MATERIAIS.xls
2025,M41,Pavimentos aligeirados de vigotas pré-esforçadas e blocos cerâmicos,DEZ,206.6,cife2025_MATERIAIS.xls
2025,M42,Tubagem de aço e aparelhos para canalizações,JAN,133.3,cife2025_MATERIAIS.xls
2025,M42,Tubagem de aço e aparelhos para canalizações,FEV,132.4,cife2025_MATERIAIS.xls
2025,M42,Tubagem de aço e aparelhos para canalizações,MAR,133.0,cife2025_MATERIAIS.xls
2025,M42,Tubagem de aço e aparelhos para canalizações,ABR,133.0,cife2025_MATERIAIS.xls
2025,M42,Tubagem de aço e aparelhos para canalizações,MAI,132.9,cife2025_MATERIAIS.xls
2025,M42,Tubagem de aço e aparelhos para canalizações,JUN,134.4,cife2025_MATERIAIS.xls
2025,M42,Tubagem de aço e aparelhos para canalizações,JUL,134.6,cife2025_MATERIAIS.xls
2025,M42,Tubagem de aço e aparelhos para canalizações,AGO,135.0,cife2025_MATERIAIS.xls
2025,M42,Tubagem de aço e aparelhos para canalizações,SET,134.9,cife2025_MATERIAIS.xls
2025,M42,Tubagem de aço e aparelhos para canalizações,OUT,134.7,cife2025_MATERIAIS.xls
2025,M42,Tubagem de aço e aparelhos para canalizações,NOV,135.1,cife2025_MATERIAIS.xls
2025,M42,Tubagem de aço e aparelhos para canalizações,DEZ,135.1,cife2025_MATERIAIS.xls
2025,M43,Aço para betão armado,JAN,228.1,cife2025_MATERIAIS.xls
2025,M43,Aço para betão armado,FEV,234.4,cife2025_MATERIAIS.xls
2025,M43,Aço para betão armado,MAR,232.8,cife2025_MATERIAIS.xls
2025,M43,Aço para betão armado,ABR,236.6,cife2025_MATERIAIS.xls
2025,M43,Aço para betão armado,MAI,234.1,cife2025_MATERIAIS.xls
2025,M43,Aço para betão armado,JUN,234.4,cife2025_MATERIAIS.xls
2025,M43,Aço para betão armado,JUL,232.6,cife2025_MATERIAIS.xls
2025,M43,Aço para betão armado,AGO,231.5,cife2025_MATERIAIS.xls
2025,M43,Aço para betão armado,SET,236.1,cife2025_MATERIAIS.xls
2025,M43,Aço para betão armado,OUT,239.3,cife2025_MATERIAIS.xls
2025,M43,Aço para betão armado,NOV,236.2,cife2025_MATERIAIS.xls
2025,M43,Aço para betão armado,DEZ,240.8,cife2025_MATERIAIS.xls
2025,M44,Aço para betão pré-esforçado,JAN,224.7,cife2025_MATERIAIS.xls
2025,M44,Aço para betão pré-esforçado,FEV,225.9,cife2025_MATERIAIS.xls
2025,M44,Aço para betão pré-esforçado,MAR,225.9,cife2025_MATERIAIS.xls
2025,M44,Aço para betão pré-esforçado,ABR,225.9,cife2025_MATERIAIS.xls
2025,M44,Aço para betão pré-esforçado,MAI,228.3,cife2025_MATERIAIS.xls
2025,M44,Aço para betão pré-esforçado,JUN,228.8,cife2025_MATERIAIS.xls
2025,M44,Aço para betão pré-esforçado,JUL,228.8,cife2025_MATERIAIS.xls
2025,M44,Aço para betão pré-esforçado,AGO,228.8,cife2025_MATERIAIS.xls
2025,M44,Aço para betão pré-esforçado,SET,227.7,cife2025_MATERIAIS.xls
2025,M44,Aço para betão pré-esforçado,OUT,225.8,cife2025_MATERIAIS.xls
2025,M44,Aço para betão pré-esforçado,NOV,224.6,cife2025_MATERIAIS.xls
2025,M44,Aço para betão pré-esforçado,DEZ,224.6,cife2025_MATERIAIS.xls
2025,M45,Perfilados pesados e ligeiros,JAN,225.4,cife2025_MATERIAIS.xls
2025,M45,Perfilados pesados e ligeiros,FEV,225.3,cife2025_MATERIAIS.xls
2025,M45,Perfilados pesados e ligeiros,MAR,225.3,cife2025_MATERIAIS.xls
2025,M45,Perfilados pesados e ligeiros,ABR,226.8,cife2025_MATERIAIS.xls
2025,M45,Perfilados pesados e ligeiros,MAI,226.7,cife2025_MATERIAIS.xls
2025,M45,Perfilados pesados e ligeiros,JUN,226.4,cife2025_MATERIAIS.xls
2025,M45,Perfilados pesados e ligeiros,JUL,225.7,cife2025_MATERIAIS.xls
2025,M45,Perfilados pesados e ligeiros,AGO,225.8,cife2025_MATERIAIS.xls
2025,M45,Perfilados pesados e ligeiros,SET,225.2,cife2025_MATERIAIS.xls
2025,M45,Perfilados pesados e ligeiros,OUT,224.6,cife2025_MATERIAIS.xls
2025,M45,Perfilados pesados e ligeiros,NOV,222.2,cife2025_MATERIAIS.xls
2025,M45,Perfilados pesados e ligeiros,DEZ,222.4,cife2025_MATERIAIS.xls
2025,M46,Produtos para instalações elétricas,JAN,226.1,cife2025_MATERIAIS.xls
2025,M46,Produtos para instalações elétricas,FEV,228.4,cife2025_MATERIAIS.xls
2025,M46,Produtos para instalações elétricas,MAR,229.1,cife2025_MATERIAIS.xls
2025,M46,Produtos para instalações elétricas,ABR,228.4,cife2025_MATERIAIS.xls
2025,M46,Produtos para instalações elétricas,MAI,228.1,cife2025_MATERIAIS.xls
2025,M46,Produtos para instalações elétricas,JUN,227.5,cife2025_MATERIAIS.xls
2025,M46,Produtos para instalações elétricas,JUL,228.5,cife2025_MATERIAIS.xls
2025,M46,Produtos para instalações elétricas,AGO,228.1,cife2025_MATERIAIS.xls
2025,M46,Produtos para instalações elétricas,SET,226.7,cife2025_MATERIAIS.xls
2025,M46,Produtos para instalações elétricas,OUT,229.0,cife2025_MATERIAIS.xls
2025,M46,Produtos para instalações elétricas,NOV,228.8,cife2025_MATERIAIS.xls
2025,M46,Produtos para instalações elétricas,DEZ,229.8,cife2025_MATERIAIS.xls
2025,M47,Produtos pré-fabricados de betão,JAN,134.8,cife2025_MATERIAIS.xls
2025,M47,Produtos pré-fabricados de betão,FEV,136.0,cife2025_MATERIAIS.xls
2025,M47,Produtos pré-fabricados de betão,MAR,136.5,cife2025_MATERIAIS.xls
2025,M47,Produtos pré-fabricados de betão,ABR,137.3,cife2025_MATERIAIS.xls
2025,M47,Produtos pré-fabricados de betão,MAI,137.2,cife2025_MATERIAIS.xls
2025,M47,Produtos pré-fabricados de betão,JUN,139.8,cife2025_MATERIAIS.xls
2025,M47,Produtos pré-fabricados de betão,JUL,139.0,cife2025_MATERIAIS.xls
2025,M47,Produtos pré-fabricados de betão,AGO,144.6,cife2025_MATERIAIS.xls
2025,M47,Produtos pré-fabricados de betão,SET,141.9,cife2025_MATERIAIS.xls
2025,M47,Produtos pré-fabricados de betão,OUT,142.1,cife2025_MATERIAIS.xls
2025,M47,Produtos pré-fabricados de betão,NOV,142.2,cife2025_MATERIAIS.xls
2025,M47,Produtos pré-fabricados de betão,DEZ,142.2,cife2025_MATERIAIS.xls
2025,M48,Produtos para ajardinamentos,JAN,135.8,cife2025_MATERIAIS.xls
2025,M48,Produtos para ajardinamentos,FEV,136.7,cife2025_MATERIAIS.xls
2025,M48,Produtos para ajardinamentos,MAR,136.4,cife2025_MATERIAIS.xls
2025,M48,Produtos para ajardinamentos,ABR,137.5,cife2025_MATERIAIS.xls
2025,M48,Produtos para ajardinamentos,MAI,137.6,cife2025_MATERIAIS.xls
2025,M48,Produtos para ajardinamentos,JUN,138.2,cife2025_MATERIAIS.xls
2025,M48,Produtos para ajardinamentos,JUL,137.8,cife2025_MATERIAIS.xls
2025,M48,Produtos para ajardinamentos,AGO,138.3,cife2025_MATERIAIS.xls
2025,M48,Produtos para ajardinamentos,SET,138.0,cife2025_MATERIAIS.xls
2025,M48,Produtos para ajardinamentos,OUT,138.1,cife2025_MATERIAIS.xls
2025,M48,Produtos para ajardinamentos,NOV,137.8,cife2025_MATERIAIS.xls
2025,M48,Produtos para ajardinamentos,DEZ,137.9,cife2025_MATERIAIS.xls
2025,M49,Geotêxteis,JAN,121.1,cife2025_MATERIAIS.xls
2025,M49,Geotêxteis,FEV,121.5,cife2025_MATERIAIS.xls
2025,M49,Geotêxteis,MAR,123.7,cife2025_MATERIAIS.xls
2025,M49,Geotêxteis,ABR,122.1,cife2025_MATERIAIS.xls
2025,M49,Geotêxteis,MAI,121.9,cife2025_MATERIAIS.xls
2025,M49,Geotêxteis,JUN,121.2,cife2025_MATERIAIS.xls
2025,M49,Geotêxteis,JUL,124.0,cife2025_MATERIAIS.xls
2025,M49,Geotêxteis,AGO,123.5,cife2025_MATERIAIS.xls
2025,M49,Geotêxteis,SET,122.7,cife2025_MATERIAIS.xls
2025,M49,Geotêxteis,OUT,124.0,cife2025_MATERIAIS.xls
2025,M49,Geotêxteis,NOV,125.5,cife2025_MATERIAIS.xls
2025,M49,Geotêxteis,DEZ,124.4,cife2025_MATERIAIS.xls
2025,M50,Tubos e Acessórios de Ferro Fundido e Aço,JAN,198.6,cife2025_MATERIAIS.xls
2025,M50,Tubos e Acessórios de Ferro Fundido e Aço,FEV,204.4,cife2025_MATERIAIS.xls
2025,M50,Tubos e Acessórios de Ferro Fundido e Aço,MAR,199.6,cife2025_MATERIAIS.xls
2025,M50,Tubos e Acessórios de Ferro Fundido e Aço,ABR,200.4,cife2025_MATERIAIS.xls
2025,M50,Tubos e Acessórios de Ferro Fundido e Aço,MAI,196.7,cife2025_MATERIAIS.xls
2025,M50,Tubos e Acessórios de Ferro Fundido e Aço,JUN,199.8,cife2025_MATERIAIS.xls
2025,M50,Tubos e Acessórios de Ferro Fundido e Aço,JUL,199.9,cife2025_MATERIAIS.xls
2025,M50,Tubos e Acessórios de Ferro Fundido e Aço,AGO,201.4,cife2025_MATERIAIS.xls
2025,M50,Tubos e Acessórios de Ferro Fundido e Aço,SET,206.7,cife2025_MATERIAIS.xls
2025,M50,Tubos e Acessórios de Ferro Fundido e Aço,OUT,200.8,cife2025_MATERIAIS.xls
2025,M50,Tubos e Acessórios de Ferro Fundido e Aço,NOV,204.2,cife2025_MATERIAIS.xls
2025,M50,Tubos e Acessórios de Ferro Fundido e Aço,DEZ,205.4,cife2025_MATERIAIS.xls
2025,M51,Tintas para Construções Metálicas,JAN,177.3,cife2025_MATERIAIS.xls
2025,M51,Tintas para Construções Metálicas,FEV,178.2,cife2025_MATERIAIS.xls
2025,M51,Tintas para Construções Metálicas,MAR,178.4,cife2025_MATERIAIS.xls
2025,M51,Tintas para Construções Metálicas,ABR,174.0,cife2025_MATERIAIS.xls
2025,M51,Tintas para Construções Metálicas,MAI,173.8,cife2025_MATERIAIS.xls
2025,M51,Tintas para Construções Metálicas,JUN,170.3,cife2025_MATERIAIS.xls
2025,M51,Tintas para Construções Metálicas,JUL,168.6,cife2025_MATERIAIS.xls
2025,M51,Tintas para Construções Metálicas,AGO,167.3,cife2025_MATERIAIS.xls
2025,M51,Tintas para Construções Metálicas,SET,168.4,cife2025_MATERIAIS.xls
2025,M51,Tintas para Construções Metálicas,OUT,168.3,cife2025_MATERIAIS.xls
2025,M51,Tintas para Construções Metálicas,NOV,168.6,cife2025_MATERIAIS.xls
2025,M51,Tintas para Construções Metálicas,DEZ,167.4,cife2025_MATERIAIS.xls
2025,M52,Redes e equipamentos de média e alta tensão,JAN,112.1,cife2025_MATERIAIS.xls
2025,M52,Redes e equipamentos de média e alta tensão,FEV,112.1,cife2025_MATERIAIS.xls
2025,M52,Redes e equipamentos de média e alta tensão,MAR,112.4,cife2025_MATERIAIS.xls
2025,M52,Redes e equipamentos de média e alta tensão,ABR,111.2,cife2025_MATERIAIS.xls
2025,M52,Redes e equipamentos de média e alta tensão,MAI,110.0,cife2025_MATERIAIS.xls
2025,M52,Redes e equipamentos de média e alta tensão,JUN,109.9,cife2025_MATERIAIS.xls
2025,M52,Redes e equipamentos de média e alta tensão,JUL,109.7,cife2025_MATERIAIS.xls
2025,M52,Redes e equipamentos de média e alta tensão,AGO,109.7,cife2025_MATERIAIS.xls
2025,M52,Redes e equipamentos de média e alta tensão,SET,109.3,cife2025_MATERIAIS.xls
2025,M52,Redes e equipamentos de média e alta tensão,OUT,110.2,cife2025_MATERIAIS.xls
2025,M52,Redes e equipamentos de média e alta tensão,NOV,111.7,cife2025_MATERIAIS.xls
2025,M52,Redes e equipamentos de média e alta tensão,DEZ,111.9,cife2025_MATERIAIS.xls
2025,M53,Tubagem e acessórios para redes prediais de distribuição de água,JAN,139.7,cife2025_MATERIAIS.xls
2025,M53,Tubagem e acessórios para redes prediais de distribuição de água,FEV,140.2,cife2025_MATERIAIS.xls
2025,M53,Tubagem e acessórios para redes prediais de distribuição de água,MAR,140.0,cife2025_MATERIAIS.xls
2025,M53,Tubagem e acessórios para redes prediais de distribuição de água,ABR,140.1,cife2025_MATERIAIS.xls
2025,M53,Tubagem e acessórios para redes prediais de distribuição de água,MAI,140.4,cife2025_MATERIAIS.xls
2025,M53,Tubagem e acessórios para redes prediais de distribuição de água,JUN,140.7,cife2025_MATERIAIS.xls
2025,M53,Tubagem e acessórios para redes prediais de distribuição de água,JUL,141.4,cife2025_MATERIAIS.xls
2025,M53,Tubagem e acessórios para redes prediais de distribuição de água,AGO,141.6,cife2025_MATERIAIS.xls
2025,M53,Tubagem e acessórios para redes prediais de distribuição de água,SET,142.6,cife2025_MATERIAIS.xls
2025,M53,Tubagem e acessórios para redes prediais de distribuição de água,OUT,142.9,cife2025_MATERIAIS.xls
2025,M53,Tubagem e acessórios para redes prediais de distribuição de água,NOV,143.3,cife2025_MATERIAIS.xls
2025,M53,Tubagem e acessórios para redes prediais de distribuição de água,DEZ,142.4,cife2025_MATERIAIS.xls
2025,M54,Produtos com base em ligantes minerais pré-doseados para  revestimentos,JAN,127.3,cife2025_MATERIAIS.xls
2025,M54,Produtos com base em ligantes minerais pré-doseados para  revestimentos,FEV,129.8,cife2025_MATERIAIS.xls
2025,M54,Produtos com base em ligantes minerais pré-doseados para  revestimentos,MAR,133.7,cife2025_MATERIAIS.xls
2025,M54,Produtos com base em ligantes minerais pré-doseados para  revestimentos,ABR,134.4,cife2025_MATERIAIS.xls
2025,M54,Produtos com base em ligantes minerais pré-doseados para  revestimentos,MAI,133.4,cife2025_MATERIAIS.xls
2025,M54,Produtos com base em ligantes minerais pré-doseados para  revestimentos,JUN,133.2,cife2025_MATERIAIS.xls
2025,M54,Produtos com base em ligantes minerais pré-doseados para  revestimentos,JUL,132.5,cife2025_MATERIAIS.xls
2025,M54,Produtos com base em ligantes minerais pré-doseados para  revestimentos,AGO,131.6,cife2025_MATERIAIS.xls
2025,M54,Produtos com base em ligantes minerais pré-doseados para  revestimentos,SET,131.9,cife2025_MATERIAIS.xls
2025,M54,Produtos com base em ligantes minerais pré-doseados para  revestimentos,OUT,130.8,cife2025_MATERIAIS.xls
2025,M54,Produtos com base em ligantes minerais pré-doseados para  revestimentos,NOV,129.8,cife2025_MATERIAIS.xls
2025,M54,Produtos com base em ligantes minerais pré-doseados para  revestimentos,DEZ,131.8,cife2025_MATERIAIS.xls
2025,M55,Chapas e painéis para revestimento de coberturas,JAN,104.8,cife2025_MATERIAIS.xls
2025,M55,Chapas e painéis para revestimento de coberturas,FEV,104.8,cife2025_MATERIAIS.xls
2025,M55,Chapas e painéis para revestimento de coberturas,MAR,104.8,cife2025_MATERIAIS.xls
2025,M55,Chapas e painéis para revestimento de coberturas,ABR,104.8,cife2025_MATERIAIS.xls
2025,M55,Chapas e painéis para revestimento de coberturas,MAI,105.3,cife2025_MATERIAIS.xls
2025,M55,Chapas e painéis para revestimento de coberturas,JUN,105.3,cife2025_MATERIAIS.xls
2025,M55,Chapas e painéis para revestimento de coberturas,JUL,105.3,cife2025_MATERIAIS.xls
2025,M55,Chapas e painéis para revestimento de coberturas,AGO,105.3,cife2025_MATERIAIS.xls
2025,M55,Chapas e painéis para revestimento de coberturas,SET,105.3,cife2025_MATERIAIS.xls
2025,M55,Chapas e painéis para revestimento de coberturas,OUT,104.8,cife2025_MATERIAIS.xls
2025,M55,Chapas e painéis para revestimento de coberturas,NOV,104.8,cife2025_MATERIAIS.xls
2025,M55,Chapas e painéis para revestimento de coberturas,DEZ,104.8,cife2025_MATERIAIS.xls
2025,M56,Sistemas compósitos de isolamento térmico pelo exterior (ETIC),JAN,107.5,cife2025_MATERIAIS.xls
2025,M56,Sistemas compósitos de isolamento térmico pelo exterior (ETIC),FEV,107.7,cife2025_MATERIAIS.xls
2025,M56,Sistemas compósitos de isolamento térmico pelo exterior (ETIC),MAR,108.4,cife2025_MATERIAIS.xls
2025,M56,Sistemas compósitos de isolamento térmico pelo exterior (ETIC),ABR,109.0,cife2025_MATERIAIS.xls
2025,M56,Sistemas compósitos de isolamento térmico pelo exterior (ETIC),MAI,109.2,cife2025_MATERIAIS.xls
2025,M56,Sistemas compósitos de isolamento térmico pelo exterior (ETIC),JUN,109.7,cife2025_MATERIAIS.xls
2025,M56,Sistemas compósitos de isolamento térmico pelo exterior (ETIC),JUL,110.2,cife2025_MATERIAIS.xls
2025,M56,Sistemas compósitos de isolamento térmico pelo exterior (ETIC),AGO,110.9,cife2025_MATERIAIS.xls
2025,M56,Sistemas compósitos de isolamento térmico pelo exterior (ETIC),SET,111.4,cife2025_MATERIAIS.xls
2025,M56,Sistemas compósitos de isolamento térmico pelo exterior (ETIC),OUT,111.9,cife2025_MATERIAIS.xls
2025,M56,Sistemas compósitos de isolamento térmico pelo exterior (ETIC),NOV,112.8,cife2025_MATERIAIS.xls
2025,M56,Sistemas compósitos de isolamento térmico pelo exterior (ETIC),DEZ,113.6,cife2025_MATERIAIS.xls
2025,M57,Isolamentos térmicos e acústicos,JAN,143.3,cife2025_MATERIAIS.xls
2025,M57,Isolamentos térmicos e acústicos,FEV,148.5,cife2025_MATERIAIS.xls
2025,M57,Isolamentos térmicos e acústicos,MAR,150.3,cife2025_MATERIAIS.xls
2025,M57,Isolamentos térmicos e acústicos,ABR,152.9,cife2025_MATERIAIS.xls
2025,M57,Isolamentos térmicos e acústicos,MAI,157.1,cife2025_MATERIAIS.xls
2025,M57,Isolamentos térmicos e acústicos,JUN,154.9,cife2025_MATERIAIS.xls
2025,M57,Isolamentos térmicos e acústicos,JUL,156.9,cife2025_MATERIAIS.xls
2025,M57,Isolamentos térmicos e acústicos,AGO,160.4,cife2025_MATERIAIS.xls
2025,M57,Isolamentos térmicos e acústicos,SET,161.4,cife2025_MATERIAIS.xls
2025,M57,Isolamentos térmicos e acústicos,OUT,160.6,cife2025_MATERIAIS.xls
2025,M57,Isolamentos térmicos e acústicos,NOV,163.4,cife2025_MATERIAIS.xls
2025,M57,Isolamentos térmicos e acústicos,DEZ,163.9,cife2025_MATERIAIS.xls
2025,M58,Janelas e portas de alumínio e PVC,JAN,117.6,cife2025_MATERIAIS.xls
2025,M58,Janelas e portas de alumínio e PVC,FEV,117.6,cife2025_MATERIAIS.xls
2025,M58,Janelas e portas de alumínio e PVC,MAR,118.4,cife2025_MATERIAIS.xls
2025,M58,Janelas e portas de alumínio e PVC,ABR,118.4,cife2025_MATERIAIS.xls
2025,M58,Janelas e portas de alumínio e PVC,MAI,118.5,cife2025_MATERIAIS.xls
2025,M58,Janelas e portas de alumínio e PVC,JUN,118.5,cife2025_MATERIAIS.xls
2025,M58,Janelas e portas de alumínio e PVC,JUL,118.5,cife2025_MATERIAIS.xls
2025,M58,Janelas e portas de alumínio e PVC,AGO,118.5,cife2025_MATERIAIS.xls
2025,M58,Janelas e portas de alumínio e PVC,SET,118.5,cife2025_MATERIAIS.xls
2025,M58,Janelas e portas de alumínio e PVC,OUT,118.5,cife2025_MATERIAIS.xls
2025,M58,Janelas e portas de alumínio e PVC,NOV,118.5,cife2025_MATERIAIS.xls
2025,M58,Janelas e portas de alumínio e PVC,DEZ,118.5,cife2025_MATERIAIS.xls
2026,M01,Britas,JAN,160.5,cife2026_MATERIAIS.xls
2026,M01,Britas,FEV,161.7,cife2026_MATERIAIS.xls
2026,M01,Britas,MAR,162.0,cife2026_MATERIAIS.xls
2026,M01,Britas,ABR,163.8,cife2026_MATERIAIS.xls
2026,M01,Britas,MAI,165.6,cife2026_MATERIAIS.xls
2026,M01,Britas,JUN,165.7,cife2026_MATERIAIS.xls
2026,M01,Britas,JUL,167.0,cife2026_MATERIAIS.xls
2026,M01,Britas,AGO,,cife2026_MATERIAIS.xls
2026,M01,Britas,SET,,cife2026_MATERIAIS.xls
2026,M01,Britas,OUT,,cife2026_MATERIAIS.xls
2026,M01,Britas,NOV,,cife2026_MATERIAIS.xls
2026,M01,Britas,DEZ,,cife2026_MATERIAIS.xls
2026,M02,Areias,JAN,116.7,cife2026_MATERIAIS.xls
2026,M02,Areias,FEV,116.9,cife2026_MATERIAIS.xls
2026,M02,Areias,MAR,117.0,cife2026_MATERIAIS.xls
2026,M02,Areias,ABR,119.6,cife2026_MATERIAIS.xls
2026,M02,Areias,MAI,119.7,cife2026_MATERIAIS.xls
2026,M02,Areias,JUN,119.7,cife2026_MATERIAIS.xls
2026,M02,Areias,JUL,119.9,cife2026_MATERIAIS.xls
2026,M02,Areias,AGO,,cife2026_MATERIAIS.xls
2026,M02,Areias,SET,,cife2026_MATERIAIS.xls
2026,M02,Areias,OUT,,cife2026_MATERIAIS.xls
2026,M02,Areias,NOV,,cife2026_MATERIAIS.xls
2026,M02,Areias,DEZ,,cife2026_MATERIAIS.xls
2026,M03,Inertes,JAN,144.6,cife2026_MATERIAIS.xls
2026,M03,Inertes,FEV,145.4,cife2026_MATERIAIS.xls
2026,M03,Inertes,MAR,145.6,cife2026_MATERIAIS.xls
2026,M03,Inertes,ABR,147.8,cife2026_MATERIAIS.xls
2026,M03,Inertes,MAI,148.9,cife2026_MATERIAIS.xls
2026,M03,Inertes,JUN,148.9,cife2026_MATERIAIS.xls
2026,M03,Inertes,JUL,149.7,cife2026_MATERIAIS.xls
2026,M03,Inertes,AGO,,cife2026_MATERIAIS.xls
2026,M03,Inertes,SET,,cife2026_MATERIAIS.xls
2026,M03,Inertes,OUT,,cife2026_MATERIAIS.xls
2026,M03,Inertes,NOV,,cife2026_MATERIAIS.xls
2026,M03,Inertes,DEZ,,cife2026_MATERIAIS.xls
2026,M04,Ladrilhos de calcário e granito,JAN,117.8,cife2026_MATERIAIS.xls
2026,M04,Ladrilhos de calcário e granito,FEV,117.8,cife2026_MATERIAIS.xls
2026,M04,Ladrilhos de calcário e granito,MAR,116.8,cife2026_MATERIAIS.xls
2026,M04,Ladrilhos de calcário e granito,ABR,117.3,cife2026_MATERIAIS.xls
2026,M04,Ladrilhos de calcário e granito,MAI,117.3,cife2026_MATERIAIS.xls
2026,M04,Ladrilhos de calcário e granito,JUN,117.3,cife2026_MATERIAIS.xls
2026,M04,Ladrilhos de calcário e granito,JUL,117.3,cife2026_MATERIAIS.xls
2026,M04,Ladrilhos de calcário e granito,AGO,,cife2026_MATERIAIS.xls
2026,M04,Ladrilhos de calcário e granito,SET,,cife2026_MATERIAIS.xls
2026,M04,Ladrilhos de calcário e granito,OUT,,cife2026_MATERIAIS.xls
2026,M04,Ladrilhos de calcário e granito,NOV,,cife2026_MATERIAIS.xls
2026,M04,Ladrilhos de calcário e granito,DEZ,,cife2026_MATERIAIS.xls
2026,M05,Cantarias de calcário e granito,JAN,139.6,cife2026_MATERIAIS.xls
2026,M05,Cantarias de calcário e granito,FEV,139.6,cife2026_MATERIAIS.xls
2026,M05,Cantarias de calcário e granito,MAR,139.7,cife2026_MATERIAIS.xls
2026,M05,Cantarias de calcário e granito,ABR,139.7,cife2026_MATERIAIS.xls
2026,M05,Cantarias de calcário e granito,MAI,139.7,cife2026_MATERIAIS.xls
2026,M05,Cantarias de calcário e granito,JUN,139.7,cife2026_MATERIAIS.xls
2026,M05,Cantarias de calcário e granito,JUL,139.7,cife2026_MATERIAIS.xls
2026,M05,Cantarias de calcário e granito,AGO,,cife2026_MATERIAIS.xls
2026,M05,Cantarias de calcário e granito,SET,,cife2026_MATERIAIS.xls
2026,M05,Cantarias de calcário e granito,OUT,,cife2026_MATERIAIS.xls
2026,M05,Cantarias de calcário e granito,NOV,,cife2026_MATERIAIS.xls
2026,M05,Cantarias de calcário e granito,DEZ,,cife2026_MATERIAIS.xls
2026,M06,Ladr. e cant. de calcário e granito,JAN,119.4,cife2026_MATERIAIS.xls
2026,M06,Ladr. e cant. de calcário e granito,FEV,119.4,cife2026_MATERIAIS.xls
2026,M06,Ladr. e cant. de calcário e granito,MAR,118.7,cife2026_MATERIAIS.xls
2026,M06,Ladr. e cant. de calcário e granito,ABR,119.1,cife2026_MATERIAIS.xls
2026,M06,Ladr. e cant. de calcário e granito,MAI,119.1,cife2026_MATERIAIS.xls
2026,M06,Ladr. e cant. de calcário e granito,JUN,119.1,cife2026_MATERIAIS.xls
2026,M06,Ladr. e cant. de calcário e granito,JUL,119.1,cife2026_MATERIAIS.xls
2026,M06,Ladr. e cant. de calcário e granito,AGO,,cife2026_MATERIAIS.xls
2026,M06,Ladr. e cant. de calcário e granito,SET,,cife2026_MATERIAIS.xls
2026,M06,Ladr. e cant. de calcário e granito,OUT,,cife2026_MATERIAIS.xls
2026,M06,Ladr. e cant. de calcário e granito,NOV,,cife2026_MATERIAIS.xls
2026,M06,Ladr. e cant. de calcário e granito,DEZ,,cife2026_MATERIAIS.xls
2026,M07,Telhas cerâmicas,JAN,225.4,cife2026_MATERIAIS.xls
2026,M07,Telhas cerâmicas,FEV,227.9,cife2026_MATERIAIS.xls
2026,M07,Telhas cerâmicas,MAR,233.3,cife2026_MATERIAIS.xls
2026,M07,Telhas cerâmicas,ABR,232.9,cife2026_MATERIAIS.xls
2026,M07,Telhas cerâmicas,MAI,233.7,cife2026_MATERIAIS.xls
2026,M07,Telhas cerâmicas,JUN,233.6,cife2026_MATERIAIS.xls
2026,M07,Telhas cerâmicas,JUL,247.1,cife2026_MATERIAIS.xls
2026,M07,Telhas cerâmicas,AGO,,cife2026_MATERIAIS.xls
2026,M07,Telhas cerâmicas,SET,,cife2026_MATERIAIS.xls
2026,M07,Telhas cerâmicas,OUT,,cife2026_MATERIAIS.xls
2026,M07,Telhas cerâmicas,NOV,,cife2026_MATERIAIS.xls
2026,M07,Telhas cerâmicas,DEZ,,cife2026_MATERIAIS.xls
2026,M08,Tijolos cerâmicos,JAN,128.7,cife2026_MATERIAIS.xls
2026,M08,Tijolos cerâmicos,FEV,131.5,cife2026_MATERIAIS.xls
2026,M08,Tijolos cerâmicos,MAR,132.6,cife2026_MATERIAIS.xls
2026,M08,Tijolos cerâmicos,ABR,134.3,cife2026_MATERIAIS.xls
2026,M08,Tijolos cerâmicos,MAI,133.5,cife2026_MATERIAIS.xls
2026,M08,Tijolos cerâmicos,JUN,140.9,cife2026_MATERIAIS.xls
2026,M08,Tijolos cerâmicos,JUL,140.2,cife2026_MATERIAIS.xls
2026,M08,Tijolos cerâmicos,AGO,,cife2026_MATERIAIS.xls
2026,M08,Tijolos cerâmicos,SET,,cife2026_MATERIAIS.xls
2026,M08,Tijolos cerâmicos,OUT,,cife2026_MATERIAIS.xls
2026,M08,Tijolos cerâmicos,NOV,,cife2026_MATERIAIS.xls
2026,M08,Tijolos cerâmicos,DEZ,,cife2026_MATERIAIS.xls
2026,M09,Produtos Cerâmicos Vermelhos,JAN,143.9,cife2026_MATERIAIS.xls
2026,M09,Produtos Cerâmicos Vermelhos,FEV,146.6,cife2026_MATERIAIS.xls
2026,M09,Produtos Cerâmicos Vermelhos,MAR,148.3,cife2026_MATERIAIS.xls
2026,M09,Produtos Cerâmicos Vermelhos,ABR,149.8,cife2026_MATERIAIS.xls
2026,M09,Produtos Cerâmicos Vermelhos,MAI,149.2,cife2026_MATERIAIS.xls
2026,M09,Produtos Cerâmicos Vermelhos,JUN,155.8,cife2026_MATERIAIS.xls
2026,M09,Produtos Cerâmicos Vermelhos,JUL,156.9,cife2026_MATERIAIS.xls
2026,M09,Produtos Cerâmicos Vermelhos,AGO,,cife2026_MATERIAIS.xls
2026,M09,Produtos Cerâmicos Vermelhos,SET,,cife2026_MATERIAIS.xls
2026,M09,Produtos Cerâmicos Vermelhos,OUT,,cife2026_MATERIAIS.xls
2026,M09,Produtos Cerâmicos Vermelhos,NOV,,cife2026_MATERIAIS.xls
2026,M09,Produtos Cerâmicos Vermelhos,DEZ,,cife2026_MATERIAIS.xls
2026,M10,Azulejos e Mosaicos,JAN,130.9,cife2026_MATERIAIS.xls
2026,M10,Azulejos e Mosaicos,FEV,133.2,cife2026_MATERIAIS.xls
2026,M10,Azulejos e Mosaicos,MAR,129.2,cife2026_MATERIAIS.xls
2026,M10,Azulejos e Mosaicos,ABR,133.5,cife2026_MATERIAIS.xls
2026,M10,Azulejos e Mosaicos,MAI,132.4,cife2026_MATERIAIS.xls
2026,M10,Azulejos e Mosaicos,JUN,134.1,cife2026_MATERIAIS.xls
2026,M10,Azulejos e Mosaicos,JUL,133.3,cife2026_MATERIAIS.xls
2026,M10,Azulejos e Mosaicos,AGO,,cife2026_MATERIAIS.xls
2026,M10,Azulejos e Mosaicos,SET,,cife2026_MATERIAIS.xls
2026,M10,Azulejos e Mosaicos,OUT,,cife2026_MATERIAIS.xls
2026,M10,Azulejos e Mosaicos,NOV,,cife2026_MATERIAIS.xls
2026,M10,Azulejos e Mosaicos,DEZ,,cife2026_MATERIAIS.xls
2026,M12,Aço em Varão e Perfilados,JAN,345.6,cife2026_MATERIAIS.xls
2026,M12,Aço em Varão e Perfilados,FEV,348.0,cife2026_MATERIAIS.xls
2026,M12,Aço em Varão e Perfilados,MAR,356.0,cife2026_MATERIAIS.xls
2026,M12,Aço em Varão e Perfilados,ABR,373.0,cife2026_MATERIAIS.xls
2026,M12,Aço em Varão e Perfilados,MAI,374.8,cife2026_MATERIAIS.xls
2026,M12,Aço em Varão e Perfilados,JUN,378.3,cife2026_MATERIAIS.xls
2026,M12,Aço em Varão e Perfilados,JUL,379.7,cife2026_MATERIAIS.xls
2026,M12,Aço em Varão e Perfilados,AGO,,cife2026_MATERIAIS.xls
2026,M12,Aço em Varão e Perfilados,SET,,cife2026_MATERIAIS.xls
2026,M12,Aço em Varão e Perfilados,OUT,,cife2026_MATERIAIS.xls
2026,M12,Aço em Varão e Perfilados,NOV,,cife2026_MATERIAIS.xls
2026,M12,Aço em Varão e Perfilados,DEZ,,cife2026_MATERIAIS.xls
2026,M13,Chapa de Aço Macio,JAN,176.8,cife2026_MATERIAIS.xls
2026,M13,Chapa de Aço Macio,FEV,179.8,cife2026_MATERIAIS.xls
2026,M13,Chapa de Aço Macio,MAR,183.0,cife2026_MATERIAIS.xls
2026,M13,Chapa de Aço Macio,ABR,190.7,cife2026_MATERIAIS.xls
2026,M13,Chapa de Aço Macio,MAI,197.7,cife2026_MATERIAIS.xls
2026,M13,Chapa de Aço Macio,JUN,197.5,cife2026_MATERIAIS.xls
2026,M13,Chapa de Aço Macio,JUL,192.9,cife2026_MATERIAIS.xls
2026,M13,Chapa de Aço Macio,AGO,,cife2026_MATERIAIS.xls
2026,M13,Chapa de Aço Macio,SET,,cife2026_MATERIAIS.xls
2026,M13,Chapa de Aço Macio,OUT,,cife2026_MATERIAIS.xls
2026,M13,Chapa de Aço Macio,NOV,,cife2026_MATERIAIS.xls
2026,M13,Chapa de Aço Macio,DEZ,,cife2026_MATERIAIS.xls
2026,M14,Rede electrossoldada,JAN,178.9,cife2026_MATERIAIS.xls
2026,M14,Rede electrossoldada,FEV,179.8,cife2026_MATERIAIS.xls
2026,M14,Rede electrossoldada,MAR,186.6,cife2026_MATERIAIS.xls
2026,M14,Rede electrossoldada,ABR,190.3,cife2026_MATERIAIS.xls
2026,M14,Rede electrossoldada,MAI,194.4,cife2026_MATERIAIS.xls
2026,M14,Rede electrossoldada,JUN,195.9,cife2026_MATERIAIS.xls
2026,M14,Rede electrossoldada,JUL,195.1,cife2026_MATERIAIS.xls
2026,M14,Rede electrossoldada,AGO,,cife2026_MATERIAIS.xls
2026,M14,Rede electrossoldada,SET,,cife2026_MATERIAIS.xls
2026,M14,Rede electrossoldada,OUT,,cife2026_MATERIAIS.xls
2026,M14,Rede electrossoldada,NOV,,cife2026_MATERIAIS.xls
2026,M14,Rede electrossoldada,DEZ,,cife2026_MATERIAIS.xls
2026,M15,Chapa de aço galvanizada,JAN,167.4,cife2026_MATERIAIS.xls
2026,M15,Chapa de aço galvanizada,FEV,167.5,cife2026_MATERIAIS.xls
2026,M15,Chapa de aço galvanizada,MAR,174.2,cife2026_MATERIAIS.xls
2026,M15,Chapa de aço galvanizada,ABR,175.2,cife2026_MATERIAIS.xls
2026,M15,Chapa de aço galvanizada,MAI,180.5,cife2026_MATERIAIS.xls
2026,M15,Chapa de aço galvanizada,JUN,178.6,cife2026_MATERIAIS.xls
2026,M15,Chapa de aço galvanizada,JUL,178.4,cife2026_MATERIAIS.xls
2026,M15,Chapa de aço galvanizada,AGO,,cife2026_MATERIAIS.xls
2026,M15,Chapa de aço galvanizada,SET,,cife2026_MATERIAIS.xls
2026,M15,Chapa de aço galvanizada,OUT,,cife2026_MATERIAIS.xls
2026,M15,Chapa de aço galvanizada,NOV,,cife2026_MATERIAIS.xls
2026,M15,Chapa de aço galvanizada,DEZ,,cife2026_MATERIAIS.xls
2026,M16,Fio de Cobre Nu,JAN,366.5,cife2026_MATERIAIS.xls
2026,M16,Fio de Cobre Nu,FEV,378.8,cife2026_MATERIAIS.xls
2026,M16,Fio de Cobre Nu,MAR,388.6,cife2026_MATERIAIS.xls
2026,M16,Fio de Cobre Nu,ABR,392.3,cife2026_MATERIAIS.xls
2026,M16,Fio de Cobre Nu,MAI,408.1,cife2026_MATERIAIS.xls
2026,M16,Fio de Cobre Nu,JUN,414.5,cife2026_MATERIAIS.xls
2026,M16,Fio de Cobre Nu,JUL,417.0,cife2026_MATERIAIS.xls
2026,M16,Fio de Cobre Nu,AGO,,cife2026_MATERIAIS.xls
2026,M16,Fio de Cobre Nu,SET,,cife2026_MATERIAIS.xls
2026,M16,Fio de Cobre Nu,OUT,,cife2026_MATERIAIS.xls
2026,M16,Fio de Cobre Nu,NOV,,cife2026_MATERIAIS.xls
2026,M16,Fio de Cobre Nu,DEZ,,cife2026_MATERIAIS.xls
2026,M17,Fio de cobre revestido,JAN,365.7,cife2026_MATERIAIS.xls
2026,M17,Fio de cobre revestido,FEV,378.0,cife2026_MATERIAIS.xls
2026,M17,Fio de cobre revestido,MAR,387.8,cife2026_MATERIAIS.xls
2026,M17,Fio de cobre revestido,ABR,391.5,cife2026_MATERIAIS.xls
2026,M17,Fio de cobre revestido,MAI,407.3,cife2026_MATERIAIS.xls
2026,M17,Fio de cobre revestido,JUN,413.7,cife2026_MATERIAIS.xls
2026,M17,Fio de cobre revestido,JUL,416.2,cife2026_MATERIAIS.xls
2026,M17,Fio de cobre revestido,AGO,,cife2026_MATERIAIS.xls
2026,M17,Fio de cobre revestido,SET,,cife2026_MATERIAIS.xls
2026,M17,Fio de cobre revestido,OUT,,cife2026_MATERIAIS.xls
2026,M17,Fio de cobre revestido,NOV,,cife2026_MATERIAIS.xls
2026,M17,Fio de cobre revestido,DEZ,,cife2026_MATERIAIS.xls
2026,M18,Betumes a Granel,JAN,482.0,cife2026_MATERIAIS.xls
2026,M18,Betumes a Granel,FEV,503.7,cife2026_MATERIAIS.xls
2026,M18,Betumes a Granel,MAR,522.4,cife2026_MATERIAIS.xls
2026,M18,Betumes a Granel,ABR,639.2,cife2026_MATERIAIS.xls
2026,M18,Betumes a Granel,MAI,715.7,cife2026_MATERIAIS.xls
2026,M18,Betumes a Granel,JUN,728.1,cife2026_MATERIAIS.xls
2026,M18,Betumes a Granel,JUL,646.9,cife2026_MATERIAIS.xls
2026,M18,Betumes a Granel,AGO,,cife2026_MATERIAIS.xls
2026,M18,Betumes a Granel,SET,,cife2026_MATERIAIS.xls
2026,M18,Betumes a Granel,OUT,,cife2026_MATERIAIS.xls
2026,M18,Betumes a Granel,NOV,,cife2026_MATERIAIS.xls
2026,M18,Betumes a Granel,DEZ,,cife2026_MATERIAIS.xls
2026,M19,Betumes em Tambores,JAN,556.4,cife2026_MATERIAIS.xls
2026,M19,Betumes em Tambores,FEV,556.4,cife2026_MATERIAIS.xls
2026,M19,Betumes em Tambores,MAR,556.4,cife2026_MATERIAIS.xls
2026,M19,Betumes em Tambores,ABR,556.4,cife2026_MATERIAIS.xls
2026,M19,Betumes em Tambores,MAI,556.4,cife2026_MATERIAIS.xls
2026,M19,Betumes em Tambores,JUN,556.4,cife2026_MATERIAIS.xls
2026,M19,Betumes em Tambores,JUL,556.4,cife2026_MATERIAIS.xls
2026,M19,Betumes em Tambores,AGO,,cife2026_MATERIAIS.xls
2026,M19,Betumes em Tambores,SET,,cife2026_MATERIAIS.xls
2026,M19,Betumes em Tambores,OUT,,cife2026_MATERIAIS.xls
2026,M19,Betumes em Tambores,NOV,,cife2026_MATERIAIS.xls
2026,M19,Betumes em Tambores,DEZ,,cife2026_MATERIAIS.xls
2026,M20,Cimento em saco,JAN,269.7,cife2026_MATERIAIS.xls
2026,M20,Cimento em saco,FEV,270.8,cife2026_MATERIAIS.xls
2026,M20,Cimento em saco,MAR,271.0,cife2026_MATERIAIS.xls
2026,M20,Cimento em saco,ABR,276.0,cife2026_MATERIAIS.xls
2026,M20,Cimento em saco,MAI,278.7,cife2026_MATERIAIS.xls
2026,M20,Cimento em saco,JUN,278.5,cife2026_MATERIAIS.xls
2026,M20,Cimento em saco,JUL,278.3,cife2026_MATERIAIS.xls
2026,M20,Cimento em saco,AGO,,cife2026_MATERIAIS.xls
2026,M20,Cimento em saco,SET,,cife2026_MATERIAIS.xls
2026,M20,Cimento em saco,OUT,,cife2026_MATERIAIS.xls
2026,M20,Cimento em saco,NOV,,cife2026_MATERIAIS.xls
2026,M20,Cimento em saco,DEZ,,cife2026_MATERIAIS.xls
2026,M21,Explosivos,JAN,230.0,cife2026_MATERIAIS.xls
2026,M21,Explosivos,FEV,230.5,cife2026_MATERIAIS.xls
2026,M21,Explosivos,MAR,235.0,cife2026_MATERIAIS.xls
2026,M21,Explosivos,ABR,235.1,cife2026_MATERIAIS.xls
2026,M21,Explosivos,MAI,239.3,cife2026_MATERIAIS.xls
2026,M21,Explosivos,JUN,241.3,cife2026_MATERIAIS.xls
2026,M21,Explosivos,JUL,242.6,cife2026_MATERIAIS.xls
2026,M21,Explosivos,AGO,,cife2026_MATERIAIS.xls
2026,M21,Explosivos,SET,,cife2026_MATERIAIS.xls
2026,M21,Explosivos,OUT,,cife2026_MATERIAIS.xls
2026,M21,Explosivos,NOV,,cife2026_MATERIAIS.xls
2026,M21,Explosivos,DEZ,,cife2026_MATERIAIS.xls
2026,M22,Gasóleo,JAN,334.0,cife2026_MATERIAIS.xls
2026,M22,Gasóleo,FEV,341.8,cife2026_MATERIAIS.xls
2026,M22,Gasóleo,MAR,397.7,cife2026_MATERIAIS.xls
2026,M22,Gasóleo,ABR,433.9,cife2026_MATERIAIS.xls
2026,M22,Gasóleo,MAI,418.5,cife2026_MATERIAIS.xls
2026,M22,Gasóleo,JUN,391.6,cife2026_MATERIAIS.xls
2026,M22,Gasóleo,JUL,400.2,cife2026_MATERIAIS.xls
2026,M22,Gasóleo,AGO,,cife2026_MATERIAIS.xls
2026,M22,Gasóleo,SET,,cife2026_MATERIAIS.xls
2026,M22,Gasóleo,OUT,,cife2026_MATERIAIS.xls
2026,M22,Gasóleo,NOV,,cife2026_MATERIAIS.xls
2026,M22,Gasóleo,DEZ,,cife2026_MATERIAIS.xls
2026,M23,Vidro,JAN,140.1,cife2026_MATERIAIS.xls
2026,M23,Vidro,FEV,140.0,cife2026_MATERIAIS.xls
2026,M23,Vidro,MAR,142.4,cife2026_MATERIAIS.xls
2026,M23,Vidro,ABR,144.6,cife2026_MATERIAIS.xls
2026,M23,Vidro,MAI,146.4,cife2026_MATERIAIS.xls
2026,M23,Vidro,JUN,146.8,cife2026_MATERIAIS.xls
2026,M23,Vidro,JUL,146.6,cife2026_MATERIAIS.xls
2026,M23,Vidro,AGO,,cife2026_MATERIAIS.xls
2026,M23,Vidro,SET,,cife2026_MATERIAIS.xls
2026,M23,Vidro,OUT,,cife2026_MATERIAIS.xls
2026,M23,Vidro,NOV,,cife2026_MATERIAIS.xls
2026,M23,Vidro,DEZ,,cife2026_MATERIAIS.xls
2026,M24,Madeiras de Pinho,JAN,279.8,cife2026_MATERIAIS.xls
2026,M24,Madeiras de Pinho,FEV,278.8,cife2026_MATERIAIS.xls
2026,M24,Madeiras de Pinho,MAR,279.6,cife2026_MATERIAIS.xls
2026,M24,Madeiras de Pinho,ABR,281.0,cife2026_MATERIAIS.xls
2026,M24,Madeiras de Pinho,MAI,281.5,cife2026_MATERIAIS.xls
2026,M24,Madeiras de Pinho,JUN,281.1,cife2026_MATERIAIS.xls
2026,M24,Madeiras de Pinho,JUL,284.2,cife2026_MATERIAIS.xls
2026,M24,Madeiras de Pinho,AGO,,cife2026_MATERIAIS.xls
2026,M24,Madeiras de Pinho,SET,,cife2026_MATERIAIS.xls
2026,M24,Madeiras de Pinho,OUT,,cife2026_MATERIAIS.xls
2026,M24,Madeiras de Pinho,NOV,,cife2026_MATERIAIS.xls
2026,M24,Madeiras de Pinho,DEZ,,cife2026_MATERIAIS.xls
2026,M25,Madeiras Especiais ou Exóticas,JAN,207.6,cife2026_MATERIAIS.xls
2026,M25,Madeiras Especiais ou Exóticas,FEV,218.6,cife2026_MATERIAIS.xls
2026,M25,Madeiras Especiais ou Exóticas,MAR,218.7,cife2026_MATERIAIS.xls
2026,M25,Madeiras Especiais ou Exóticas,ABR,218.3,cife2026_MATERIAIS.xls
2026,M25,Madeiras Especiais ou Exóticas,MAI,219.6,cife2026_MATERIAIS.xls
2026,M25,Madeiras Especiais ou Exóticas,JUN,220.1,cife2026_MATERIAIS.xls
2026,M25,Madeiras Especiais ou Exóticas,JUL,220.4,cife2026_MATERIAIS.xls
2026,M25,Madeiras Especiais ou Exóticas,AGO,,cife2026_MATERIAIS.xls
2026,M25,Madeiras Especiais ou Exóticas,SET,,cife2026_MATERIAIS.xls
2026,M25,Madeiras Especiais ou Exóticas,OUT,,cife2026_MATERIAIS.xls
2026,M25,Madeiras Especiais ou Exóticas,NOV,,cife2026_MATERIAIS.xls
2026,M25,Madeiras Especiais ou Exóticas,DEZ,,cife2026_MATERIAIS.xls
2026,M26,Derivados de madeira,JAN,203.3,cife2026_MATERIAIS.xls
2026,M26,Derivados de madeira,FEV,201.9,cife2026_MATERIAIS.xls
2026,M26,Derivados de madeira,MAR,205.0,cife2026_MATERIAIS.xls
2026,M26,Derivados de madeira,ABR,207.6,cife2026_MATERIAIS.xls
2026,M26,Derivados de madeira,MAI,209.3,cife2026_MATERIAIS.xls
2026,M26,Derivados de madeira,JUN,208.9,cife2026_MATERIAIS.xls
2026,M26,Derivados de madeira,JUL,210.6,cife2026_MATERIAIS.xls
2026,M26,Derivados de madeira,AGO,,cife2026_MATERIAIS.xls
2026,M26,Derivados de madeira,SET,,cife2026_MATERIAIS.xls
2026,M26,Derivados de madeira,OUT,,cife2026_MATERIAIS.xls
2026,M26,Derivados de madeira,NOV,,cife2026_MATERIAIS.xls
2026,M26,Derivados de madeira,DEZ,,cife2026_MATERIAIS.xls
2026,M27,Aglomerado negro de cortiça,JAN,269.7,cife2026_MATERIAIS.xls
2026,M27,Aglomerado negro de cortiça,FEV,271.4,cife2026_MATERIAIS.xls
2026,M27,Aglomerado negro de cortiça,MAR,276.5,cife2026_MATERIAIS.xls
2026,M27,Aglomerado negro de cortiça,ABR,280.0,cife2026_MATERIAIS.xls
2026,M27,Aglomerado negro de cortiça,MAI,281.1,cife2026_MATERIAIS.xls
2026,M27,Aglomerado negro de cortiça,JUN,282.1,cife2026_MATERIAIS.xls
2026,M27,Aglomerado negro de cortiça,JUL,282.8,cife2026_MATERIAIS.xls
2026,M27,Aglomerado negro de cortiça,AGO,,cife2026_MATERIAIS.xls
2026,M27,Aglomerado negro de cortiça,SET,,cife2026_MATERIAIS.xls
2026,M27,Aglomerado negro de cortiça,OUT,,cife2026_MATERIAIS.xls
2026,M27,Aglomerado negro de cortiça,NOV,,cife2026_MATERIAIS.xls
2026,M27,Aglomerado negro de cortiça,DEZ,,cife2026_MATERIAIS.xls
2026,M28,Ladrilho de cortiça,JAN,191.6,cife2026_MATERIAIS.xls
2026,M28,Ladrilho de cortiça,FEV,190.2,cife2026_MATERIAIS.xls
2026,M28,Ladrilho de cortiça,MAR,191.1,cife2026_MATERIAIS.xls
2026,M28,Ladrilho de cortiça,ABR,191.1,cife2026_MATERIAIS.xls
2026,M28,Ladrilho de cortiça,MAI,191.1,cife2026_MATERIAIS.xls
2026,M28,Ladrilho de cortiça,JUN,191.1,cife2026_MATERIAIS.xls
2026,M28,Ladrilho de cortiça,JUL,192.4,cife2026_MATERIAIS.xls
2026,M28,Ladrilho de cortiça,AGO,,cife2026_MATERIAIS.xls
2026,M28,Ladrilho de cortiça,SET,,cife2026_MATERIAIS.xls
2026,M28,Ladrilho de cortiça,OUT,,cife2026_MATERIAIS.xls
2026,M28,Ladrilho de cortiça,NOV,,cife2026_MATERIAIS.xls
2026,M28,Ladrilho de cortiça,DEZ,,cife2026_MATERIAIS.xls
2026,M29,Tintas para construção civil,JAN,470.5,cife2026_MATERIAIS.xls
2026,M29,Tintas para construção civil,FEV,478.3,cife2026_MATERIAIS.xls
2026,M29,Tintas para construção civil,MAR,479.3,cife2026_MATERIAIS.xls
2026,M29,Tintas para construção civil,ABR,479.4,cife2026_MATERIAIS.xls
2026,M29,Tintas para construção civil,MAI,480.6,cife2026_MATERIAIS.xls
2026,M29,Tintas para construção civil,JUN,480.5,cife2026_MATERIAIS.xls
2026,M29,Tintas para construção civil,JUL,489.2,cife2026_MATERIAIS.xls
2026,M29,Tintas para construção civil,AGO,,cife2026_MATERIAIS.xls
2026,M29,Tintas para construção civil,SET,,cife2026_MATERIAIS.xls
2026,M29,Tintas para construção civil,OUT,,cife2026_MATERIAIS.xls
2026,M29,Tintas para construção civil,NOV,,cife2026_MATERIAIS.xls
2026,M29,Tintas para construção civil,DEZ,,cife2026_MATERIAIS.xls
2026,M30,Tintas para estradas,JAN,334.4,cife2026_MATERIAIS.xls
2026,M30,Tintas para estradas,FEV,335.3,cife2026_MATERIAIS.xls
2026,M30,Tintas para estradas,MAR,342.1,cife2026_MATERIAIS.xls
2026,M30,Tintas para estradas,ABR,341.3,cife2026_MATERIAIS.xls
2026,M30,Tintas para estradas,MAI,339.9,cife2026_MATERIAIS.xls
2026,M30,Tintas para estradas,JUN,344.3,cife2026_MATERIAIS.xls
2026,M30,Tintas para estradas,JUL,352.2,cife2026_MATERIAIS.xls
2026,M30,Tintas para estradas,AGO,,cife2026_MATERIAIS.xls
2026,M30,Tintas para estradas,SET,,cife2026_MATERIAIS.xls
2026,M30,Tintas para estradas,OUT,,cife2026_MATERIAIS.xls
2026,M30,Tintas para estradas,NOV,,cife2026_MATERIAIS.xls
2026,M30,Tintas para estradas,DEZ,,cife2026_MATERIAIS.xls
2026,M31,Membrana betuminosa,JAN,277.0,cife2026_MATERIAIS.xls
2026,M31,Membrana betuminosa,FEV,287.3,cife2026_MATERIAIS.xls
2026,M31,Membrana betuminosa,MAR,283.8,cife2026_MATERIAIS.xls
2026,M31,Membrana betuminosa,ABR,289.5,cife2026_MATERIAIS.xls
2026,M31,Membrana betuminosa,MAI,300.4,cife2026_MATERIAIS.xls
2026,M31,Membrana betuminosa,JUN,310.1,cife2026_MATERIAIS.xls
2026,M31,Membrana betuminosa,JUL,310.5,cife2026_MATERIAIS.xls
2026,M31,Membrana betuminosa,AGO,,cife2026_MATERIAIS.xls
2026,M31,Membrana betuminosa,SET,,cife2026_MATERIAIS.xls
2026,M31,Membrana betuminosa,OUT,,cife2026_MATERIAIS.xls
2026,M31,Membrana betuminosa,NOV,,cife2026_MATERIAIS.xls
2026,M31,Membrana betuminosa,DEZ,,cife2026_MATERIAIS.xls
2026,M32,Tubo de PVC,JAN,212.8,cife2026_MATERIAIS.xls
2026,M32,Tubo de PVC,FEV,209.8,cife2026_MATERIAIS.xls
2026,M32,Tubo de PVC,MAR,209.8,cife2026_MATERIAIS.xls
2026,M32,Tubo de PVC,ABR,221.0,cife2026_MATERIAIS.xls
2026,M32,Tubo de PVC,MAI,226.0,cife2026_MATERIAIS.xls
2026,M32,Tubo de PVC,JUN,243.0,cife2026_MATERIAIS.xls
2026,M32,Tubo de PVC,JUL,240.1,cife2026_MATERIAIS.xls
2026,M32,Tubo de PVC,AGO,,cife2026_MATERIAIS.xls
2026,M32,Tubo de PVC,SET,,cife2026_MATERIAIS.xls
2026,M32,Tubo de PVC,OUT,,cife2026_MATERIAIS.xls
2026,M32,Tubo de PVC,NOV,,cife2026_MATERIAIS.xls
2026,M32,Tubo de PVC,DEZ,,cife2026_MATERIAIS.xls
2026,M33,Tubo de PVC p/ instalações elétricas,JAN,467.2,cife2026_MATERIAIS.xls
2026,M33,Tubo de PVC p/ instalações elétricas,FEV,466.5,cife2026_MATERIAIS.xls
2026,M33,Tubo de PVC p/ instalações elétricas,MAR,464.1,cife2026_MATERIAIS.xls
2026,M33,Tubo de PVC p/ instalações elétricas,ABR,470.1,cife2026_MATERIAIS.xls
2026,M33,Tubo de PVC p/ instalações elétricas,MAI,473.1,cife2026_MATERIAIS.xls
2026,M33,Tubo de PVC p/ instalações elétricas,JUN,473.5,cife2026_MATERIAIS.xls
2026,M33,Tubo de PVC p/ instalações elétricas,JUL,472.6,cife2026_MATERIAIS.xls
2026,M33,Tubo de PVC p/ instalações elétricas,AGO,,cife2026_MATERIAIS.xls
2026,M33,Tubo de PVC p/ instalações elétricas,SET,,cife2026_MATERIAIS.xls
2026,M33,Tubo de PVC p/ instalações elétricas,OUT,,cife2026_MATERIAIS.xls
2026,M33,Tubo de PVC p/ instalações elétricas,NOV,,cife2026_MATERIAIS.xls
2026,M33,Tubo de PVC p/ instalações elétricas,DEZ,,cife2026_MATERIAIS.xls
2026,M34,Blocos de betão normal,JAN,165.8,cife2026_MATERIAIS.xls
2026,M34,Blocos de betão normal,FEV,164.9,cife2026_MATERIAIS.xls
2026,M34,Blocos de betão normal,MAR,165.0,cife2026_MATERIAIS.xls
2026,M34,Blocos de betão normal,ABR,166.5,cife2026_MATERIAIS.xls
2026,M34,Blocos de betão normal,MAI,167.0,cife2026_MATERIAIS.xls
2026,M34,Blocos de betão normal,JUN,168.2,cife2026_MATERIAIS.xls
2026,M34,Blocos de betão normal,JUL,166.5,cife2026_MATERIAIS.xls
2026,M34,Blocos de betão normal,AGO,,cife2026_MATERIAIS.xls
2026,M34,Blocos de betão normal,SET,,cife2026_MATERIAIS.xls
2026,M34,Blocos de betão normal,OUT,,cife2026_MATERIAIS.xls
2026,M34,Blocos de betão normal,NOV,,cife2026_MATERIAIS.xls
2026,M34,Blocos de betão normal,DEZ,,cife2026_MATERIAIS.xls
2026,M35,Manilhas de betão,JAN,218.7,cife2026_MATERIAIS.xls
2026,M35,Manilhas de betão,FEV,217.0,cife2026_MATERIAIS.xls
2026,M35,Manilhas de betão,MAR,218.0,cife2026_MATERIAIS.xls
2026,M35,Manilhas de betão,ABR,219.1,cife2026_MATERIAIS.xls
2026,M35,Manilhas de betão,MAI,219.2,cife2026_MATERIAIS.xls
2026,M35,Manilhas de betão,JUN,227.1,cife2026_MATERIAIS.xls
2026,M35,Manilhas de betão,JUL,227.1,cife2026_MATERIAIS.xls
2026,M35,Manilhas de betão,AGO,,cife2026_MATERIAIS.xls
2026,M35,Manilhas de betão,SET,,cife2026_MATERIAIS.xls
2026,M35,Manilhas de betão,OUT,,cife2026_MATERIAIS.xls
2026,M35,Manilhas de betão,NOV,,cife2026_MATERIAIS.xls
2026,M35,Manilhas de betão,DEZ,,cife2026_MATERIAIS.xls
2026,M36,Tubagem de fibrocimento,JAN,157.9,cife2026_MATERIAIS.xls
2026,M36,Tubagem de fibrocimento,FEV,157.9,cife2026_MATERIAIS.xls
2026,M36,Tubagem de fibrocimento,MAR,157.9,cife2026_MATERIAIS.xls
2026,M36,Tubagem de fibrocimento,ABR,157.9,cife2026_MATERIAIS.xls
2026,M36,Tubagem de fibrocimento,MAI,157.9,cife2026_MATERIAIS.xls
2026,M36,Tubagem de fibrocimento,JUN,157.9,cife2026_MATERIAIS.xls
2026,M36,Tubagem de fibrocimento,JUL,157.9,cife2026_MATERIAIS.xls
2026,M36,Tubagem de fibrocimento,AGO,,cife2026_MATERIAIS.xls
2026,M36,Tubagem de fibrocimento,SET,,cife2026_MATERIAIS.xls
2026,M36,Tubagem de fibrocimento,OUT,,cife2026_MATERIAIS.xls
2026,M36,Tubagem de fibrocimento,NOV,,cife2026_MATERIAIS.xls
2026,M36,Tubagem de fibrocimento,DEZ,,cife2026_MATERIAIS.xls
2026,M37,Chapa de fibrocimento (1),JAN,314.3,cife2026_MATERIAIS.xls
2026,M37,Chapa de fibrocimento (1),FEV,314.3,cife2026_MATERIAIS.xls
2026,M37,Chapa de fibrocimento (1),MAR,314.3,cife2026_MATERIAIS.xls
2026,M37,Chapa de fibrocimento (1),ABR,314.3,cife2026_MATERIAIS.xls
2026,M37,Chapa de fibrocimento (1),MAI,314.3,cife2026_MATERIAIS.xls
2026,M37,Chapa de fibrocimento (1),JUN,333.1,cife2026_MATERIAIS.xls
2026,M37,Chapa de fibrocimento (1),JUL,333.1,cife2026_MATERIAIS.xls
2026,M37,Chapa de fibrocimento (1),AGO,,cife2026_MATERIAIS.xls
2026,M37,Chapa de fibrocimento (1),SET,,cife2026_MATERIAIS.xls
2026,M37,Chapa de fibrocimento (1),OUT,,cife2026_MATERIAIS.xls
2026,M37,Chapa de fibrocimento (1),NOV,,cife2026_MATERIAIS.xls
2026,M37,Chapa de fibrocimento (1),DEZ,,cife2026_MATERIAIS.xls
2026,M39,Caixilharias em alumínio anodizado,JAN,178.3,cife2026_MATERIAIS.xls
2026,M39,Caixilharias em alumínio anodizado,FEV,179.6,cife2026_MATERIAIS.xls
2026,M39,Caixilharias em alumínio anodizado,MAR,179.2,cife2026_MATERIAIS.xls
2026,M39,Caixilharias em alumínio anodizado,ABR,184.0,cife2026_MATERIAIS.xls
2026,M39,Caixilharias em alumínio anodizado,MAI,185.3,cife2026_MATERIAIS.xls
2026,M39,Caixilharias em alumínio anodizado,JUN,189.3,cife2026_MATERIAIS.xls
2026,M39,Caixilharias em alumínio anodizado,JUL,193.5,cife2026_MATERIAIS.xls
2026,M39,Caixilharias em alumínio anodizado,AGO,,cife2026_MATERIAIS.xls
2026,M39,Caixilharias em alumínio anodizado,SET,,cife2026_MATERIAIS.xls
2026,M39,Caixilharias em alumínio anodizado,OUT,,cife2026_MATERIAIS.xls
2026,M39,Caixilharias em alumínio anodizado,NOV,,cife2026_MATERIAIS.xls
2026,M39,Caixilharias em alumínio anodizado,DEZ,,cife2026_MATERIAIS.xls
2026,M40,Caixilharias em alumínio termolacado,JAN,151.9,cife2026_MATERIAIS.xls
2026,M40,Caixilharias em alumínio termolacado,FEV,151.9,cife2026_MATERIAIS.xls
2026,M40,Caixilharias em alumínio termolacado,MAR,154.6,cife2026_MATERIAIS.xls
2026,M40,Caixilharias em alumínio termolacado,ABR,162.3,cife2026_MATERIAIS.xls
2026,M40,Caixilharias em alumínio termolacado,MAI,162.3,cife2026_MATERIAIS.xls
2026,M40,Caixilharias em alumínio termolacado,JUN,168.8,cife2026_MATERIAIS.xls
2026,M40,Caixilharias em alumínio termolacado,JUL,170.1,cife2026_MATERIAIS.xls
2026,M40,Caixilharias em alumínio termolacado,AGO,,cife2026_MATERIAIS.xls
2026,M40,Caixilharias em alumínio termolacado,SET,,cife2026_MATERIAIS.xls
2026,M40,Caixilharias em alumínio termolacado,OUT,,cife2026_MATERIAIS.xls
2026,M40,Caixilharias em alumínio termolacado,NOV,,cife2026_MATERIAIS.xls
2026,M40,Caixilharias em alumínio termolacado,DEZ,,cife2026_MATERIAIS.xls
2026,M41,Pavimentos aligeirados de vigotas pré-esforçadas e blocos cerâmicos,JAN,215.8,cife2026_MATERIAIS.xls
2026,M41,Pavimentos aligeirados de vigotas pré-esforçadas e blocos cerâmicos,FEV,217.3,cife2026_MATERIAIS.xls
2026,M41,Pavimentos aligeirados de vigotas pré-esforçadas e blocos cerâmicos,MAR,218.4,cife2026_MATERIAIS.xls
2026,M41,Pavimentos aligeirados de vigotas pré-esforçadas e blocos cerâmicos,ABR,219.8,cife2026_MATERIAIS.xls
2026,M41,Pavimentos aligeirados de vigotas pré-esforçadas e blocos cerâmicos,MAI,221.1,cife2026_MATERIAIS.xls
2026,M41,Pavimentos aligeirados de vigotas pré-esforçadas e blocos cerâmicos,JUN,221.3,cife2026_MATERIAIS.xls
2026,M41,Pavimentos aligeirados de vigotas pré-esforçadas e blocos cerâmicos,JUL,221.4,cife2026_MATERIAIS.xls
2026,M41,Pavimentos aligeirados de vigotas pré-esforçadas e blocos cerâmicos,AGO,,cife2026_MATERIAIS.xls
2026,M41,Pavimentos aligeirados de vigotas pré-esforçadas e blocos cerâmicos,SET,,cife2026_MATERIAIS.xls
2026,M41,Pavimentos aligeirados de vigotas pré-esforçadas e blocos cerâmicos,OUT,,cife2026_MATERIAIS.xls
2026,M41,Pavimentos aligeirados de vigotas pré-esforçadas e blocos cerâmicos,NOV,,cife2026_MATERIAIS.xls
2026,M41,Pavimentos aligeirados de vigotas pré-esforçadas e blocos cerâmicos,DEZ,,cife2026_MATERIAIS.xls
2026,M42,Tubagem de aço e aparelhos para canalizações,JAN,135.1,cife2026_MATERIAIS.xls
2026,M42,Tubagem de aço e aparelhos para canalizações,FEV,135.0,cife2026_MATERIAIS.xls
2026,M42,Tubagem de aço e aparelhos para canalizações,MAR,134.9,cife2026_MATERIAIS.xls
2026,M42,Tubagem de aço e aparelhos para canalizações,ABR,135.3,cife2026_MATERIAIS.xls
2026,M42,Tubagem de aço e aparelhos para canalizações,MAI,135.5,cife2026_MATERIAIS.xls
2026,M42,Tubagem de aço e aparelhos para canalizações,JUN,136.9,cife2026_MATERIAIS.xls
2026,M42,Tubagem de aço e aparelhos para canalizações,JUL,137.0,cife2026_MATERIAIS.xls
2026,M42,Tubagem de aço e aparelhos para canalizações,AGO,,cife2026_MATERIAIS.xls
2026,M42,Tubagem de aço e aparelhos para canalizações,SET,,cife2026_MATERIAIS.xls
2026,M42,Tubagem de aço e aparelhos para canalizações,OUT,,cife2026_MATERIAIS.xls
2026,M42,Tubagem de aço e aparelhos para canalizações,NOV,,cife2026_MATERIAIS.xls
2026,M42,Tubagem de aço e aparelhos para canalizações,DEZ,,cife2026_MATERIAIS.xls
2026,M43,Aço para betão armado,JAN,241.6,cife2026_MATERIAIS.xls
2026,M43,Aço para betão armado,FEV,242.3,cife2026_MATERIAIS.xls
2026,M43,Aço para betão armado,MAR,248.7,cife2026_MATERIAIS.xls
2026,M43,Aço para betão armado,ABR,265.2,cife2026_MATERIAIS.xls
2026,M43,Aço para betão armado,MAI,266.2,cife2026_MATERIAIS.xls
2026,M43,Aço para betão armado,JUN,269.0,cife2026_MATERIAIS.xls
2026,M43,Aço para betão armado,JUL,270.8,cife2026_MATERIAIS.xls
2026,M43,Aço para betão armado,AGO,,cife2026_MATERIAIS.xls
2026,M43,Aço para betão armado,SET,,cife2026_MATERIAIS.xls
2026,M43,Aço para betão armado,OUT,,cife2026_MATERIAIS.xls
2026,M43,Aço para betão armado,NOV,,cife2026_MATERIAIS.xls
2026,M43,Aço para betão armado,DEZ,,cife2026_MATERIAIS.xls
2026,M44,Aço para betão pré-esforçado,JAN,227.0,cife2026_MATERIAIS.xls
2026,M44,Aço para betão pré-esforçado,FEV,227.6,cife2026_MATERIAIS.xls
2026,M44,Aço para betão pré-esforçado,MAR,229.0,cife2026_MATERIAIS.xls
2026,M44,Aço para betão pré-esforçado,ABR,230.5,cife2026_MATERIAIS.xls
2026,M44,Aço para betão pré-esforçado,MAI,230.5,cife2026_MATERIAIS.xls
2026,M44,Aço para betão pré-esforçado,JUN,230.5,cife2026_MATERIAIS.xls
2026,M44,Aço para betão pré-esforçado,JUL,227.7,cife2026_MATERIAIS.xls
2026,M44,Aço para betão pré-esforçado,AGO,,cife2026_MATERIAIS.xls
2026,M44,Aço para betão pré-esforçado,SET,,cife2026_MATERIAIS.xls
2026,M44,Aço para betão pré-esforçado,OUT,,cife2026_MATERIAIS.xls
2026,M44,Aço para betão pré-esforçado,NOV,,cife2026_MATERIAIS.xls
2026,M44,Aço para betão pré-esforçado,DEZ,,cife2026_MATERIAIS.xls
2026,M45,Perfilados pesados e ligeiros,JAN,223.1,cife2026_MATERIAIS.xls
2026,M45,Perfilados pesados e ligeiros,FEV,226.0,cife2026_MATERIAIS.xls
2026,M45,Perfilados pesados e ligeiros,MAR,230.8,cife2026_MATERIAIS.xls
2026,M45,Perfilados pesados e ligeiros,ABR,237.0,cife2026_MATERIAIS.xls
2026,M45,Perfilados pesados e ligeiros,MAI,238.9,cife2026_MATERIAIS.xls
2026,M45,Perfilados pesados e ligeiros,JUN,240.8,cife2026_MATERIAIS.xls
2026,M45,Perfilados pesados e ligeiros,JUL,241.8,cife2026_MATERIAIS.xls
2026,M45,Perfilados pesados e ligeiros,AGO,,cife2026_MATERIAIS.xls
2026,M45,Perfilados pesados e ligeiros,SET,,cife2026_MATERIAIS.xls
2026,M45,Perfilados pesados e ligeiros,OUT,,cife2026_MATERIAIS.xls
2026,M45,Perfilados pesados e ligeiros,NOV,,cife2026_MATERIAIS.xls
2026,M45,Perfilados pesados e ligeiros,DEZ,,cife2026_MATERIAIS.xls
2026,M46,Produtos para instalações elétricas,JAN,233.2,cife2026_MATERIAIS.xls
2026,M46,Produtos para instalações elétricas,FEV,235.1,cife2026_MATERIAIS.xls
2026,M46,Produtos para instalações elétricas,MAR,237.6,cife2026_MATERIAIS.xls
2026,M46,Produtos para instalações elétricas,ABR,238.1,cife2026_MATERIAIS.xls
2026,M46,Produtos para instalações elétricas,MAI,241.4,cife2026_MATERIAIS.xls
2026,M46,Produtos para instalações elétricas,JUN,242.0,cife2026_MATERIAIS.xls
2026,M46,Produtos para instalações elétricas,JUL,242.9,cife2026_MATERIAIS.xls
2026,M46,Produtos para instalações elétricas,AGO,,cife2026_MATERIAIS.xls
2026,M46,Produtos para instalações elétricas,SET,,cife2026_MATERIAIS.xls
2026,M46,Produtos para instalações elétricas,OUT,,cife2026_MATERIAIS.xls
2026,M46,Produtos para instalações elétricas,NOV,,cife2026_MATERIAIS.xls
2026,M46,Produtos para instalações elétricas,DEZ,,cife2026_MATERIAIS.xls
2026,M47,Produtos pré-fabricados de betão,JAN,149.9,cife2026_MATERIAIS.xls
2026,M47,Produtos pré-fabricados de betão,FEV,149.1,cife2026_MATERIAIS.xls
2026,M47,Produtos pré-fabricados de betão,MAR,149.4,cife2026_MATERIAIS.xls
2026,M47,Produtos pré-fabricados de betão,ABR,150.5,cife2026_MATERIAIS.xls
2026,M47,Produtos pré-fabricados de betão,MAI,150.7,cife2026_MATERIAIS.xls
2026,M47,Produtos pré-fabricados de betão,JUN,152.1,cife2026_MATERIAIS.xls
2026,M47,Produtos pré-fabricados de betão,JUL,152.2,cife2026_MATERIAIS.xls
2026,M47,Produtos pré-fabricados de betão,AGO,,cife2026_MATERIAIS.xls
2026,M47,Produtos pré-fabricados de betão,SET,,cife2026_MATERIAIS.xls
2026,M47,Produtos pré-fabricados de betão,OUT,,cife2026_MATERIAIS.xls
2026,M47,Produtos pré-fabricados de betão,NOV,,cife2026_MATERIAIS.xls
2026,M47,Produtos pré-fabricados de betão,DEZ,,cife2026_MATERIAIS.xls
2026,M48,Produtos para ajardinamentos,JAN,138.6,cife2026_MATERIAIS.xls
2026,M48,Produtos para ajardinamentos,FEV,138.3,cife2026_MATERIAIS.xls
2026,M48,Produtos para ajardinamentos,MAR,138.5,cife2026_MATERIAIS.xls
2026,M48,Produtos para ajardinamentos,ABR,139.3,cife2026_MATERIAIS.xls
2026,M48,Produtos para ajardinamentos,MAI,142.2,cife2026_MATERIAIS.xls
2026,M48,Produtos para ajardinamentos,JUN,143.4,cife2026_MATERIAIS.xls
2026,M48,Produtos para ajardinamentos,JUL,144.0,cife2026_MATERIAIS.xls
2026,M48,Produtos para ajardinamentos,AGO,,cife2026_MATERIAIS.xls
2026,M48,Produtos para ajardinamentos,SET,,cife2026_MATERIAIS.xls
2026,M48,Produtos para ajardinamentos,OUT,,cife2026_MATERIAIS.xls
2026,M48,Produtos para ajardinamentos,NOV,,cife2026_MATERIAIS.xls
2026,M48,Produtos para ajardinamentos,DEZ,,cife2026_MATERIAIS.xls
2026,M49,Geotêxteis,JAN,123.7,cife2026_MATERIAIS.xls
2026,M49,Geotêxteis,FEV,124.0,cife2026_MATERIAIS.xls
2026,M49,Geotêxteis,MAR,125.1,cife2026_MATERIAIS.xls
2026,M49,Geotêxteis,ABR,126.6,cife2026_MATERIAIS.xls
2026,M49,Geotêxteis,MAI,125.1,cife2026_MATERIAIS.xls
2026,M49,Geotêxteis,JUN,127.9,cife2026_MATERIAIS.xls
2026,M49,Geotêxteis,JUL,126.8,cife2026_MATERIAIS.xls
2026,M49,Geotêxteis,AGO,,cife2026_MATERIAIS.xls
2026,M49,Geotêxteis,SET,,cife2026_MATERIAIS.xls
2026,M49,Geotêxteis,OUT,,cife2026_MATERIAIS.xls
2026,M49,Geotêxteis,NOV,,cife2026_MATERIAIS.xls
2026,M49,Geotêxteis,DEZ,,cife2026_MATERIAIS.xls
2026,M50,Tubos e Acessórios de Ferro Fundido e Aço,JAN,209.5,cife2026_MATERIAIS.xls
2026,M50,Tubos e Acessórios de Ferro Fundido e Aço,FEV,207.4,cife2026_MATERIAIS.xls
2026,M50,Tubos e Acessórios de Ferro Fundido e Aço,MAR,208.7,cife2026_MATERIAIS.xls
2026,M50,Tubos e Acessórios de Ferro Fundido e Aço,ABR,206.4,cife2026_MATERIAIS.xls
2026,M50,Tubos e Acessórios de Ferro Fundido e Aço,MAI,206.7,cife2026_MATERIAIS.xls
2026,M50,Tubos e Acessórios de Ferro Fundido e Aço,JUN,214.0,cife2026_MATERIAIS.xls
2026,M50,Tubos e Acessórios de Ferro Fundido e Aço,JUL,213.7,cife2026_MATERIAIS.xls
2026,M50,Tubos e Acessórios de Ferro Fundido e Aço,AGO,,cife2026_MATERIAIS.xls
2026,M50,Tubos e Acessórios de Ferro Fundido e Aço,SET,,cife2026_MATERIAIS.xls
2026,M50,Tubos e Acessórios de Ferro Fundido e Aço,OUT,,cife2026_MATERIAIS.xls
2026,M50,Tubos e Acessórios de Ferro Fundido e Aço,NOV,,cife2026_MATERIAIS.xls
2026,M50,Tubos e Acessórios de Ferro Fundido e Aço,DEZ,,cife2026_MATERIAIS.xls
2026,M51,Tintas para Construções Metálicas,JAN,166.5,cife2026_MATERIAIS.xls
2026,M51,Tintas para Construções Metálicas,FEV,171.8,cife2026_MATERIAIS.xls
2026,M51,Tintas para Construções Metálicas,MAR,170.9,cife2026_MATERIAIS.xls
2026,M51,Tintas para Construções Metálicas,ABR,171.2,cife2026_MATERIAIS.xls
2026,M51,Tintas para Construções Metálicas,MAI,173.0,cife2026_MATERIAIS.xls
2026,M51,Tintas para Construções Metálicas,JUN,175.3,cife2026_MATERIAIS.xls
2026,M51,Tintas para Construções Metálicas,JUL,181.3,cife2026_MATERIAIS.xls
2026,M51,Tintas para Construções Metálicas,AGO,,cife2026_MATERIAIS.xls
2026,M51,Tintas para Construções Metálicas,SET,,cife2026_MATERIAIS.xls
2026,M51,Tintas para Construções Metálicas,OUT,,cife2026_MATERIAIS.xls
2026,M51,Tintas para Construções Metálicas,NOV,,cife2026_MATERIAIS.xls
2026,M51,Tintas para Construções Metálicas,DEZ,,cife2026_MATERIAIS.xls
2026,M52,Redes e equipamentos de média e alta tensão,JAN,114.7,cife2026_MATERIAIS.xls
2026,M52,Redes e equipamentos de média e alta tensão,FEV,115.2,cife2026_MATERIAIS.xls
2026,M52,Redes e equipamentos de média e alta tensão,MAR,115.2,cife2026_MATERIAIS.xls
2026,M52,Redes e equipamentos de média e alta tensão,ABR,116.9,cife2026_MATERIAIS.xls
2026,M52,Redes e equipamentos de média e alta tensão,MAI,117.4,cife2026_MATERIAIS.xls
2026,M52,Redes e equipamentos de média e alta tensão,JUN,118.8,cife2026_MATERIAIS.xls
2026,M52,Redes e equipamentos de média e alta tensão,JUL,121.8,cife2026_MATERIAIS.xls
2026,M52,Redes e equipamentos de média e alta tensão,AGO,,cife2026_MATERIAIS.xls
2026,M52,Redes e equipamentos de média e alta tensão,SET,,cife2026_MATERIAIS.xls
2026,M52,Redes e equipamentos de média e alta tensão,OUT,,cife2026_MATERIAIS.xls
2026,M52,Redes e equipamentos de média e alta tensão,NOV,,cife2026_MATERIAIS.xls
2026,M52,Redes e equipamentos de média e alta tensão,DEZ,,cife2026_MATERIAIS.xls
2026,M53,Tubagem e acessórios para redes prediais de distribuição de água,JAN,142.4,cife2026_MATERIAIS.xls
2026,M53,Tubagem e acessórios para redes prediais de distribuição de água,FEV,142.9,cife2026_MATERIAIS.xls
2026,M53,Tubagem e acessórios para redes prediais de distribuição de água,MAR,142.0,cife2026_MATERIAIS.xls
2026,M53,Tubagem e acessórios para redes prediais de distribuição de água,ABR,147.5,cife2026_MATERIAIS.xls
2026,M53,Tubagem e acessórios para redes prediais de distribuição de água,MAI,148.2,cife2026_MATERIAIS.xls
2026,M53,Tubagem e acessórios para redes prediais de distribuição de água,JUN,150.7,cife2026_MATERIAIS.xls
2026,M53,Tubagem e acessórios para redes prediais de distribuição de água,JUL,151.1,cife2026_MATERIAIS.xls
2026,M53,Tubagem e acessórios para redes prediais de distribuição de água,AGO,,cife2026_MATERIAIS.xls
2026,M53,Tubagem e acessórios para redes prediais de distribuição de água,SET,,cife2026_MATERIAIS.xls
2026,M53,Tubagem e acessórios para redes prediais de distribuição de água,OUT,,cife2026_MATERIAIS.xls
2026,M53,Tubagem e acessórios para redes prediais de distribuição de água,NOV,,cife2026_MATERIAIS.xls
2026,M53,Tubagem e acessórios para redes prediais de distribuição de água,DEZ,,cife2026_MATERIAIS.xls
2026,M54,Produtos com base em ligantes minerais pré-doseados para  revestimentos,JAN,132.7,cife2026_MATERIAIS.xls
2026,M54,Produtos com base em ligantes minerais pré-doseados para  revestimentos,FEV,135.9,cife2026_MATERIAIS.xls
2026,M54,Produtos com base em ligantes minerais pré-doseados para  revestimentos,MAR,137.7,cife2026_MATERIAIS.xls
2026,M54,Produtos com base em ligantes minerais pré-doseados para  revestimentos,ABR,137.3,cife2026_MATERIAIS.xls
2026,M54,Produtos com base em ligantes minerais pré-doseados para  revestimentos,MAI,138.5,cife2026_MATERIAIS.xls
2026,M54,Produtos com base em ligantes minerais pré-doseados para  revestimentos,JUN,140.7,cife2026_MATERIAIS.xls
2026,M54,Produtos com base em ligantes minerais pré-doseados para  revestimentos,JUL,140.7,cife2026_MATERIAIS.xls
2026,M54,Produtos com base em ligantes minerais pré-doseados para  revestimentos,AGO,,cife2026_MATERIAIS.xls
2026,M54,Produtos com base em ligantes minerais pré-doseados para  revestimentos,SET,,cife2026_MATERIAIS.xls
2026,M54,Produtos com base em ligantes minerais pré-doseados para  revestimentos,OUT,,cife2026_MATERIAIS.xls
2026,M54,Produtos com base em ligantes minerais pré-doseados para  revestimentos,NOV,,cife2026_MATERIAIS.xls
2026,M54,Produtos com base em ligantes minerais pré-doseados para  revestimentos,DEZ,,cife2026_MATERIAIS.xls
2026,M55,Chapas e painéis para revestimento de coberturas,JAN,105.5,cife2026_MATERIAIS.xls
2026,M55,Chapas e painéis para revestimento de coberturas,FEV,105.8,cife2026_MATERIAIS.xls
2026,M55,Chapas e painéis para revestimento de coberturas,MAR,107.4,cife2026_MATERIAIS.xls
2026,M55,Chapas e painéis para revestimento de coberturas,ABR,107.6,cife2026_MATERIAIS.xls
2026,M55,Chapas e painéis para revestimento de coberturas,MAI,107.6,cife2026_MATERIAIS.xls
2026,M55,Chapas e painéis para revestimento de coberturas,JUN,107.9,cife2026_MATERIAIS.xls
2026,M55,Chapas e painéis para revestimento de coberturas,JUL,109.6,cife2026_MATERIAIS.xls
2026,M55,Chapas e painéis para revestimento de coberturas,AGO,,cife2026_MATERIAIS.xls
2026,M55,Chapas e painéis para revestimento de coberturas,SET,,cife2026_MATERIAIS.xls
2026,M55,Chapas e painéis para revestimento de coberturas,OUT,,cife2026_MATERIAIS.xls
2026,M55,Chapas e painéis para revestimento de coberturas,NOV,,cife2026_MATERIAIS.xls
2026,M55,Chapas e painéis para revestimento de coberturas,DEZ,,cife2026_MATERIAIS.xls
2026,M56,Sistemas compósitos de isolamento térmico pelo exterior (ETIC),JAN,115.8,cife2026_MATERIAIS.xls
2026,M56,Sistemas compósitos de isolamento térmico pelo exterior (ETIC),FEV,117.0,cife2026_MATERIAIS.xls
2026,M56,Sistemas compósitos de isolamento térmico pelo exterior (ETIC),MAR,117.9,cife2026_MATERIAIS.xls
2026,M56,Sistemas compósitos de isolamento térmico pelo exterior (ETIC),ABR,119.4,cife2026_MATERIAIS.xls
2026,M56,Sistemas compósitos de isolamento térmico pelo exterior (ETIC),MAI,120.0,cife2026_MATERIAIS.xls
2026,M56,Sistemas compósitos de isolamento térmico pelo exterior (ETIC),JUN,120.4,cife2026_MATERIAIS.xls
2026,M56,Sistemas compósitos de isolamento térmico pelo exterior (ETIC),JUL,121.0,cife2026_MATERIAIS.xls
2026,M56,Sistemas compósitos de isolamento térmico pelo exterior (ETIC),AGO,,cife2026_MATERIAIS.xls
2026,M56,Sistemas compósitos de isolamento térmico pelo exterior (ETIC),SET,,cife2026_MATERIAIS.xls
2026,M56,Sistemas compósitos de isolamento térmico pelo exterior (ETIC),OUT,,cife2026_MATERIAIS.xls
2026,M56,Sistemas compósitos de isolamento térmico pelo exterior (ETIC),NOV,,cife2026_MATERIAIS.xls
2026,M56,Sistemas compósitos de isolamento térmico pelo exterior (ETIC),DEZ,,cife2026_MATERIAIS.xls
2026,M57,Isolamentos térmicos e acústicos,JAN,167.0,cife2026_MATERIAIS.xls
2026,M57,Isolamentos térmicos e acústicos,FEV,166.4,cife2026_MATERIAIS.xls
2026,M57,Isolamentos térmicos e acústicos,MAR,180.1,cife2026_MATERIAIS.xls
2026,M57,Isolamentos térmicos e acústicos,ABR,188.6,cife2026_MATERIAIS.xls
2026,M57,Isolamentos térmicos e acústicos,MAI,199.8,cife2026_MATERIAIS.xls
2026,M57,Isolamentos térmicos e acústicos,JUN,201.1,cife2026_MATERIAIS.xls
2026,M57,Isolamentos térmicos e acústicos,JUL,202.0,cife2026_MATERIAIS.xls
2026,M57,Isolamentos térmicos e acústicos,AGO,,cife2026_MATERIAIS.xls
2026,M57,Isolamentos térmicos e acústicos,SET,,cife2026_MATERIAIS.xls
2026,M57,Isolamentos térmicos e acústicos,OUT,,cife2026_MATERIAIS.xls
2026,M57,Isolamentos térmicos e acústicos,NOV,,cife2026_MATERIAIS.xls
2026,M57,Isolamentos térmicos e acústicos,DEZ,,cife2026_MATERIAIS.xls
2026,M58,Janelas e portas de alumínio e PVC,JAN,118.6,cife2026_MATERIAIS.xls
2026,M58,Janelas e portas de alumínio e PVC,FEV,118.6,cife2026_MATERIAIS.xls
2026,M58,Janelas e portas de alumínio e PVC,MAR,119.6,cife2026_MATERIAIS.xls
2026,M58,Janelas e portas de alumínio e PVC,ABR,119.6,cife2026_MATERIAIS.xls
2026,M58,Janelas e portas de alumínio e PVC,MAI,119.6,cife2026_MATERIAIS.xls
2026,M58,Janelas e portas de alumínio e PVC,JUN,119.6,cife2026_MATERIAIS.xls
2026,M58,Janelas e portas de alumínio e PVC,JUL,119.6,cife2026_MATERIAIS.xls
2026,M58,Janelas e portas de alumínio e PVC,AGO,,cife2026_MATERIAIS.xls
2026,M58,Janelas e portas de alumínio e PVC,SET,,cife2026_MATERIAIS.xls
2026,M58,Janelas e portas de alumínio e PVC,OUT,,cife2026_MATERIAIS.xls
2026,M58,Janelas e portas de alumínio e PVC,NOV,,cife2026_MATERIAIS.xls
2026,M58,Janelas e portas de alumínio e PVC,DEZ,,cife2026_MATERIAIS.xls
2026,M59,"Tubagens de abastecimento de água em ""alta"" (1)",JAN,99.7,cife2026_MATERIAIS.xls
2026,M59,"Tubagens de abastecimento de água em ""alta"" (1)",FEV,99.7,cife2026_MATERIAIS.xls
2026,M59,"Tubagens de abastecimento de água em ""alta"" (1)",MAR,99.9,cife2026_MATERIAIS.xls
2026,M59,"Tubagens de abastecimento de água em ""alta"" (1)",ABR,102.3,cife2026_MATERIAIS.xls
2026,M59,"Tubagens de abastecimento de água em ""alta"" (1)",MAI,106.7,cife2026_MATERIAIS.xls
2026,M59,"Tubagens de abastecimento de água em ""alta"" (1)",JUN,107.0,cife2026_MATERIAIS.xls
2026,M59,"Tubagens de abastecimento de água em ""alta"" (1)",JUL,106.8,cife2026_MATERIAIS.xls
2026,M59,"Tubagens de abastecimento de água em ""alta"" (1)",AGO,,cife2026_MATERIAIS.xls
2026,M59,"Tubagens de abastecimento de água em ""alta"" (1)",SET,,cife2026_MATERIAIS.xls
2026,M59,"Tubagens de abastecimento de água em ""alta"" (1)",OUT,,cife2026_MATERIAIS.xls
2026,M59,"Tubagens de abastecimento de água em ""alta"" (1)",NOV,,cife2026_MATERIAIS.xls
2026,M59,"Tubagens de abastecimento de água em ""alta"" (1)",DEZ,,cife2026_MATERIAIS.xls
2026,M60,Janelas e portas de PVC,JAN,102.6,cife2026_MATERIAIS.xls
2026,M60,Janelas e portas de PVC,FEV,102.6,cife2026_MATERIAIS.xls
2026,M60,Janelas e portas de PVC,MAR,102.6,cife2026_MATERIAIS.xls
2026,M60,Janelas e portas de PVC,ABR,102.6,cife2026_MATERIAIS.xls
2026,M60,Janelas e portas de PVC,MAI,102.6,cife2026_MATERIAIS.xls
2026,M60,Janelas e portas de PVC,JUN,102.6,cife2026_MATERIAIS.xls
2026,M60,Janelas e portas de PVC,JUL,102.6,cife2026_MATERIAIS.xls
2026,M60,Janelas e portas de PVC,AGO,,cife2026_MATERIAIS.xls
2026,M60,Janelas e portas de PVC,SET,,cife2026_MATERIAIS.xls
2026,M60,Janelas e portas de PVC,OUT,,cife2026_MATERIAIS.xls
2026,M60,Janelas e portas de PVC,NOV,,cife2026_MATERIAIS.xls
2026,M60,Janelas e portas de PVC,DEZ,,cife2026_MATERIAIS.xls
